{"type":"FeatureCollection","features":[{"type":"Feature","geometry":{"type":"LineString","coordinates":[[116.70160476140715,-8.917151184175419],[116.69736410388053,-8.9231388161943],[116.69295108341149,-8.931147567357112],[116.69044934208765,-8.939924729518571],[116.68769954758473,-8.956498520994217],[116.68721220340807,-8.965224251674064],[116.68861787237746,-8.973852388643285],[116.69185215503047,-8.981986863349807],[116.6967666856348,-8.989254245021051],[116.71167634929014,-9.006871826597056],[116.72149222987578,-9.022869685154792],[116.72471167236725,-9.030775925730412],[116.72866731353362,-9.038184995288121],[116.73407208322217,-9.044640050123723],[116.74069811994752,-9.049868873438456],[116.74826602313108,-9.053650951845299],[116.75645663840653,-9.055826781706214],[116.76399267858284,-9.056252028806353],[116.78161661566355,-9.06911357540762],[116.7876558747099,-9.072774279697189],[116.79423989340384,-9.075361866286062],[116.8163770933883,-9.081953443795522],[116.82368079592229,-9.083433961906172],[116.84147494102673,-9.085411538558393],[116.89363182355707,-9.10219167194786],[116.90549027845996,-9.104187064728722],[116.92730269976482,-9.104674992150338],[116.9355758505149,-9.104036619923901],[116.94242115044399,-9.102816383595083],[116.94917136356585,-9.106382932343223],[116.96336087310743,-9.115688711383015],[116.97772460139134,-9.133073965085954],[116.9834083090653,-9.138723319086996],[116.99009547321417,-9.143174962049983],[116.99753124094954,-9.146259224179023],[117.00543220264471,-9.147858550923454],[117.01349720234819,-9.14791198698614],[117.07506789147132,-9.14235700912376],[117.07907579400762,-9.141798512310057],[117.13458249138333,-9.131299057300781],[117.14280518872418,-9.128845204143289],[117.15033574932285,-9.124765447506752],[117.15684854006761,-9.119236223585187],[117.17101626810762,-9.104412133428006],[117.17308785089197,-9.102071858175327],[117.185583258402,-9.086818851422718],[117.18873458866584,-9.082402838646159],[117.19957787727557,-9.064841817602874],[117.20037133806701,-9.064526763243231],[117.2191093522233,-9.064556598469824],[117.26024162501884,-9.07874490197472],[117.2634836003375,-9.079717639100899],[117.28812495084368,-9.086032771285321],[117.31980324846,-9.097605718133563],[117.32896872289176,-9.09981924419182],[117.33840361616886,-9.099921641856909],[117.39314549563707,-9.094305632536363],[117.40012630989233,-9.092981806211396],[117.48505300466292,-9.069230081983887],[117.51106604907912,-9.062091973510876],[117.51822261792499,-9.059400231770496],[117.52475258038316,-9.055450131570428],[117.53043143043618,-9.05037750060939],[117.53506395092936,-9.044356756536065],[117.53849092457287,-9.037594905479631],[117.54059460311822,-9.03032442083614],[117.54130274726674,-9.022795247820927],[117.54123692086125,-8.418875252567293],[117.5404363944831,-8.41087732912349],[117.53806570172789,-8.40318993131095],[117.53421698153502,-8.396111554490279],[117.53100692590331,-8.39227078697386],[117.53447791376894,-8.388001213778129],[117.53818320171746,-8.381024547608138],[117.54046266488696,-8.373473252242265],[117.54123127403145,-8.365629295515122],[117.5412110718987,-8.173157890452432],[117.54035765139734,-8.164903426108435],[117.53783385442365,-8.156990789335918],[117.53374422844374,-8.149747467302895],[117.52825810117207,-8.143473230504467],[117.5216025639258,-8.13842773253733],[117.5140530707262,-8.134819771048715],[117.50592204241825,-8.132798652962316],[117.49754594654203,-8.132448020115072],[117.4892713858315,-8.133782389934385],[117.48144076861198,-8.13674655389139],[117.475348141184,-8.139788239341906],[117.46548791349363,-8.146668030475631],[117.46137853656167,-8.150540904776577],[117.46225221202661,-8.14677701664516],[117.46253326412773,-8.139051571715084],[117.46133649226145,-8.13141247301557],[117.45870497100155,-8.124134145988819],[117.45473330256345,-8.117478042006113],[117.44956420939877,-8.111683249958862],[117.4433834017599,-8.106957912420176],[117.43641290531222,-8.103471753945117],[117.43587377944068,-8.103319439187706],[117.43370924795694,-8.10189053048868],[117.42660586488245,-8.09891212632273],[117.42245624951677,-8.097610227242788],[117.4121465483524,-8.095758910787492],[117.40107968756523,-8.09518888461303],[117.39180552740105,-8.095749364616369],[117.37870477469767,-8.098028036319231],[117.370867053775,-8.100198891040673],[117.36361310764393,-8.103852192021469],[117.35722590400137,-8.108845445734454],[117.35632355798938,-8.109896250746754],[117.35147459083589,-8.110725220632455],[117.34244239007425,-8.113084923078786],[117.33397421665872,-8.116320561019457],[117.32642698419208,-8.12131275976914],[117.32016690182483,-8.12781932343147],[117.31549777389776,-8.135524568076665],[117.31191614834975,-8.143256275504786],[117.30936634572572,-8.150484401232584],[117.30822620310046,-8.15805675703517],[117.30853597435402,-8.165706536727644],[117.31028482674937,-8.173164190502098],[117.31341121115227,-8.180166923797815],[117.31780502065516,-8.18646796015626],[117.32331146296151,-8.191845241232699],[117.3297365111129,-8.196109256747349],[117.33685374099082,-8.199109727687999],[117.34441231455108,-8.200740906466358],[117.34770698810813,-8.200828004475703],[117.35118432125265,-8.202138704204675],[117.35891705698538,-8.204335872173896],[117.36564517849126,-8.205659669776143],[117.37250203580363,-8.20586065299515],[117.38015181497101,-8.205453552860373],[117.38786484938998,-8.204311694156262],[117.39522239511065,-8.201752317399619],[117.40139350232354,-8.198194269912738],[117.40983980010859,-8.195035874839428],[117.4168940791864,-8.192891711175275],[117.42312268380799,-8.190433664899611],[117.4288659977171,-8.187008516885012],[117.43423716486335,-8.183183178136298],[117.4346635266424,-8.182820848292895],[117.43686052542692,-8.181930875305126],[117.44348921327403,-8.17762099841822],[117.4448827826753,-8.176272877638443],[117.44369120680884,-8.179046570882496],[117.4415948179855,-8.18527777526496],[117.44053617203176,-8.191761147861063],[117.43939469024082,-8.20592114354664],[117.43932040227865,-8.211294023881905],[117.4415141132209,-8.2527985819863],[117.44257356184472,-8.260092907372742],[117.44494240531311,-8.267079484116419],[117.4468950936529,-8.271474694647184],[117.45048089490703,-8.277903088890781],[117.45517369137488,-8.283591114061329],[117.45877691212455,-8.286630090383241],[117.45877443723172,-8.310663171812509],[117.45295443217564,-8.318131437450234],[117.44887545326164,-8.324508993229747],[117.44605399469894,-8.331520831267783],[117.44458672798169,-8.338926883902356],[117.44385397137472,-8.34608786527624],[117.4437660367254,-8.353326300667824],[117.44497318121826,-8.360466090062936],[117.4474374417611,-8.36728229145486],[117.44784272135304,-8.367980556446888],[117.44616165715433,-8.367854009005542],[117.43775639685781,-8.368940853877724],[117.42975336885952,-8.371704830543354],[117.42519667545584,-8.373820604535855],[117.41771632711045,-8.378307875911776],[117.41136127262929,-8.384255110510285],[117.40641760586844,-8.391394636216205],[117.40310793280463,-8.399405098730826],[117.40158134106883,-8.407925918926605],[117.4005686583312,-8.422398723996594],[117.4005439575953,-8.4224859680078],[117.37385427502112,-8.411102873996407],[117.34053707731304,-8.386846672125161],[117.33506699580232,-8.383481665940698],[117.30909227960547,-8.370163185434395],[117.29800920301145,-8.362198881732425],[117.28968613955647,-8.357569403246568],[117.27788714645877,-8.352686810369077],[117.27144364347637,-8.350617034821965],[117.26474453490844,-8.349618922386632],[117.23915369565158,-8.347913133554622],[117.2281899579361,-8.333296202480705],[117.2222721817675,-8.326941812060165],[117.21513436265133,-8.321963118324073],[117.20709677153496,-8.318583493413694],[117.1985200167066,-8.316954565204977],[117.18978887682597,-8.317149419379561],[117.18129505372771,-8.319159322180793],[117.16235057916369,-8.325807224103597],[117.13203449219287,-8.332079298832861],[117.12176941100262,-8.335654111447393],[117.0989838479273,-8.347126942470076],[117.09176229403323,-8.35175996313123],[117.0856702692348,-8.357775206927903],[117.08097328101205,-8.364910576490702],[117.07787608506284,-8.372855149770741],[117.07651375263491,-8.381262722046747],[117.07675158348736,-8.385944489703197],[117.07014858143448,-8.389574240353996],[117.06544844050347,-8.39258842198924],[117.05340672520737,-8.401515191844348],[117.05189946538283,-8.394731929980285],[117.04888662440784,-8.387740556092949],[117.0446149897461,-8.381423396298361],[117.03923289799415,-8.375999740799166],[117.03292721011934,-8.371657856346024],[117.02591682422813,-8.36854845528236],[117.01844508009859,-8.366779467862488],[117.01254578960248,-8.36649721569572],[117.01207649417826,-8.366315977355814],[117.00364426861685,-8.364043046344152],[117.00264763116822,-8.363990080261638],[117.00008010130068,-8.362930662791829],[116.99260017831396,-8.361357824182514],[116.98495531651076,-8.361178365152854],[116.97740840654346,-8.362398461609551],[116.9702189755165,-8.36497616122235],[116.96363426989957,-8.368822824186845],[116.95788075869545,-8.373806168328038],[116.95315634804585,-8.379754814334053],[116.95261992626763,-8.380577128358183],[116.94731953784625,-8.380579634401883],[116.93120818371327,-8.382206372034018],[116.92329874090437,-8.383789956370926],[116.91585248025464,-8.38686700691529],[116.90454116106005,-8.392888410125877],[116.90119429419983,-8.395167838128486],[116.88672549488605,-8.39375006800704],[116.87941083266915,-8.393678092968853],[116.87219838727347,-8.394885672292123],[116.84835657721233,-8.401069925805098],[116.84774637741202,-8.401233137453461],[116.82707724786852,-8.40692946162886],[116.81941216560124,-8.409884241648358],[116.81249245359035,-8.414285184363987],[116.80659348391069,-8.419957176701994],[116.8019500419556,-8.426674519421493],[116.79874698151056,-8.43416990223165],[116.7971118609666,-8.44214503588665],[116.79710985475596,-8.450282519201401],[116.79874114435255,-8.458258469481786],[116.80194089503084,-8.465755414051012],[116.8065818218328,-8.47247492967092],[116.81138748656787,-8.477099039022814],[116.8077349834348,-8.480351948520276],[116.80297994009656,-8.486591421441577],[116.79951497626678,-8.49361306942507],[116.79746728800718,-8.501159285446763],[116.79691208990468,-8.508953201062168],[116.79772546851842,-8.540366449762871],[116.78143625666529,-8.543822352362575],[116.77436372733422,-8.545994987736613],[116.76779799822111,-8.54938303243078],[116.7619506686984,-8.553877308660939],[116.75701020616707,-8.559332984740763],[116.7531358729489,-8.565574238924393],[116.71155544788982,-8.648410630752487],[116.70878005042292,-8.655552393178576],[116.70740252693251,-8.663080913855767],[116.70747142194658,-8.670731343835397],[116.70898439779798,-8.6782345295541],[116.71188830485164,-8.685326482523168],[116.7160810404213,-8.691757669417562],[116.72141513251192,-8.69730179535474],[116.72770292348221,-8.70176377073846],[116.73028957920765,-8.703257431864525],[116.72400655769309,-8.728413254456797],[116.7228173203796,-8.737140929315109],[116.72355124785607,-8.74591755757533],[116.72617425807921,-8.754334014104971],[116.7305641890989,-8.761997938003145],[116.73756683469087,-8.771624555202402],[116.74346396537857,-8.778129289505243],[116.75062726501224,-8.78324429622431],[116.75872831207668,-8.786735038837513],[116.7639764351007,-8.787768308733094],[116.76147587432753,-8.788514902975377],[116.7548925852326,-8.791842434892969],[116.74901569048788,-8.796277274455626],[116.74403378460059,-8.801677127915307],[116.72761805006266,-8.823034260008335],[116.70588734380098,-8.844651870520563],[116.70102182515365,-8.850485614931168],[116.69732933232778,-8.857106310050836],[116.69493673966504,-8.864286587363656],[116.69392629574791,-8.871779847094968],[116.69433278888631,-8.879328725262763],[116.69576477432862,-8.888952921418543],[116.69605635207725,-8.890659923211397],[116.70030908760191,-8.912694469165237],[116.70160476140715,-8.917151184175419]]},"properties":{"i":0,"t":1,"color":"#2f6f7e","alpha":0.12,"width":0.45}},{"type":"Feature","geometry":{"type":"LineString","coordinates":[[115.86451571898529,-8.68689110145682],[115.86013862771092,-8.685630121294224],[115.85256966475376,-8.684190664233258],[115.84486196971825,-8.684167606981168],[115.83728436599426,-8.685561754838057],[115.83010114440269,-8.688324484277658],[115.8235628534388,-8.692359437143912],[115.81789756662904,-8.697525878452874],[115.81330293048875,-8.7036436011951],[115.79853047742486,-8.72772329201228],[115.79499227347755,-8.735047264756238],[115.79299097490527,-8.742918637502198],[115.78986375245356,-8.763856338248965],[115.78959731163091,-8.76604975488319],[115.78753693119903,-8.78802356659981],[115.78783691270675,-8.7979652944286],[115.79056263651198,-8.807539779311186],[115.80118456782284,-8.832611836367972],[115.8051979259679,-8.83989934868557],[115.81062064536742,-8.846233685629064],[115.8172284257402,-8.851352765981945],[115.82474790026482,-8.855044780447821],[115.83286794824939,-8.857156961976033],[115.85371772323744,-8.860386709778165],[115.90803925664385,-8.890492264363978],[115.91401987327251,-8.893211474214691],[115.92036196505481,-8.894956860016286],[115.93647763598337,-8.89804915784881],[115.94457830696004,-8.898796529084391],[115.95266999101008,-8.897959882553002],[115.9554152674273,-8.89740167845159],[115.9574254148557,-8.903122599419804],[115.96129732862667,-8.91117272649093],[115.96699281683364,-8.920287248463879],[115.9714852342677,-8.926200653011039],[115.97698444219992,-8.931215804121399],[115.98439072447236,-8.936832276403777],[115.99487941193146,-8.942610940704173],[116.00464628188762,-8.946273291422472],[116.01185029746989,-8.94825880357602],[116.01929869805423,-8.948928017772925],[116.0299608654712,-8.948927995093177],[116.03709617654995,-8.948314239264311],[116.04401670683356,-8.94649166780285],[116.0505142043277,-8.943515127637186],[116.06084983920081,-8.937654569908279],[116.06620049105388,-8.933856361608614],[116.07315038441911,-8.935226079015981],[116.08666084747773,-8.936528186366496],[116.09604991306138,-8.93637303834317],[116.10516056248316,-8.934126136674399],[116.113521508342,-8.92990371697424],[116.12418302104795,-8.922904080659471],[116.12973387451213,-8.918536141536507],[116.13197758496293,-8.916039644153157],[116.14796380588031,-8.916374064311846],[116.1481891845597,-8.916417165555195],[116.16215365739397,-8.93701869690203],[116.16701720675984,-8.942918055596884],[116.17290526483505,-8.947822588670864],[116.18120667806694,-8.953519080184979],[116.18779887701284,-8.957206686598518],[116.1949621674001,-8.959642568546933],[116.20245540378306,-8.960744724005378],[116.21002632317817,-8.96047605056237],[116.21742004560141,-8.958845595384675],[116.22458270236825,-8.956567345238907],[116.23106644061644,-8.953883928947164],[116.23108674610835,-8.953871151095523],[116.23241852428514,-8.954612549176028],[116.23827800591856,-8.957216790869953],[116.24589885440821,-8.959755427011618],[116.2538733108096,-8.960786685776412],[116.261898819163,-8.960271443332296],[116.27899060036948,-8.957504099570738],[116.28754727271932,-8.955162902383897],[116.31395229153915,-8.944806047711646],[116.31528182889062,-8.946926356927207],[116.31926870274246,-8.951809690046462],[116.32555903423388,-8.958009766237726],[116.33304666156056,-8.962736936805303],[116.34138482146264,-8.965772260363023],[116.35018732371589,-8.966975152075662],[116.35201054362022,-8.966834142980074],[116.35220181175907,-8.96732539688615],[116.35632418058532,-8.973872039548155],[116.36162009271621,-8.979535616885515],[116.36790037953799,-8.984113778923875],[116.37494067625097,-8.987442950204992],[116.38885795303774,-8.99248941793321],[116.39664201662225,-8.994487763125264],[116.40467056759611,-8.99495799529999],[116.41263903952441,-8.993882279395143],[116.42024514859362,-8.991301425936648],[116.42720037140221,-8.987313340958208],[116.43324089811459,-8.98206930826656],[116.43813764387065,-8.975768245774454],[116.44170493774752,-8.96864915470719],[116.44380755957035,-8.96098204912268],[116.44383512314653,-8.960590823294568],[116.44670266036073,-8.960870652167134],[116.4756918368671,-8.960807532444937],[116.48399854751166,-8.959954891046355],[116.49196152509255,-8.957468652725431],[116.49925500087978,-8.953450537035241],[116.5159366190797,-8.941931505632677],[116.51690459283915,-8.942182180248142],[116.52368047323876,-8.94279581130358],[116.53046630396723,-8.942301851262105],[116.5717926046463,-8.935877002347299],[116.5796926944529,-8.933841109869931],[116.58703262547455,-8.930309386612496],[116.59352538334191,-8.925419946907255],[116.59891711089993,-8.919363992296965],[116.62242452936495,-8.886993030523772],[116.62643220123086,-8.880162715853102],[116.62903276983185,-8.872697483312027],[116.63012888632984,-8.86487703477882],[116.62967957971685,-8.856994363140343],[116.62770177780877,-8.849344774371959],[116.6242696589622,-8.842214825638441],[116.619511860892,-8.835871593620515],[116.61360665295165,-8.830552674536987],[116.60677525397949,-8.826457289645596],[116.59927354655049,-8.823738828442856],[116.59135664533638,-8.821702937576768],[116.58668731966908,-8.817769745442993],[116.57912025664191,-8.812708463033603],[116.57245051809632,-8.81012739029186],[116.57024266046352,-8.80745148284436],[116.5644118078987,-8.802582472069648],[116.5577735388817,-8.798857560944786],[116.55775822595285,-8.798852356650618],[116.58368454685169,-8.774590793191678],[116.58795352998544,-8.76992789518621],[116.59144643593244,-8.764671892542596],[116.61766834474275,-8.717671492528858],[116.63512882802479,-8.687024651008496],[116.65421093865052,-8.656106990001728],[116.65683781203823,-8.651102053760281],[116.66255038743614,-8.638088389630603],[116.69813284997251,-8.602502275187916],[116.70275251786425,-8.596987305314382],[116.71495860660002,-8.579489293030937],[116.71865190855377,-8.572996155886905],[116.72108914201505,-8.565947111785508],[116.72218907546453,-8.558577309409866],[116.72593171624632,-8.491444509421722],[116.73078551038444,-8.486815892398578],[116.73640615013565,-8.48017966290413],[116.76936251019029,-8.43159293239857],[116.77249131691552,-8.426106366067486],[116.78054695444081,-8.409015671173938],[116.78338535155952,-8.400812667685864],[116.78440684483108,-8.392201543509199],[116.7835654010594,-8.383571377298352],[116.77550462820707,-8.34475438278625],[116.77246219202273,-8.335675003343711],[116.76736637002472,-8.327546217232912],[116.73847551710745,-8.291659605305775],[116.73075089874575,-8.284283081506969],[116.69274855766494,-8.256453348070925],[116.6838554974216,-8.25149563118632],[116.64894541289625,-8.237336870358504],[116.63855319698763,-8.234620202516568],[116.599888024365,-8.229712721719023],[116.59145767146305,-8.227080747569957],[116.57809689430336,-8.217822310890888],[116.57248631819822,-8.214555269718279],[116.55710646907691,-8.207149917525324],[116.55140030754276,-8.204905622972953],[116.54542060686832,-8.203525186452945],[116.50604427103325,-8.197449596778858],[116.44014166216192,-8.17961008051433],[116.41349983165391,-8.165269979512699],[116.4066968506949,-8.162358740518009],[116.39947712176105,-8.160700620807779],[116.39207410483388,-8.160349239628497],[116.37449790677384,-8.161082100742407],[116.36781093799726,-8.161906552271908],[116.36134904005756,-8.16379858988566],[116.27151317557983,-8.19821901578931],[116.26286737142587,-8.202764199105742],[116.24618504463201,-8.214237196862399],[116.24029925888016,-8.219151694121267],[116.15357564569172,-8.306504876807484],[116.14543737728363,-8.312646620428806],[116.11861186659526,-8.327204290380138],[116.1138653255604,-8.3302148898264],[116.09824086756737,-8.341687912046371],[116.09358117652283,-8.345676538021356],[116.08957421838223,-8.350307647738454],[116.08395889820437,-8.357876186001965],[116.08338273620792,-8.358924277601298],[116.08362014858885,-8.35173621281573],[116.08304930632545,-8.343680290135703],[116.08175152273256,-8.335997845798868],[116.07900163789088,-8.328699499375478],[116.07489997820895,-8.322051318953596],[116.06959612897519,-8.316295657871207],[116.06328347495945,-8.31164232424506],[116.05619214875905,-8.308260937650921],[116.04858064409946,-8.30627475072578],[116.04003650640212,-8.304890875415772],[116.03192208100909,-8.304380387914534],[116.02386419223427,-8.30545555895698],[116.01617619901349,-8.308074579023463],[116.00915708909564,-8.312135599324202],[116.00307985998587,-8.317480688946771],[115.99818090642566,-8.323901971799426],[115.99465082614452,-8.331149705625398],[115.99074390138874,-8.341729344123415],[115.98872176221536,-8.349509989779405],[115.98828005432054,-8.357531851151867],[115.98943600686648,-8.365483788115807],[115.99214487668307,-8.373057354005187],[115.99630166945026,-8.379958761642262],[116.0006144603919,-8.385737125393119],[116.00633801531367,-8.39194782367631],[116.01253070496246,-8.39636920574031],[115.99447457334648,-8.421167434470346],[115.99030192931276,-8.42833105412255],[115.9876750883674,-8.43617978523702],[115.98670204384361,-8.444391242849756],[115.98742287099958,-8.452628122221652],[115.9980713136649,-8.508024320627792],[116.00077921276973,-8.516699656193332],[116.00536052114153,-8.524567716131846],[116.01158835276703,-8.531238660860083],[116.0247890593871,-8.54254446806321],[116.03127950189862,-8.580552442692774],[116.02955007857503,-8.63361805128901],[116.02296231452752,-8.664692569210565],[116.02219909756197,-8.670026160266245],[116.01999346528676,-8.699255549321563],[116.01899659495274,-8.699752676697228],[116.01314255856887,-8.703443089087685],[116.0104330532542,-8.702717736085232],[116.00438174116522,-8.702016377914427],[116.00422290604915,-8.702009647657707],[116.00256336135881,-8.701128015805075],[115.99554274840247,-8.69818859394892],[115.98809500503305,-8.696575881758694],[115.9804742836943,-8.696344913612206],[115.97294063458041,-8.697503572630811],[115.96575113997332,-8.700012321717526],[115.95915114931334,-8.703785551315933],[115.9474465482638,-8.711990249888366],[115.94359986737146,-8.713743804889917],[115.94087599322246,-8.713992132441463],[115.9205001601258,-8.712997500336721],[115.92038066363041,-8.712997037025254],[115.91954007365564,-8.711370741302929],[115.91449362742023,-8.703314198640015],[115.90972264476979,-8.69711091466853],[115.903845581152,-8.691917488923307],[115.89707688492484,-8.687923390790079],[115.8896635081521,-8.685274330525331],[115.88187590151769,-8.684066947676417],[115.87399815554518,-8.684345288541],[115.86631764640563,-8.686099200644836],[115.86451571898529,-8.68689110145682]]},"properties":{"i":0,"t":1,"color":"#2f6f7e","alpha":0.12,"width":0.45}},{"type":"Feature","geometry":{"type":"LineString","coordinates":[[113.45883655117792,-7.706423328192343],[113.45876361940873,-8.413792466579741],[113.45966432268679,-8.422280108089243],[113.4623313124071,-8.430396515136412],[113.46664790772844,-8.437786263697818],[113.47242516212066,-8.44412572939773],[113.47941012525288,-8.44913726609548],[113.50660356044489,-8.464633803737593],[113.51463567494417,-8.468143472032905],[113.52323721979934,-8.469891762264742],[113.53690961967234,-8.471194006027245],[113.54681523222548,-8.470954672469215],[113.55977487510471,-8.469084895511106],[113.56500364714205,-8.474060654008332],[113.5713507818976,-8.47902507783522],[113.5795867271835,-8.484037082763779],[113.58877668267054,-8.487014604595227],[113.61347092259987,-8.491940969091],[113.62426353788659,-8.507765872417664],[113.62900894236955,-8.513515808009904],[113.63472969100603,-8.518320134949922],[113.64889018754462,-8.528168027141355],[113.65773932994075,-8.532846199691821],[113.66746927912294,-8.535272917695904],[113.68050809360835,-8.53689445415167],[113.68284358490973,-8.542915127568772],[113.68711282570565,-8.549631954978882],[113.69261658438234,-8.55540446309248],[113.69676762358314,-8.558985753135008],[113.70439604092822,-8.56419909694758],[113.71300978308209,-8.567595740365313],[113.72217344603595,-8.56900397360833],[113.73999732395967,-8.569736178204588],[113.7458211709941,-8.569568115259477],[113.75485512927594,-8.568673084493035],[113.76273681870305,-8.56711395533657],[113.77016304663387,-8.564073173217864],[113.77685181217376,-8.55966620692628],[113.78039861729958,-8.556798969587268],[113.78414861146545,-8.568578193890838],[113.78740786226093,-8.57608845374484],[113.79211625537417,-8.582805433990986],[113.79808479748475,-8.588459410376114],[113.80507386118731,-8.592823331095616],[113.8128028053073,-8.595721940842992],[113.82096124843171,-8.597038824935058],[113.82922154206567,-8.59672108944295],[113.83725194075996,-8.594781488428131],[113.83982353668098,-8.593583551594987],[113.86326968566688,-8.603611313918375],[113.86774794104687,-8.605229636153998],[113.89371125131747,-8.612961566319422],[113.89881278530768,-8.614137236919854],[113.91606651240787,-8.6169856404505],[113.92374292798996,-8.617533193271283],[113.92903211323387,-8.616930256694404],[113.93081336199396,-8.621709573161317],[113.93476592362002,-8.6282322952547],[113.94672815371253,-8.64434626632436],[113.95263399849583,-8.650746341040339],[113.95977421093451,-8.655768957175892],[113.96782666105535,-8.659187483701722],[113.97642802105523,-8.660847661116517],[113.98519016944854,-8.660674568932494],[114.00008474833211,-8.658803461367828],[114.00708199058899,-8.657305334053014],[114.01371190235453,-8.654634054490371],[114.01833606881299,-8.652289558785023],[114.01841976447666,-8.65242114797686],[114.02462093225661,-8.658664529663778],[114.03202673263797,-8.663456693127742],[114.04057228881558,-8.667770133210848],[114.05191061723956,-8.67156556849325],[114.08747716555774,-8.677995434196081],[114.09378068726565,-8.678645595329286],[114.10289666034643,-8.678889672903775],[114.11058105999841,-8.678384629667688],[114.11803668908144,-8.676476819552976],[114.1564621781928,-8.662748455536244],[114.15685714268885,-8.66320090365782],[114.1673550049049,-8.673943691661105],[114.17348115616494,-8.67909682965239],[114.18050254216261,-8.682977032203025],[114.18815228322276,-8.685436797423622],[114.19613959141296,-8.686382615306794],[114.20416083272008,-8.685778526181727],[114.21191108007771,-8.683647489679505],[114.2357571981412,-8.674532687226597],[114.24293596325882,-8.67095867403918],[114.27322650051775,-8.65201189335352],[114.29337925376007,-8.6524938360979],[114.32674795787192,-8.667100013233211],[114.34721281804187,-8.685603605746834],[114.34781131885029,-8.688795205397717],[114.33820763714836,-8.70009140858826],[114.33413675731732,-8.70581118833448],[114.3311140176762,-8.712134148083845],[114.32922830595408,-8.718874462539326],[114.32637876548053,-8.734011100522778],[114.32569431025019,-8.742455787943],[114.3267896282708,-8.750858001284216],[114.32961758685202,-8.758855293486137],[114.33405629451585,-8.766102662050697],[114.33991434257915,-8.772287436428595],[114.34693905155824,-8.777142773614832],[114.35482736844928,-8.780459178398619],[114.37680236468603,-8.787132944313178],[114.38428525864907,-8.788673498740556],[114.39192738251586,-8.788824017886423],[114.44304043948021,-8.78513676416645],[114.45710719430878,-8.787703728363951],[114.54193993949117,-8.816506027434535],[114.54971324219605,-8.818335997033964],[114.55769780550392,-8.818651572552023],[114.59953233474423,-8.816291477161842],[114.60817810906131,-8.814882670134075],[114.6163281296557,-8.81170217082863],[114.62361507224917,-8.806893327263143],[114.6297105445267,-8.800672874732147],[114.65729652504105,-8.76575854896896],[114.66185848931165,-8.75854156184146],[114.6648060309273,-8.750546220313034],[114.66601096779682,-8.742120505142353],[114.66690429906905,-8.717543325370437],[114.66638800739686,-8.709484252125721],[114.66427572625628,-8.701683668549885],[114.66065032585827,-8.694447259278352],[114.65055836991644,-8.67849812773314],[114.64462206232027,-8.671157480951704],[114.63758107427716,-8.664258474783445],[114.63474399955119,-8.658312743048343],[114.63098612523424,-8.651984274105985],[114.62268458165734,-8.64050996471366],[114.61723752844276,-8.634382788891132],[114.61066633426742,-8.629449582394754],[114.60323377044094,-8.625907584707495],[114.55482229884211,-8.608486379990332],[114.53376897574216,-8.594496894291574],[114.5274517737974,-8.591050477658014],[114.5206239722254,-8.588744844523331],[114.50792918341178,-8.585652208532204],[114.49941310954331,-8.58448947664733],[114.48619663535123,-8.584059856270393],[114.4839674469863,-8.583230719877005],[114.47792634678382,-8.577313755810307],[114.47055083888455,-8.56536051949749],[114.46749935699023,-8.556246436314597],[114.4686563822186,-8.497637423549904],[114.46831157680356,-8.491518864391804],[114.46407722924462,-8.459699166918384],[114.46202154869582,-8.451286709710827],[114.45821782180796,-8.44349256994229],[114.4528373651381,-8.436667581810369],[114.43525916424103,-8.41868389065308],[114.42908038799462,-8.413495555601004],[114.42199518131696,-8.409602776758897],[114.41427719837365,-8.407155889740494],[114.4062245088557,-8.406249386890591],[114.40131428135972,-8.406656069649477],[114.40388628515039,-8.394561968059007],[114.40462728391223,-8.389549274720789],[114.40688076420545,-8.362770670569633],[114.43155090463006,-8.23638340599948],[114.43450097469817,-8.241672315288133],[114.51514317355605,-8.357400962137307],[114.51814491581727,-8.361204440044686],[114.54329026632632,-8.38944537492075],[114.54843739574073,-8.394306520084541],[114.5787121377203,-8.418316514323],[114.5844250488106,-8.42211796021602],[114.59069784769736,-8.42492606960175],[114.62520574912031,-8.43705236974996],[114.63215934001033,-8.438838583537539],[114.63932085120818,-8.439403886726657],[114.75211323793926,-8.438541001445316],[114.78360356080442,-8.444512367968862],[114.9063225916686,-8.502885373844379],[114.9273240368353,-8.517082861211046],[114.99456966581205,-8.578820883831167],[115.00085282668327,-8.583565811581913],[115.03441612114753,-8.604197349122003],[115.04422572997522,-8.611813499203237],[115.04692085522706,-8.616905512119837],[115.051361815268,-8.628883280664787],[115.05466865485774,-8.635744535547532],[115.05920566217034,-8.641880138949952],[115.07246936854558,-8.65669317407615],[115.07774656571476,-8.661632000817036],[115.106231400918,-8.68393186611107],[115.11543242358456,-8.689377067071742],[115.12340805145209,-8.692795408486505],[115.12542359715202,-8.693539452556404],[115.13497206697103,-8.713785572779958],[115.13791344617913,-8.718990717036473],[115.14100634096675,-8.723631067461458],[115.1432729682653,-8.728224458014434],[115.14232454287419,-8.733401945313638],[115.13591030717005,-8.746181659960104],[115.13329943287548,-8.749236636796269],[115.0968957965247,-8.766701235625149],[115.09042877388703,-8.770562989976366],[115.06975963828626,-8.78561771128737],[115.06373979395764,-8.790978328909182],[115.0588954633873,-8.797397813328864],[115.0554133650635,-8.804628816069629],[115.05342775428916,-8.81239270596735],[115.05301523989228,-8.820390301208853],[115.05374557010916,-8.835608351728865],[115.05486193086655,-8.843289094648325],[115.05743008513453,-8.850621950252702],[115.06135717827952,-8.857341556710887],[115.0665011574633,-8.863204730868619],[115.07267590495357,-8.86799927310071],[115.09115086664379,-8.879719341657658],[115.09693802121043,-8.882777775936194],[115.10314267072509,-8.884891422072718],[115.12422173053908,-8.890263007362227],[115.13259886401207,-8.891510587004243],[115.15546934566483,-8.892568732784145],[115.15970936683121,-8.89254942218868],[115.18323092222103,-8.891246314420183],[115.19071302903231,-8.89014577884804],[115.20487444727911,-8.886728440178379],[115.21039112380625,-8.884983790204815],[115.22854068275419,-8.877821096079751],[115.23499996284113,-8.874596886857915],[115.25078887852598,-8.864912017061],[115.25829156990196,-8.859014912569435],[115.26421520236728,-8.851566906319274],[115.27072459871326,-8.841068315212759],[115.27380957815556,-8.835014604558326],[115.27583748553639,-8.828539702271883],[115.27675238539612,-8.821822381559972],[115.27918819869477,-8.774296078041656],[115.27894171982292,-8.767329077100678],[115.27749857396415,-8.76050529877572],[115.27428382831205,-8.749919797761901],[115.27828182592525,-8.747538757912071],[115.2838088069728,-8.742739793263217],[115.29870071216408,-8.72727565982956],[115.30514957421958,-8.718480892054748],[115.32477606604603,-8.682421576369045],[115.3497067488868,-8.655001742149588],[115.38263804172371,-8.633650681763653],[115.51290672282583,-8.586764800072201],[115.51931481089694,-8.583820171103289],[115.52512057502943,-8.579837330047102],[115.54229201226818,-8.565757186333718],[115.5479592809346,-8.560100080291376],[115.55240699501798,-8.553461965644082],[115.5554657096395,-8.546095834910146],[115.55556647075296,-8.545764191704675],[115.60801932391809,-8.541742271033264],[115.61623492629118,-8.540273674007622],[115.6239831211095,-8.537199091164482],[115.63094643948779,-8.532644504406987],[115.64160772165987,-8.524017800028826],[115.645821408582,-8.520088516252201],[115.66605770615074,-8.49836620653951],[115.67929299933382,-8.49070353601978],[115.6845507194761,-8.487089784295282],[115.71677756322757,-8.461045659215738],[115.7201171483682,-8.458029729880066],[115.73037110677238,-8.447693970210278],[115.73645432288332,-8.439851941201562],[115.74045183294022,-8.430792759886213],[115.75371273854367,-8.386846477886712],[115.75521171451763,-8.379421352528464],[115.75529774774198,-8.371850064117108],[115.7539679556236,-8.364393471291338],[115.75126823062632,-8.357308466360772],[115.74729164871054,-8.350839126434384],[115.72417851537098,-8.320079055421099],[115.71962440839846,-8.31497078219271],[115.71427484387465,-8.31068350740955],[115.67801127931438,-8.286279559648152],[115.64926239023741,-8.260687558990602],[115.5973540813385,-8.19619815524287],[115.59295956861907,-8.191536919740857],[115.56317494214906,-8.164520988064307],[115.55838890755128,-8.160784567818],[115.52551243898714,-8.138813455688643],[115.51848630776834,-8.13504301047241],[115.35394803923279,-8.066202613977103],[115.34634102662056,-8.063846559913529],[115.28397993993919,-8.050919585445184],[115.27480325694563,-8.045510649329774],[115.26066656281833,-8.035163752048605],[115.25191675466286,-8.03026853599324],[115.23124735163732,-8.02180636044531],[115.22351831134658,-8.019489786686854],[115.20114144902134,-8.01509525651276],[115.19262358178068,-8.014318655443295],[115.17236164568446,-8.014562656324921],[115.16350359334771,-8.01562600540199],[115.15508448311749,-8.01855299728692],[115.11814114972735,-8.036048404701086],[115.11230354944773,-8.039420973803383],[115.10710130760465,-8.043693180378908],[115.0365417665127,-8.11203587356287],[115.005543077967,-8.134460886459756],[114.9802131893367,-8.139634943803545],[114.89299238016666,-8.13947925730906],[114.88572713072764,-8.140104224446718],[114.87868690551475,-8.141987066766646],[114.85730862843884,-8.149770329234991],[114.70514794824196,-8.096564465856376],[114.70026865802961,-8.095185244436433],[114.68195937631063,-8.09119770382249],[114.67715897162327,-8.090442707080795],[114.64115476406712,-8.086917399376823],[114.63065700750316,-8.084293212718082],[114.62213264954516,-8.077968845297837],[114.61466723767313,-8.073563811388992],[114.60643479906159,-8.070806927827727],[114.59780152621842,-8.069820816928196],[114.58915142349352,-8.070649336044736],[114.58086924138676,-8.073255629266868],[114.57332337812355,-8.07752376600795],[114.55930947739564,-8.087527342293686],[114.55188228700621,-8.076736947599604],[114.5472963762811,-8.071192038489384],[114.54180121737973,-8.066527208589346],[114.52869968841148,-8.057250009441246],[114.52178792289777,-8.053296699848373],[114.51423606484259,-8.050737053691707],[114.5063275219328,-8.049667122886397],[114.48305488638628,-8.048772310036355],[114.47953320215399,-8.049041307459026],[114.48637085222776,-8.025556710121645],[114.48798057184547,-8.014667946530432],[114.4884636901424,-7.966979695272995],[114.487175627891,-7.956441544154785],[114.48538497342587,-7.949523694310006],[114.48371862257152,-7.944477362508012],[114.48174927064599,-7.939610962651396],[114.48167168323849,-7.93931724521962],[114.49115175114325,-7.925849285595284],[114.49595642719373,-7.916770906896644],[114.49880482849726,-7.909202609969852],[114.50096139578957,-7.900882921389141],[114.50722329911827,-7.858646121808175],[114.50763199923716,-7.854228877932316],[114.50844381244403,-7.832499705578966],[114.50806641663094,-7.825280241222443],[114.50640851469518,-7.818240082064855],[114.49932663626802,-7.796919688069919],[114.49559745098813,-7.788807661048034],[114.49017900098377,-7.7816916771193485],[114.47593679046592,-7.766718720649594],[114.47121594102425,-7.762469062862527],[114.46588938599415,-7.758992769556258],[114.43034636760946,-7.739525510532485],[114.41571724636066,-7.727101848356686],[114.40747220786268,-7.721655601623932],[114.39965969226714,-7.717748980355768],[114.39234962726788,-7.714923400404648],[114.38463146884828,-7.713523386569368],[114.37315858634547,-7.712547537297481],[114.36750100173376,-7.712452980241783],[114.34824743462941,-7.71344382077201],[114.34276307623648,-7.712964121120594],[114.33578157898233,-7.708535203548719],[114.3023172418515,-7.676268087405053],[114.2951725438328,-7.670755177762895],[114.28698465998825,-7.666923552251407],[114.27193085201617,-7.6617971076755165],[114.26257500585177,-7.659777794110249],[114.25300172927082,-7.659955178394075],[114.23127484790847,-7.662884990772098],[114.22619082840525,-7.663897105445192],[114.19112367370234,-7.673187678779278],[114.18068136381122,-7.672901679933521],[114.1621745866834,-7.665565498211606],[114.14689789119126,-7.652358463282381],[114.1096364020398,-7.605537064566141],[114.10448252208366,-7.600150614672812],[114.09842928265395,-7.595778968692327],[114.066692811652,-7.576981705170188],[114.05978773426216,-7.573712823668483],[114.05239167513562,-7.571767443347786],[114.04476030284506,-7.571212806043942],[114.03715741152762,-7.5720680791374],[114.00770018941493,-7.578171638658674],[114.00114873804748,-7.5801036665658135],[113.99501037584749,-7.583083908154915],[113.98945443608932,-7.587030152681374],[113.92345675364102,-7.642668419324698],[113.92034213343669,-7.643921360828603],[113.90993042682247,-7.645046656487281],[113.89495035565598,-7.643063588386223],[113.88181520515238,-7.6390315468660965],[113.87235031000027,-7.637293653621745],[113.85745875604222,-7.636317850689736],[113.84995202806728,-7.6365061162360055],[113.8426048841588,-7.638042793571835],[113.83566183762223,-7.64087673811899],[113.81808506485467,-7.64998999393827],[113.81131179618268,-7.654393180563288],[113.80554003704349,-7.660025808917812],[113.78694478905233,-7.682148051554552],[113.78403340561071,-7.6847046076072445],[113.78385428524236,-7.6847499932304215],[113.7733627328131,-7.683144721878441],[113.73717697430173,-7.6699798768769645],[113.72591483139239,-7.667583132286916],[113.70288706728309,-7.665955463015164],[113.6959478504077,-7.666045943227609],[113.68912272611975,-7.667290290644015],[113.68009055897689,-7.669732110196156],[113.67400735496217,-7.6718979418335405],[113.65872638384404,-7.678723965692961],[113.6583336291158,-7.6787951288886],[113.53480439099592,-7.66005790911598],[113.5287611954844,-7.659587756077635],[113.52271396966289,-7.660002139757253],[113.498709325322,-7.663419983080079],[113.49103286034958,-7.665271814370507],[113.48385501795147,-7.668542851951231],[113.4792873138197,-7.671177641546422],[113.47236632817649,-7.676193988634112],[113.46664459229645,-7.682522515382232],[113.46237047636832,-7.689888570593834],[113.45972955645735,-7.697972462762739],[113.45883655117792,-7.706423328192343]]},"properties":{"i":0,"t":1,"color":"#2f6f7e","alpha":0.12,"width":0.45}},{"type":"Feature","geometry":{"type":"LineString","coordinates":[[115.53163077297656,-8.629734492474974],[115.52928102419303,-8.630900518720127],[115.52578223434345,-8.63019973383797],[115.51842041327441,-8.62939571860696],[115.51103180855036,-8.629905827597888],[115.50385444120215,-8.63171362785265],[115.49711953364331,-8.634760881159245],[115.4910440670337,-8.63894941851854],[115.48046432229212,-8.647737705674661],[115.47456326282368,-8.653765846823012],[115.43891780339027,-8.698603906492389],[115.43543735627907,-8.703738993585361],[115.43278166181715,-8.709334915223495],[115.42968796049175,-8.717390610283541],[115.42765885718602,-8.724615847326985],[115.42700196821957,-8.732086127488765],[115.42773956978358,-8.73954904167752],[115.42984681895247,-8.74675241513651],[115.43325258235318,-8.753452829255329],[115.43784183040016,-8.75942384934243],[115.44345951745517,-8.764463679975126],[115.44980775389789,-8.769184081485713],[115.45615023408575,-8.773066137421896],[115.46309628182964,-8.775756314467447],[115.4648398643009,-8.776257384253652],[115.47330415924793,-8.786589400871119],[115.48181398733166,-8.794407918409183],[115.53723653908992,-8.832497248286149],[115.5428777859511,-8.83575135525485],[115.54896793793216,-8.838085353501887],[115.57704660193892,-8.846387194999453],[115.5848043132837,-8.84789942660508],[115.59271151927109,-8.847922292130537],[115.60047804314658,-8.846454952774755],[115.60781887592543,-8.84355125632012],[115.61446464483616,-8.839317759188882],[115.62017150530222,-8.833909812718456],[115.63745528444346,-8.814054510093497],[115.65388198916563,-8.79725999302734],[115.65919690028204,-8.790543349254227],[115.66298269539423,-8.782881505054785],[115.6650740456694,-8.774609255927864],[115.66537968520664,-8.766088047479958],[115.66388638006649,-8.757690179079983],[115.65541056608322,-8.728409050240431],[115.65211131170133,-8.72036641014695],[115.64716563387057,-8.713195586958236],[115.63393309701523,-8.697820210164247],[115.62787552994118,-8.681566476029076],[115.62343181372971,-8.672955505098221],[115.60736764755826,-8.649260907812979],[115.60262157807804,-8.643480205376973],[115.59689196437098,-8.638648527459866],[115.5903696597758,-8.634926789839573],[115.58327189685738,-8.632438938519138],[115.56032512721485,-8.626661525832878],[115.55305765662365,-8.625501487415523],[115.54569736421307,-8.625636684701409],[115.53847848882074,-8.627062815205248],[115.53163077297656,-8.629734492474974]]},"properties":{"i":0,"t":1,"color":"#2f6f7e","alpha":0.12,"width":0.45}},{"type":"Feature","geometry":{"type":"MultiLineString","coordinates":[[[116.76584299462806,-9.050099999097373],[116.78524785679903,-9.064261244960054],[116.79039371955527,-9.067380405428267],[116.79600373322793,-9.069585198344889],[116.81814060740405,-9.076176690296782],[116.8243638243765,-9.07743819016181],[116.84277617655727,-9.079484472155931],[116.89552408038607,-9.09645482653517],[116.90562823281871,-9.098155035663112],[116.92744029545752,-9.098642973811412],[116.93448954076979,-9.098099046332164],[116.94342825622077,-9.096505622552874],[116.9523103275858,-9.101198583893515],[116.96751189800102,-9.111168032424606],[116.9824601059952,-9.129260509346002],[116.9873030551212,-9.134074137880718],[116.99300098351364,-9.137867231077346],[116.99933674420056,-9.140495224502462],[117.00606886304061,-9.141857957867087],[117.01294074811923,-9.141903494953667],[117.07451044639365,-9.13634866187065],[117.07792543291244,-9.135872790441324],[117.13343128638543,-9.125373550893592],[117.14043755897708,-9.123282717723463],[117.1468541155365,-9.119806504718417],[117.15240350164352,-9.115095240059645],[117.16657127011699,-9.100271311231305],[117.16833642598691,-9.098277237949212],[117.18083192138604,-9.08302438015034],[117.18351712640616,-9.079261631770404],[117.1954161768507,-9.059991141623891],[117.19919293121836,-9.058491542183008],[117.22015015019738,-9.058524936604485],[117.26225595075391,-9.073049145850058],[117.26501832118491,-9.073877982321287],[117.28995682332588,-9.080269281149368],[117.32192295906567,-9.091947416135396],[117.3297325253286,-9.093833488667853],[117.33777164620601,-9.09392074672303],[117.3925126547555,-9.088304886836404],[117.3984607541092,-9.087176909346201],[117.48340125060842,-9.063421446271308],[117.50942893360674,-9.05627935960413],[117.51552680462554,-9.053985829238737],[117.52109079188604,-9.050620090278587],[117.52592960465984,-9.04629787161333],[117.52987690330464,-9.041167783385898],[117.53279701751455,-9.03540620424788],[117.53458960716699,-9.029211214419204],[117.53519310595414,-9.022795783625021],[117.53513701674363,-8.418875041180954],[117.53445501029428,-8.412060178858239],[117.53243508247566,-8.405509890306353],[117.52915572983078,-8.399478522070668],[117.52474433545689,-8.3942002610977],[117.5223263662973,-8.392255771955332],[117.52512326307011,-8.389925628543867],[117.52937756205714,-8.384692640158033],[117.53253481765472,-8.378748023898838],[117.53447718710525,-8.372313763044202],[117.53513220530483,-8.365630112627809],[117.53511499151763,-8.173158469456585],[117.53438791610543,-8.166125013802928],[117.53223753123503,-8.159382802771535],[117.52875290571235,-8.153210886782],[117.52407831171877,-8.147864701543813],[117.5184072473841,-8.143565500757997],[117.51197442666087,-8.140491204163267],[117.50504606816722,-8.138769038721392],[117.49790888426625,-8.13847027660914],[117.49085822475443,-8.13960728713762],[117.48418586405961,-8.14213302429588],[117.47809318157056,-8.145174756227519],[117.46969147143072,-8.15103694228215],[117.4626114458674,-8.15770951151094],[117.45796268268634,-8.163085166137245],[117.45451029187832,-8.169281201891186],[117.44930141434936,-8.181406844775141],[117.44751520321064,-8.18671632886809],[117.44661323945466,-8.19224066643951],[117.44547197680407,-8.206400662920768],[117.44540874845625,-8.21097876430237],[117.44760309395664,-8.252483240315708],[117.44850591633354,-8.258698543897355],[117.45052442541133,-8.264651607735269],[117.4524771599221,-8.26904678714891],[117.45553258267107,-8.274524227089572],[117.45953121697148,-8.279370811856111],[117.46434347144174,-8.283429433807077],[117.46487501711445,-8.283734485871788],[117.46487247861893,-8.31271892942322],[117.45778408416179,-8.321815001002166],[117.45430853122419,-8.327249208755296],[117.45190451014855,-8.333223860644011],[117.45065438192483,-8.339534396744526],[117.44992173720478,-8.346695380952502],[117.44984690633315,-8.352863076519041],[117.45087557442952,-8.358946701909128],[117.45297538295003,-8.364754592075307],[117.45608021901096,-8.37010376123468],[117.46058297352128,-8.37647543274535],[117.4604665120877,-8.376414309329109],[117.45352858432014,-8.374426937906453],[117.44632643836256,-8.373884844553826],[117.4391644070677,-8.374810941914099],[117.43234513202033,-8.37716610264363],[117.4277883933092,-8.37928191003274],[117.42141451781775,-8.383105463458369],[117.41599952661605,-8.388173020311964],[117.41178719324299,-8.394256493278753],[117.40896718628963,-8.401082054991504],[117.40766652420956,-8.408342458382558],[117.40661098862688,-8.423431097709342],[117.4051684339947,-8.428526500623521],[117.4039732252566,-8.430518307042242],[117.3707993818331,-8.416370050361966],[117.33692116645966,-8.391705339836095],[117.33226019481687,-8.388838061723506],[117.30587837640111,-8.375310800895875],[117.29442448417818,-8.367080001574536],[117.28733252377806,-8.363135282748555],[117.27553338188345,-8.358252629733444],[117.2700429478895,-8.35648900142295],[117.26433470714674,-8.355638525991578],[117.2359339697642,-8.353745367688273],[117.22329232046394,-8.336891310156828],[117.21824992329995,-8.331476825504096],[117.2121679087849,-8.327234546150107],[117.20531918043174,-8.324354811253315],[117.19801101917025,-8.322966825651338],[117.1905713051898,-8.323132866402702],[117.1833338186027,-8.324845489893782],[117.16400158714218,-8.331629483463187],[117.13328260249216,-8.337984965203406],[117.12453586165644,-8.341031030555532],[117.10175008621378,-8.352504034316762],[117.09559672930344,-8.356451776805407],[117.09040586413319,-8.361577281363711],[117.08640372229497,-8.367657211338122],[117.08376476241635,-8.374426628998682],[117.08260406035923,-8.381590535799095],[117.08297228276024,-8.388836724755047],[117.08311035045871,-8.389351423837317],[117.07311143888901,-8.394848046310791],[117.0691065325936,-8.397416395220768],[117.04834546299993,-8.412806680888774],[117.04822783634118,-8.408754215483219],[117.04749532603101,-8.40289531031673],[117.04609000959144,-8.396570419050802],[117.0435229038219,-8.39061319246638],[117.03988317669072,-8.385230439717866],[117.03529721785291,-8.380609019530992],[117.0299242477869,-8.376909356480143],[117.02395079008242,-8.37425987517175],[117.01758419874201,-8.372752545019383],[117.01117825654713,-8.372446044493405],[117.00985846690716,-8.371936353804552],[117.00267346226508,-8.369999619387281],[117.00125402426836,-8.369924181839043],[116.99826430483759,-8.368690567553863],[116.99189074306858,-8.36735037362839],[116.9853766343377,-8.367197464211088],[116.97894599531887,-8.36823710117865],[116.9728199757023,-8.370433535037186],[116.96720925843003,-8.373711232954447],[116.9623068183851,-8.37795747408818],[116.9582812878287,-8.383026223325862],[116.95585643225046,-8.386743482952877],[116.9550426288229,-8.386578588850814],[116.9479390236148,-8.386581980713355],[116.93182742637288,-8.388208757118303],[116.92508787948104,-8.389558118128807],[116.9187430243461,-8.392180042419124],[116.90743160452294,-8.39820153381798],[116.90275854504355,-8.401384180590918],[116.88612413755575,-8.399754267074488],[116.87989138832782,-8.399692943027507],[116.87374574281833,-8.400721913661542],[116.84990360924623,-8.406906277469252],[116.84938366524979,-8.40704534875978],[116.82871425938568,-8.412741772789015],[116.82218294585464,-8.415259512097194],[116.81628678099786,-8.419009503542961],[116.81126040923532,-8.42384252935817],[116.8073038853658,-8.42956626805515],[116.80457471201638,-8.435952943238034],[116.80318156621261,-8.44274838414927],[116.8031799654853,-8.44968213814009],[116.80457004732784,-8.456478233168182],[116.80729655209402,-8.46286616224289],[116.81125101185019,-8.468591652547655],[116.81627605973037,-8.47342679019304],[116.82205733174425,-8.477106314878911],[116.81723527333465,-8.479973244205263],[116.81223304875928,-8.484428293260356],[116.80818142139894,-8.489744850474827],[116.80522907534898,-8.495727870097483],[116.80348438146227,-8.502157845757734],[116.80301141477673,-8.508798861214096],[116.80395496306137,-8.545215674368377],[116.78271635584618,-8.54972179736019],[116.77668994023428,-8.551573080644289],[116.77109538334491,-8.554459996886923],[116.76611299077803,-8.558289512830436],[116.76190335374262,-8.56293821463599],[116.75860217397444,-8.568256282615836],[116.71702269795239,-8.651093208564346],[116.71465792713401,-8.657178567965756],[116.71348427075029,-8.663593457888917],[116.71354307864527,-8.670112204856565],[116.7148323444306,-8.676505470180643],[116.71730676734971,-8.68254831876145],[116.72087933806513,-8.688028134496852],[116.72542439369185,-8.692752103556211],[116.73078203544736,-8.69655400179898],[116.73716523987284,-8.700239909663908],[116.73716718802957,-8.700895360822882],[116.72993348447864,-8.729859579248725],[116.72892028072964,-8.737296237242324],[116.72954576109392,-8.744774582017403],[116.7317808633134,-8.751946010367654],[116.73552147820953,-8.758476207655075],[116.7425241763887,-8.768102733553263],[116.74754899116759,-8.773645207148874],[116.75365262840853,-8.778003531294997],[116.76055525558003,-8.780977872643257],[116.76794037999798,-8.782431852974197],[116.77119084026198,-8.782374431064653],[116.77326461660805,-8.787566277257579],[116.77559684050647,-8.791124745272343],[116.76979003240456,-8.79231033767392],[116.76375857535425,-8.794111201622732],[116.75814905356512,-8.79694655622832],[116.75314146698302,-8.800725427801913],[116.74889651538713,-8.805326565020506],[116.73223606534214,-8.827002435728506],[116.71022011590671,-8.848904097871538],[116.70607434577806,-8.853874944016686],[116.70292811875167,-8.859516323984167],[116.70088953338367,-8.865634496880736],[116.7000286599632,-8.8720193372017],[116.70037512688779,-8.878451549901026],[116.7018072624728,-8.88807571714333],[116.70205573147308,-8.889530208645478],[116.7063088021577,-8.911564674064198],[116.70807896843081,-8.917653119341587],[116.70830222768909,-8.918220161103292],[116.70236894722007,-8.926597932381],[116.69860878908064,-8.933422050473688],[116.69647722477406,-8.940900892443926],[116.69372769559631,-8.957474714939758],[116.6933125625798,-8.96490970733021],[116.69451041421452,-8.972261517733301],[116.69726635651081,-8.979192669637525],[116.7014539548953,-8.985384979373693],[116.71666098707999,-9.003353666643477],[116.72697505320153,-9.020163094241225],[116.73038019135814,-9.028525067976018],[116.73375076267588,-9.034838113419553],[116.73835605743197,-9.040338258310184],[116.74400191732308,-9.044793562521823],[116.7504502768167,-9.048016140782252],[116.75742920428077,-9.049870090869403],[116.76464437615243,-9.050277228688605],[116.76584299462806,-9.050099999097373]],[[116.86657301213269,-8.486201642695976],[116.87251222462592,-8.484332026751755],[116.87910461610419,-8.481572710793234],[116.88551551961669,-8.483537169378572],[116.89250731632984,-8.484232041693476],[116.89885588721212,-8.484232011084513],[116.90575953345473,-8.483554651969412],[116.91523296567121,-8.481677181790715],[116.8817023942442,-8.49254199237236],[116.87727989926775,-8.493346031129503],[116.87492071916957,-8.493234357705767],[116.86657301213269,-8.486201642695976]],[[116.93624651407274,-8.474866524902641],[116.93956249572344,-8.473008818691037],[116.94159880078449,-8.4731315974076],[116.93624651407274,-8.474866524902641]],[[116.97080423385138,-8.463470689123268],[116.9711740424535,-8.463127306924656],[116.97129166754708,-8.46318898254138],[116.97080423385138,-8.463470689123268]]]},"properties":{"i":1,"t":0.9,"color":"#2f6f7e","alpha":0.2594706009365779,"width":0.45045}},{"type":"Feature","geometry":{"type":"LineString","coordinates":[[117.31431319066517,-8.15838175282578],[117.31457723852868,-8.164899940267418],[117.31606748136976,-8.171254404428984],[117.31873146248614,-8.17722122815779],[117.32247535364841,-8.182590144821877],[117.32716725589681,-8.187171950575042],[117.33264184455848,-8.19080517511233],[117.3387061951691,-8.193361775291555],[117.34514658493197,-8.194751650415286],[117.34891794090726,-8.19485134648193],[117.35286700766144,-8.19633986619607],[117.360599634427,-8.198537009275274],[117.3663324248312,-8.199664975337033],[117.37217490351551,-8.199836232335798],[117.37982456725456,-8.19942914702321],[117.38639656924465,-8.19845621777947],[117.3926656879673,-8.196275469994678],[117.39840740310659,-8.19296501141984],[117.39867212593197,-8.192736606707957],[117.39889504140643,-8.192679173399025],[117.4078655919028,-8.189324760469743],[117.41510430317467,-8.187124552075813],[117.42041149314477,-8.18503014283846],[117.42530520201731,-8.182111695608237],[117.43067634444522,-8.178286407010587],[117.43143857100968,-8.177638657608801],[117.4340191788446,-8.176593301797416],[117.43966729542021,-8.17292100644582],[117.4444999510629,-8.16824594830159],[117.44824282636486,-8.163851704422662],[117.45203098110255,-8.158435640686545],[117.45471844132395,-8.152409479297788],[117.45620870180849,-8.145989737576858],[117.456448280759,-8.139407062303944],[117.45542863296039,-8.13289794213631],[117.45318644794887,-8.126696211821407],[117.44980232373815,-8.121024653369485],[117.44539786490736,-8.11608699563667],[117.44013131019744,-8.11206059926906],[117.43419184720346,-8.109090089217199],[117.43329398677793,-8.108836422919447],[117.43081676058395,-8.107201091753286],[117.42476405935163,-8.104663232782308],[117.42061438715768,-8.103361318799028],[117.41182960247373,-8.101783841254704],[117.40076257341865,-8.1012138189638],[117.39286016106824,-8.101691407013693],[117.37975922412834,-8.103970127229003],[117.37308079995685,-8.105819895600758],[117.36689982669446,-8.108932834852112],[117.36145742304369,-8.11318752236395],[117.35944476247604,-8.115531336721721],[117.35904550588083,-8.115530131758518],[117.35302989712044,-8.116558572873096],[117.34399757829514,-8.118918319285727],[117.3367819649709,-8.121675376235125],[117.33035110778192,-8.125929169262069],[117.32501705205853,-8.131473317985348],[117.32103865971797,-8.1380388244367],[117.31745712657936,-8.145770575185464],[117.31528458193951,-8.151929517662644],[117.31431319066517,-8.15838175282578]]},"properties":{"i":1,"t":0.9,"color":"#2f6f7e","alpha":0.2594706009365779,"width":0.45045}},{"type":"Feature","geometry":{"type":"LineString","coordinates":[[115.86491196646797,-8.69329037399775],[115.8584307549574,-8.691423245426607],[115.85198132144687,-8.690196700176688],[115.84541367067901,-8.690177054691517],[115.83895687512504,-8.691364995001605],[115.83283614413601,-8.693719087450726],[115.82726497469245,-8.69715722264947],[115.82243770908137,-8.701559477245997],[115.8185227582924,-8.706772294067227],[115.80375051975314,-8.730852178596471],[115.80073576962467,-8.737092805926311],[115.79903060836327,-8.743799843215884],[115.79590371452204,-8.7647375884524],[115.79567671618086,-8.76660655069891],[115.7936166877752,-8.78858039051092],[115.79387243107614,-8.797051499078766],[115.79619507233438,-8.805209658098928],[115.80681731004205,-8.83028155894983],[115.81023705977793,-8.836491030603282],[115.8148576499377,-8.841888316135895],[115.8204879565484,-8.846250111286526],[115.82689505479148,-8.849395947108578],[115.83381385750884,-8.851195661508914],[115.85574803805086,-8.854593362055805],[115.91102661846388,-8.885229321884845],[115.91612250236464,-8.887546264767796],[115.92152637255735,-8.889033445831089],[115.93764179598928,-8.89212569954093],[115.94454407859598,-8.892762508914899],[115.95143870487115,-8.89204963493476],[115.95942888840273,-8.890424915315473],[115.96319527936626,-8.901143834390538],[115.96649452299204,-8.908003111909233],[115.97219008706351,-8.917117556687897],[115.97601799797171,-8.92215618231399],[115.98070373452813,-8.926429425989394],[115.9881099750685,-8.932045828353303],[115.99704705178713,-8.936969627303368],[116.006813792919,-8.940631926074666],[116.01295207720459,-8.942323710510841],[116.01929858370956,-8.942893925254044],[116.02996057819475,-8.94289390592948],[116.03604031326711,-8.942370949074833],[116.04193705090418,-8.940818003930998],[116.04747335455932,-8.938281801236657],[116.05780889546371,-8.932421326092939],[116.06362657894412,-8.928291598212224],[116.06481546826942,-8.927014930219887],[116.06687872289115,-8.927867593817014],[116.07374339520734,-8.929220528072076],[116.0872536415456,-8.930522619514097],[116.09525371631739,-8.930390426407653],[116.1030165754998,-8.928475925770865],[116.11014066908481,-8.924878152740716],[116.12080210593547,-8.917878610638065],[116.12553183889702,-8.914156838221134],[116.12931411303519,-8.909948456117876],[116.14861326470414,-8.910352244205859],[116.15164585911471,-8.910932188718366],[116.15204633352197,-8.911263063481558],[116.16722892187279,-8.933661360780404],[116.17137305750691,-8.93868801585039],[116.1763901137006,-8.94286700389081],[116.1846914658047,-8.948563422632027],[116.19030846855354,-8.951705504063787],[116.19641205703596,-8.953781033254591],[116.2027967680645,-8.954720142070569],[116.20924766770428,-8.954491218037498],[116.21554759257512,-8.953101969187555],[116.22271015207471,-8.950823756089038],[116.2282347278958,-8.948537314923449],[116.23089223861459,-8.946864983840644],[116.23492476469583,-8.949109907261597],[116.24078417501917,-8.951714113159072],[116.24727763200163,-8.953877195752007],[116.25407237219542,-8.954755896456327],[116.26091061096864,-8.954316880400157],[116.27800212833455,-8.951549587550291],[116.28529296608623,-8.949554741479957],[116.31640716305306,-8.93735060115549],[116.3200365307679,-8.943138588955524],[116.3240234233577,-8.94802187278836],[116.32938326381945,-8.953304753870869],[116.33576324135238,-8.957332613494325],[116.34286789709248,-8.959918906366385],[116.35036818487467,-8.960943849945139],[116.35606117028819,-8.960503515149446],[116.35767064269729,-8.964637192718317],[116.36118326133314,-8.970215385903918],[116.36569578940977,-8.975041135793136],[116.37104704001163,-8.9789420320849],[116.37704584207947,-8.98177870285941],[116.39096292979626,-8.986825101305529],[116.39759544974534,-8.988527821682688],[116.40443627976518,-8.988928492865176],[116.41122592258034,-8.988011918418074],[116.4177068251674,-8.985812869331479],[116.42363315630146,-8.982414763642781],[116.42878013754759,-8.977946499460487],[116.43295257258308,-8.972577562022527],[116.4359922506375,-8.966511591060154],[116.43778394314776,-8.959978653203159],[116.43822539770115,-8.953714228215805],[116.4396530747045,-8.954150098375985],[116.44668908019302,-8.954836761698564],[116.47567778615779,-8.954773659689097],[116.4827556286068,-8.9540471593537],[116.48954060415086,-8.951928729088573],[116.49575514772108,-8.948505036007637],[116.51472991714073,-8.93540252042884],[116.51796119771863,-8.936239336992159],[116.52373467433371,-8.936762192926297],[116.52951663002051,-8.936341311269683],[116.5708422936568,-8.929916588072668],[116.57757367993915,-8.928181882034325],[116.58382779811596,-8.925172628607799],[116.58936010010163,-8.92100650472628],[116.59395428403612,-8.91584642045508],[116.61746193699827,-8.883475748879738],[116.62087683890692,-8.877655841034558],[116.62309281164985,-8.87129491979792],[116.62402689330322,-8.864631308309528],[116.6236441576143,-8.857914657496194],[116.62195901235845,-8.851396592253757],[116.61903464932801,-8.845321285620644],[116.61498066807653,-8.839916313915221],[116.60994896374775,-8.835384135019037],[116.60412803394897,-8.831894508442225],[116.59773591832196,-8.829578140416597],[116.58846221029825,-8.827193322217658],[116.58272600254682,-8.822361428595679],[116.5762782340679,-8.818048773969748],[116.56902846665058,-8.815243216499878],[116.56877050114412,-8.815174755592823],[116.56588723054527,-8.811680225005647],[116.5609188758559,-8.807531405614581],[116.55526250513334,-8.804357454649647],[116.54911153376376,-8.802266897580965],[116.54575021948223,-8.801778178673814],[116.57948625601448,-8.770209622278076],[116.58312376895533,-8.766236517336566],[116.5861000301101,-8.761758037481982],[116.61233570865969,-8.714734175678856],[116.62986238389841,-8.683971925547766],[116.6490003888231,-8.652964420775751],[116.65123873326739,-8.648699860318178],[116.65740646384018,-8.63464976240611],[116.69379251098648,-8.59826053396798],[116.69772884451537,-8.593561402853815],[116.70993506834785,-8.576063540303364],[116.7130821009622,-8.570530929621833],[116.71515889310119,-8.564524630368812],[116.71609621834133,-8.558245003739874],[116.71993240119575,-8.489453863400994],[116.72055033042574,-8.488194334399408],[116.72655069285629,-8.482472429712246],[116.73133993443567,-8.476817908828385],[116.76429668583387,-8.428231582188054],[116.76696271604796,-8.423556640629599],[116.77501855539195,-8.406466048436227],[116.77743718193638,-8.399476491227578],[116.77830768595688,-8.392139161146591],[116.77759082334535,-8.384785581681156],[116.76953060823006,-8.345968438048237],[116.76693831706508,-8.338232068564434],[116.7625963367186,-8.331305661022379],[116.73370560939968,-8.295418695911879],[116.72712363085193,-8.289133263359956],[116.68912104431195,-8.261303194942041],[116.68154340152711,-8.257078787114079],[116.6466328861812,-8.242919843234015],[116.63777779771773,-8.240605005279145],[116.59857248183195,-8.23562896542717],[116.58872888150565,-8.232555768819724],[116.57459979524484,-8.222764905725544],[116.56981911020655,-8.21998110120251],[116.55443909098923,-8.212575653302922],[116.54957694378676,-8.210663317491445],[116.5444817075801,-8.209487065158333],[116.50476655866498,-8.203359202247283],[116.43785069796466,-8.185245387919199],[116.41058730743454,-8.170570721315611],[116.40479057815563,-8.16809009012265],[116.39863872830313,-8.166677227073517],[116.392330694882,-8.166377822171457],[116.37475423066823,-8.16711070381251],[116.369056337065,-8.167813213262933],[116.3635502333085,-8.169425400452326],[116.27371331453611,-8.203846354419115],[116.26634635916918,-8.207719253281395],[116.2496639327923,-8.219192399160363],[116.2446487783544,-8.22337997696936],[116.15762008851469,-8.311041385940042],[116.14877155093174,-8.317719203298942],[116.12154437583203,-8.33249494219518],[116.11749992985392,-8.335060237689573],[116.10187539165342,-8.34653340442456],[116.09790496802407,-8.349932059339956],[116.0944907469609,-8.353878159026978],[116.08887547401858,-8.361446765587957],[116.08435424156539,-8.369671311312654],[116.08328001927136,-8.372468953736893],[116.0729767791877,-8.371673715994467],[116.0756032828336,-8.36620154680272],[116.07730094269083,-8.359278371493925],[116.07753622437481,-8.352158177590772],[116.07696550667515,-8.344102243383356],[116.07585979240214,-8.337556193256185],[116.07351675619961,-8.331337407614384],[116.07002187285404,-8.325672601948769],[116.06550259403464,-8.32076828658478],[116.06012369738706,-8.316803241475524],[116.05408127811641,-8.313922002448374],[116.04759560220782,-8.312229595738764],[116.03905133713414,-8.310845702014102],[116.03213711917599,-8.310410723068124],[116.02527107855468,-8.311326867251562],[116.018720236759,-8.313558507184927],[116.01273936694324,-8.317018854656768],[116.00756109165535,-8.32157333321683],[116.00338683896152,-8.327044808424962],[116.00037900798107,-8.333220473028684],[115.99647221986775,-8.34380016507903],[115.99474929655366,-8.350429895081799],[115.99437303367343,-8.357265139435961],[115.99535809550076,-8.364040782323057],[115.99766634178332,-8.37049400611144],[116.00120829673222,-8.376374486943082],[116.00552111869422,-8.382152796882737],[116.01039803420939,-8.387444732629962],[116.01626779969453,-8.39163552142234],[116.02176922170543,-8.394057659185581],[116.0215353249011,-8.394325758333599],[115.99942418501523,-8.424694193828042],[115.99586882965714,-8.430798192755034],[115.99363064964194,-8.437485943939958],[115.992801649011,-8.44448274567135],[115.99341595743137,-8.45150118672656],[116.00406522263033,-8.506897208422865],[116.00637265946042,-8.514289223478231],[116.01027634439981,-8.52099336053354],[116.01558294153331,-8.526677456763512],[116.03044072574549,-8.53940228974755],[116.03739846318263,-8.580143197482593],[116.03563305302038,-8.63433958968796],[116.02893633645498,-8.665930423087065],[116.0282860881418,-8.670475059963733],[116.02582693276376,-8.70307089924637],[116.02227910832045,-8.704840188853781],[116.0147924371789,-8.7095598218402],[116.01426781992448,-8.709978697540809],[116.00927667427807,-8.708642557457383],[116.00412041210792,-8.708044938783944],[116.00256469120517,-8.70797901655043],[115.99967355446884,-8.706443104715214],[115.99369138119151,-8.703938457318603],[115.98734523879604,-8.70256428368913],[115.98085169738066,-8.702367479928048],[115.97443235352634,-8.703354763219451],[115.96830627420496,-8.705492442632922],[115.9626825266156,-8.708707567825307],[115.95051666005499,-8.717235648712357],[115.94520455396786,-8.719657239482103],[115.94100658908437,-8.720039959937516],[115.92019898317058,-8.719024268199409],[115.91700377006579,-8.719011865779114],[115.91666466661198,-8.719025789564109],[115.91434982815866,-8.714547183615712],[115.90930344779244,-8.706490573286617],[115.90523823180037,-8.701204849518616],[115.90023050970825,-8.696779601415994],[115.8944630099357,-8.693376278824447],[115.88814616207674,-8.691119044518363],[115.88151042279,-8.690090247398992],[115.87479787364033,-8.690327420360427],[115.86825339642508,-8.691821911964935],[115.86491196646797,-8.69329037399775]]},"properties":{"i":1,"t":0.9,"color":"#2f6f7e","alpha":0.2594706009365779,"width":0.45045}},{"type":"Feature","geometry":{"type":"LineString","coordinates":[[113.46492558700061,-7.706423837171436],[113.46486344346333,-8.413793850624025],[113.46563102477933,-8.421025968728008],[113.46790360174691,-8.427941743747722],[113.4715817364357,-8.43423833163353],[113.47650442065621,-8.439639987278676],[113.48245611769546,-8.443910144434815],[113.50964934044889,-8.459406454403002],[113.51649324599148,-8.46239691248233],[113.52382231818731,-8.46388655905409],[113.53749451068563,-8.465188766727886],[113.5459347205073,-8.464984829512593],[113.56214092706435,-8.462646559300923],[113.56388479831936,-8.464662566478792],[113.5687883148214,-8.469328760476131],[113.57513542967054,-8.474293121561626],[113.58215303710492,-8.478563673394646],[113.58998348595883,-8.481100705337164],[113.617130172814,-8.486516196653204],[113.62932196519913,-8.50439240732369],[113.63336544056034,-8.509291746462674],[113.63823994775984,-8.513385351618176],[113.6524003708561,-8.523233111721106],[113.65994045228034,-8.527219213624171],[113.66823100187315,-8.529286924071268],[113.68458941771533,-8.531321205741834],[113.68540214940602,-8.531331292038258],[113.68585289825893,-8.533905484978352],[113.68830121142891,-8.540216774783524],[113.6919389848592,-8.545939982394257],[113.69662862277913,-8.550858549708447],[113.7007796562126,-8.554439796818443],[113.707279616759,-8.55888190558894],[113.71461910142774,-8.561776058254496],[113.72242712937083,-8.562975954503631],[113.74025072910332,-8.563708128817028],[113.745213014979,-8.563564923328869],[113.75424683130915,-8.562669897132682],[113.76096253294484,-8.56134141328201],[113.76729016734494,-8.55875046607306],[113.77298946031576,-8.554995438899223],[113.7768145784941,-8.551903229666134],[113.78119744044443,-8.54767952739179],[113.78370125071673,-8.54424012310572],[113.78408129595944,-8.54680412353761],[113.78533151813076,-8.552199189848752],[113.78996931918708,-8.566766509069671],[113.79274653192529,-8.573165791752098],[113.79675848923183,-8.57888912551471],[113.80184414701864,-8.583706692290866],[113.80779932393311,-8.587425035213094],[113.81438489868638,-8.589894831617531],[113.82133641493488,-8.591016893852103],[113.82837470738534,-8.590746156053031],[113.83521712114072,-8.589093486101943],[113.83976314281284,-8.586975769047882],[113.83981216613151,-8.587004787995586],[113.86569280018527,-8.598073811665577],[113.86950857062942,-8.599452722972583],[113.89547153872033,-8.607184515389356],[113.8998183754523,-8.608186257764848],[113.91707184671559,-8.611034601540425],[113.92361263989116,-8.611501145133655],[113.93012731185213,-8.610758483774019],[113.93354642085858,-8.61004430186622],[113.93405267366278,-8.613025511492758],[113.93631849894324,-8.619104791927873],[113.9396864384823,-8.624662609393535],[113.95164878273317,-8.640776436811112],[113.95668103279797,-8.64622973431425],[113.96276500899336,-8.650509331585072],[113.96962623757707,-8.653422131745364],[113.97695514898966,-8.654836702189487],[113.98442105301613,-8.654689209922418],[113.99931539802283,-8.652818118309417],[114.00527749468465,-8.651541613541319],[114.01092661488437,-8.64926550766405],[114.02049521753946,-8.644414047735443],[114.02320865733867,-8.648680178911373],[114.02849253640136,-8.653999960616538],[114.03480280443429,-8.658083195245519],[114.04334827827029,-8.662396570162153],[114.05300928123836,-8.66563051737879],[114.08857530395085,-8.672060254882336],[114.09394630483048,-8.672614228923605],[114.10306213376299,-8.672858295016766],[114.109609727619,-8.672427960769888],[114.11596240160786,-8.670802380173866],[114.15597779874395,-8.656505870995462],[114.15882665101971,-8.656235945925614],[114.16124733539006,-8.659008924657552],[114.17174521812869,-8.66975159604244],[114.17696515657504,-8.674142411452126],[114.18294786345275,-8.677448593496504],[114.18946594466146,-8.679544466497504],[114.19627163932707,-8.680350358123455],[114.20310624369866,-8.679835630651738],[114.20970995283547,-8.678019847026993],[114.23355575725866,-8.6689051634414],[114.23967254670004,-8.665859869688859],[114.27152562202185,-8.645935674933238],[114.29474070380462,-8.646490853523886],[114.33013154715017,-8.661982106001362],[114.35284189468025,-8.682515711119699],[114.35433851944173,-8.690496006708845],[114.34288091603908,-8.703973153221487],[114.33941224276906,-8.708846889191374],[114.33683669439095,-8.714234574144587],[114.33523000339159,-8.719977866171648],[114.33238069066206,-8.735114557860442],[114.33179759596351,-8.742310092721926],[114.332731004357,-8.749469413009415],[114.33514073578367,-8.756283687633633],[114.3389229132689,-8.762458953344092],[114.34391443191733,-8.767728799021082],[114.34989998721476,-8.771865863565447],[114.35662136074367,-8.774691650390757],[114.37859606132392,-8.781365302875376],[114.3849719669774,-8.782677949157568],[114.39148353856365,-8.782806196672382],[114.44337813764842,-8.779062476082204],[114.45866259167093,-8.781851647560236],[114.54392364430385,-8.810799322977122],[114.5505469985867,-8.812358570041498],[114.55735035028955,-8.812627456515104],[114.59918420860447,-8.810267375286708],[114.60655095674984,-8.809066978530682],[114.61349530915116,-8.806356986024708],[114.61970429337795,-8.8022595347073],[114.62489810277586,-8.796959290373282],[114.6524842346616,-8.762045308700099],[114.65637142562373,-8.755895935209212],[114.65888304381565,-8.749083330808697],[114.6599098532655,-8.741903995012922],[114.660803579348,-8.717326841554947],[114.66036376914919,-8.710459890201419],[114.6585640410027,-8.703813171350717],[114.65547499161875,-8.697647155451671],[114.64538317680633,-8.681697895412764],[114.64032502000829,-8.67544304185756],[114.63251969924951,-8.667795004802263],[114.6292235703319,-8.66088702554575],[114.62602162500423,-8.655494644014668],[114.61772016164056,-8.644020232466913],[114.61307887279533,-8.638799355877145],[114.60747968567681,-8.634595832730065],[114.60114650573746,-8.63157773457294],[114.55203547478585,-8.613904673645914],[114.5303646464782,-8.599504801610248],[114.5249818578396,-8.596568148579989],[114.51916397346093,-8.594603540669207],[114.50646900572185,-8.591510850897489],[114.49921254878976,-8.590520094779011],[114.48498991301082,-8.590057741033867],[114.48059870593461,-8.58842444369876],[114.4731038322233,-8.581083503400292],[114.46497747606868,-8.567913095205986],[114.46137802414003,-8.557161849955696],[114.46255639915725,-8.497519735992382],[114.46226268075509,-8.492306253434206],[114.45802882818683,-8.460486510866817],[114.4562773358342,-8.453318430723376],[114.45303634458716,-8.446677184616082],[114.4484518158908,-8.440861717596334],[114.43087364447678,-8.42287783292173],[114.42560884064876,-8.41845692108757],[114.41957164893137,-8.415139928076561],[114.4129952517081,-8.41305495853679],[114.40613364007667,-8.41228253241349],[114.39925181063698,-8.412852477896916],[114.39348770702773,-8.414494356408293],[114.39352631839986,-8.413965690024817],[114.3979174263718,-8.393319817658766],[114.39854887801975,-8.389048631095477],[114.40083006845066,-8.361945716435125],[114.43061110067941,-8.209374374621495],[114.43406484756588,-8.225660275495779],[114.43616008120266,-8.232222613861037],[114.43952086846765,-8.238247738630601],[114.52016392741828,-8.353975402303737],[114.5227216598253,-8.357216226739688],[114.54786710682411,-8.385456875303785],[114.55225285467674,-8.389598897102454],[114.58252748703913,-8.413608596121756],[114.5873952938427,-8.416847676581813],[114.59274014162419,-8.419240365162079],[114.6272476133471,-8.431366472758054],[114.63317252428362,-8.432888438224929],[114.63927458739148,-8.433370109317105],[114.75266901658064,-8.432502477312944],[114.78553228214999,-8.438734162571475],[114.90938343534293,-8.497645502636454],[114.93114250650139,-8.51235506696113],[114.99872131806738,-8.574398419032933],[115.00407502680106,-8.578441410619734],[115.03792215476335,-8.599247284171831],[115.04902543284841,-8.60786774246308],[115.05251347531203,-8.614457684283977],[115.0570921307008,-8.626806341952946],[115.05990987780523,-8.632652618826002],[115.06377578870604,-8.637880575551423],[115.07703953873224,-8.652693457504904],[115.0815361113643,-8.656901668587196],[115.11002082313983,-8.679201257746778],[115.11786073346711,-8.683840923343439],[115.12583626836509,-8.687259214195594],[115.12924039193824,-8.68851584143219],[115.12988417314564,-8.688716679628389],[115.1405049024364,-8.711235812100705],[115.14301122669664,-8.715670960602866],[115.14632068121676,-8.720636115223153],[115.14963627668968,-8.727355046619218],[115.14817776797422,-8.735317809979538],[115.14105107901797,-8.749517424661274],[115.1371289730186,-8.754106727354522],[115.09956163508213,-8.772129741318283],[115.09405118709586,-8.775420295407525],[115.07338192359428,-8.790475205704654],[115.06825254168184,-8.795042915761073],[115.0641248304641,-8.800512860250594],[115.06115788392226,-8.806674271418398],[115.05946608751982,-8.813289727642415],[115.05911470320568,-8.820104298949019],[115.05984528045647,-8.835322342168164],[115.06079660867643,-8.841866910822162],[115.06298495828499,-8.848115035008595],[115.06633119773579,-8.853840610513572],[115.07071427916819,-8.858836432990358],[115.07597561353658,-8.862921699459182],[115.09445043292672,-8.874641609801381],[115.09938148333308,-8.877247593211935],[115.10466825020612,-8.879048553804438],[115.12574700493693,-8.884420052404607],[115.1328848543354,-8.88548306779793],[115.15575496837536,-8.886541191989082],[115.15936773307827,-8.88652473740091],[115.1828889099344,-8.885221645603025],[115.18926413884188,-8.884283918414045],[115.2034253470291,-8.88086662991265],[115.20812591300296,-8.879380076068733],[115.22627524110601,-8.872217484750369],[115.23177898316295,-8.869470249439084],[115.24756776334294,-8.859785508434035],[115.25396060078364,-8.8547607849312],[115.25900801933422,-8.848414574635461],[115.26551750515698,-8.837916070945841],[115.26814619917458,-8.83275788251925],[115.26987420846639,-8.827240795878948],[115.27065386328755,-8.821517136617482],[115.27309044393537,-8.773990877459594],[115.2728805206661,-8.768054456287372],[115.27165093785544,-8.762240056294296],[115.2669482953044,-8.746754220498284],[115.26930826762494,-8.745866118943903],[115.27467743480938,-8.742668509852509],[115.27938683255387,-8.738579472214278],[115.29427875197518,-8.723115506517024],[115.29977372159783,-8.71562175921251],[115.31974728437596,-8.678925653376455],[115.34569704544299,-8.6503853557614],[115.37988436657943,-8.628220072635647],[115.51081835158813,-8.58109495890933],[115.51627847279977,-8.578585944812813],[115.52122539574611,-8.575192302423996],[115.53839676840374,-8.561112328016943],[115.54322571680743,-8.556292092825458],[115.54701555209637,-8.550635958869908],[115.54962188785083,-8.544359487843202],[115.55092597043021,-8.540067424354627],[115.60754720775513,-8.535726189496565],[115.61454742665757,-8.534474851829485],[115.62114940249161,-8.531855109702276],[115.62708264041372,-8.527974303150984],[115.63774388090127,-8.519347703044879],[115.64133426096575,-8.515999690029146],[115.66218853752855,-8.493614248281405],[115.6762107740187,-8.485496033157887],[115.68069072540916,-8.48241687917481],[115.71291744451584,-8.456373068680303],[115.71576302204136,-8.453803295251511],[115.726016986729,-8.443467648009904],[115.73120038826916,-8.43678570071906],[115.73460666354666,-8.429066630759483],[115.74786817535156,-8.385120538021274],[115.74914551108905,-8.378793780397695],[115.74921891860504,-8.37234246257981],[115.74808592796109,-8.365988856115601],[115.74578563021139,-8.359951855403688],[115.74239732302013,-8.354439437434962],[115.71928435681943,-8.323679081103379],[115.71540391915151,-8.319326396410892],[115.71084566074394,-8.31567326619736],[115.67424034135288,-8.291039159910929],[115.64480848188687,-8.264838939128644],[115.59258542877978,-8.19995761929478],[115.58884097263258,-8.195985847891402],[115.55905629064165,-8.16896961045437],[115.55497820382351,-8.165785855840097],[115.52210150875563,-8.14381446471429],[115.51611465021972,-8.140601713384148],[115.35157450039758,-8.071760341279871],[115.34509265912197,-8.069752773007488],[115.28173599209647,-8.056619319571517],[115.27142504560429,-8.050541806640048],[115.25704409286125,-8.040016067232225],[115.24958852077279,-8.035844912339222],[115.22891888177533,-8.027382614985125],[115.22233306199306,-8.025408686990234],[115.19995588390239,-8.021014087411904],[115.19269790126332,-8.020352352491695],[115.17243566032498,-8.020596353237728],[115.16488781011425,-8.021502420321351],[115.1577139932569,-8.023996476204161],[115.12077026577346,-8.04149211891423],[115.11579613924202,-8.04436584336846],[115.11136341318735,-8.04800613316969],[115.0404912442765,-8.11665224378453],[115.00807102654623,-8.140105700713518],[114.98083040244843,-8.145670079098094],[114.89298079984552,-8.145513309162329],[114.88679015747131,-8.14604583493036],[114.8807912635954,-8.14765018256048],[114.8573510009863,-8.156184089613333],[114.70311700256482,-8.102253564400968],[114.69895941897025,-8.1010783430343],[114.68064988343197,-8.097090734551037],[114.67655951188165,-8.096447407825588],[114.64010302448767,-8.092877775372244],[114.62798012012631,-8.089847318609678],[114.61847778214005,-8.082797339338727],[114.61211662960145,-8.079043861972677],[114.60510187496315,-8.07669474893874],[114.59774555742668,-8.075854490325844],[114.59037489699477,-8.076560458864195],[114.58331774989429,-8.07878124931295],[114.5768880360299,-8.082418074867995],[114.55816455919575,-8.095783342164628],[114.55534171284935,-8.092477809749237],[114.54684585555292,-8.080134650186942],[114.5429383299761,-8.075409917783091],[114.53825602282376,-8.071435078719825],[114.52515442416707,-8.06215776121027],[114.51926502268863,-8.058789192129746],[114.51283018263375,-8.056608142910234],[114.50609140069338,-8.055696462261078],[114.48281841591206,-8.054801621748576],[114.47472751093498,-8.055419564933358],[114.47113096564863,-8.056114794415826],[114.48051548460481,-8.023885162172029],[114.48188722268486,-8.014607126925062],[114.48237106312496,-7.966918912295966],[114.48127366838747,-7.957939589026227],[114.47948311065775,-7.951021716906127],[114.47806330869338,-7.946721837446581],[114.47595182898627,-7.941504041361922],[114.47543701566781,-7.939555034244119],[114.47545022291621,-7.93863395666919],[114.47616383342624,-7.936590809747091],[114.48615395859625,-7.922398506718427],[114.49024798065508,-7.9146630894839065],[114.49309647062816,-7.907094836425613],[114.49493412502952,-7.900005854665762],[114.50119663463506,-7.85776917291573],[114.50154493363647,-7.85400535005347],[114.50235707035992,-7.832276202951178],[114.50203559180167,-7.826124664938664],[114.50062301614204,-7.820125892595816],[114.4935414152982,-7.798805408787943],[114.49036394099993,-7.791893300086773],[114.48574704170994,-7.785829882882287],[114.47150486213263,-7.770856772118942],[114.4674823323579,-7.767235697363584],[114.46294367088969,-7.764273590517842],[114.42685602544854,-7.744507886656077],[114.41175461103263,-7.731683031806043],[114.4047291641598,-7.727042352350545],[114.39691657697541,-7.7231356751204885],[114.39068777256938,-7.720728027585697],[114.38411122042764,-7.719535086763792],[114.37263817287298,-7.718559215218073],[114.36781740683438,-7.71847864089269],[114.34813749720475,-7.719491398725254],[114.34143344227014,-7.718905008020105],[114.34024142611625,-7.7185285378444],[114.33197835634769,-7.713286586207036],[114.29807118756949,-7.680592162208639],[114.29198333527265,-7.675894683967473],[114.28500656392619,-7.6726297977483275],[114.26995257985318,-7.667503271110016],[114.26198057687101,-7.665782630657788],[114.25382329314557,-7.665933771884415],[114.23209609884954,-7.6688636119532125],[114.22776406391375,-7.66972602080051],[114.191841117597,-7.679243265446708],[114.1794285319353,-7.678903290802363],[114.15895254143832,-7.670786465845741],[114.14246876180219,-7.656535755336438],[114.10485660622341,-7.6092730346230155],[114.10046511579101,-7.604683319661083],[114.09530726876872,-7.600958295696927],[114.0635705717273,-7.582160775565578],[114.05768686189236,-7.579375397025817],[114.0513847738588,-7.577717755140255],[114.04488216763517,-7.577245149035658],[114.03840382865246,-7.5779739125143415],[114.00894619620446,-7.584077537065879],[114.0033637842469,-7.585723792096118],[113.99813337348802,-7.588263217158138],[113.99339925496382,-7.591625759032486],[113.92665498131261,-7.647893659246113],[113.9218464026308,-7.64982804323727],[113.90985703421103,-7.651123843335649],[113.89363806790357,-7.648976757143589],[113.88001438385045,-7.644794740685721],[113.87194945990204,-7.643313893340216],[113.85705769237045,-7.642338061280258],[113.85066129183363,-7.642498474068605],[113.84440087468784,-7.643807854300284],[113.83848479653605,-7.6462226211201685],[113.82090784237057,-7.655335986882665],[113.81513645205969,-7.659087883469263],[113.81021846238477,-7.6638873655197095],[113.79132828877967,-7.6863607230274695],[113.78696957723267,-7.690188229831078],[113.78415675821998,-7.690900942395878],[113.77183458838964,-7.6890155708979435],[113.73507888421773,-7.675643332124546],[113.72548255020737,-7.673601082929661],[113.70245445586654,-7.671973364773858],[113.69654162510636,-7.672050455643447],[113.69072601345117,-7.673110744658746],[113.68169372327037,-7.675552590854724],[113.67651030152697,-7.677398066797608],[113.66055247696825,-7.68452642503277],[113.65842424557303,-7.684912036270768],[113.53388303605,-7.666021317269148],[113.52873369704142,-7.66562069885678],[113.52358092189003,-7.665973784748884],[113.49957592959998,-7.669391651175549],[113.49303490251599,-7.67096956914163],[113.4869187608232,-7.673756776477974],[113.48235101294976,-7.676391597160272],[113.47645376214112,-7.680665958247737],[113.47157840744397,-7.686058402834729],[113.46793657887149,-7.692334897660565],[113.46568639365738,-7.699223032259313],[113.46492558700061,-7.706423837171436]]},"properties":{"i":1,"t":0.9,"color":"#2f6f7e","alpha":0.2594706009365779,"width":0.45045}},{"type":"Feature","geometry":{"type":"LineString","coordinates":[[115.5343686441632,-8.635127464756758],[115.53013504766184,-8.637228313109286],[115.52457037145331,-8.6361137599671],[115.51829743865689,-8.635428666837456],[115.5120016827283,-8.63586332560627],[115.5058859283887,-8.637403733266341],[115.50014720599853,-8.640000263431643],[115.4949704084438,-8.643569263902439],[115.48439062587912,-8.652357656429025],[115.47936247462684,-8.657494150328594],[115.44371723035255,-8.702332644867392],[115.44075165466398,-8.706708170799665],[115.43848885336564,-8.711476356717982],[115.43539525566442,-8.719532096942794],[115.43366639190072,-8.725688578602638],[115.4331067731982,-8.732053838677992],[115.43373536704912,-8.738412804073635],[115.4355309918572,-8.74455060381887],[115.43843302484265,-8.750259830142316],[115.44234344369012,-8.755347548693983],[115.44713013386512,-8.759641820772668],[115.45347833534797,-8.764362162841257],[115.4588825695663,-8.767669927833614],[115.46480106034542,-8.769962131264078],[115.46838145476595,-8.770991052095049],[115.47804949678685,-8.78279231426637],[115.48530051115435,-8.78945421426489],[115.54072268544621,-8.827543051131896],[115.54552941611846,-8.830315762038339],[115.55071862634387,-8.832304478348938],[115.5787968958024,-8.840606195203604],[115.58540696043269,-8.841894712852637],[115.5921443979902,-8.841914196083392],[115.59876197136903,-8.840663930165897],[115.60501684566397,-8.838189794665878],[115.61067950595289,-8.834582578506534],[115.61554218437122,-8.829974645954273],[115.63294167026753,-8.809986693140457],[115.64949163818471,-8.79306636180379],[115.65402037866663,-8.787343321666928],[115.65724623878094,-8.78081488769811],[115.65902833309006,-8.773766323635469],[115.65928887810287,-8.766505604331817],[115.65801657730968,-8.759349956828714],[115.64954117922642,-8.73006869886663],[115.64673004627102,-8.72321571243579],[115.64251599243397,-8.71710556753569],[115.62858028276553,-8.70091287363997],[115.62214774396125,-8.683652364380483],[115.6183614338275,-8.676315104957185],[115.60229743975295,-8.652620300158842],[115.59825344527091,-8.647694650173271],[115.59337135897033,-8.643577641517888],[115.58781380470566,-8.64040639319622],[115.58176588800343,-8.638286522316905],[115.55881878886383,-8.632509022872538],[115.5526262531084,-8.63152056622821],[115.54635462117477,-8.631635766657368],[115.54020349494775,-8.632850957863656],[115.5343686441632,-8.635127464756758]]},"properties":{"i":1,"t":0.9,"color":"#2f6f7e","alpha":0.2594706009365779,"width":0.45045}},{"type":"Feature","geometry":{"type":"MultiLineString","coordinates":[[[116.7670535054149,-9.045423414267598],[116.7879389159824,-9.060665158381553],[116.79242269267066,-9.063382989110188],[116.79731088690023,-9.065304099744234],[116.81944751970435,-9.071895528318539],[116.8248700094318,-9.072994716885889],[116.84374050283482,-9.075091915077616],[116.89692640198378,-9.092203239917605],[116.90573047474322,-9.093684692245152],[116.92754227168591,-9.094172638345098],[116.9336845046746,-9.093698700706009],[116.94417460868722,-9.091828709921467],[116.95463656534567,-9.097356444042887],[116.97058816522708,-9.10781772699144],[116.98596953308075,-9.126434319066368],[116.99018939629458,-9.130628602621227],[116.99515421169271,-9.133933654551704],[117.0006747745843,-9.136223514412425],[117.00654068644234,-9.13741091165376],[117.01252837821158,-9.137450593575897],[117.0740973424741,-9.131895867759756],[117.0770729302829,-9.131481227706631],[117.13257815859134,-9.12098214778578],[117.13868295888939,-9.119160340668],[117.14427393884057,-9.116131402802043],[117.14910934707846,-9.112026315706796],[117.1632771454715,-9.097202506423963],[117.16481520608177,-9.095464999200717],[117.17731076656054,-9.080212251784571],[117.1796505188751,-9.076933631008865],[117.1923320118681,-9.056396267023288],[117.19831964558912,-9.05401882920127],[117.22092147299483,-9.054054864783145],[117.26374873713473,-9.068828010410636],[117.26615568103449,-9.069550204211426],[117.2913143968813,-9.075997948954257],[117.3234938445588,-9.087754037470651],[117.33029857273857,-9.089397438605763],[117.33730331455233,-9.089473475022178],[117.39204367793361,-9.083857725851654],[117.39722645115293,-9.082874886774686],[117.48217717619457,-9.059116652829163],[117.50821570769668,-9.051971617987112],[117.51352899317472,-9.049973193578735],[117.51837710435635,-9.047040514378171],[117.52259336514642,-9.043274415533249],[117.52603283698872,-9.038804382799341],[117.52857730139368,-9.033784098212319],[117.5301393215754,-9.028386154273985],[117.53066524388379,-9.022796118746435],[117.53061637093505,-8.418874824097946],[117.53002217658835,-8.412936733891438],[117.52826218223919,-8.407229166478075],[117.52540477691754,-8.40197374840445],[117.52156094978154,-8.397374541514923],[117.51687997603246,-8.393610122281778],[117.51428843082209,-8.392258373888643],[117.51736632129025,-8.390569640535233],[117.52189077388329,-8.386800298831087],[117.52559774454133,-8.382240605937556],[117.52834883787327,-8.377060834527562],[117.53004136613312,-8.371454404403721],[117.53061217858465,-8.365630657903592],[117.53059717946866,-8.173158838758205],[117.5299637151967,-8.167030278392023],[117.5280900477548,-8.161155479744254],[117.52505377774658,-8.155777595301782],[117.52098061045498,-8.151119202360691],[117.51603914829484,-8.147373094416055],[117.51043391135698,-8.144694305733728],[117.5043968750255,-8.143193698446177],[117.49817787441602,-8.142933376909335],[117.49203427175814,-8.143924118608881],[117.48622031299917,-8.14612492770457],[117.48012758969287,-8.149166694094195],[117.47280679762703,-8.154274714693116],[117.46572677530459,-8.160947339316206],[117.4616761272349,-8.165631408530396],[117.4586679548392,-8.17103030356526],[117.45345919009006,-8.183155992443407],[117.45190283568971,-8.187782384007074],[117.45111697053954,-8.192595978002872],[117.44997587030554,-8.20675597503853],[117.44992082241612,-8.210745065821488],[117.45211563816447,-8.252249480892745],[117.45290236427014,-8.257665124812402],[117.45466122378963,-8.262852258895201],[117.45661399250228,-8.26724741524224],[117.45927634098238,-8.272020111864164],[117.46276052819906,-8.276243115084291],[117.46695363467099,-8.279779534400404],[117.46939430746087,-8.28118021082869],[117.46939178638243,-8.31424239039715],[117.46136340687151,-8.324544851891828],[117.45833504249175,-8.329279934065669],[117.45624036738789,-8.33448591973293],[117.45515113937245,-8.339984564664805],[117.45441857757928,-8.347145550955467],[117.4543534363858,-8.352519721385908],[117.45524981559494,-8.35782062743294],[117.45707951268473,-8.362881265020757],[117.45978491505683,-8.367542193772934],[117.46743463411524,-8.378366703156246],[117.47144837471205,-8.382978652588875],[117.4763134484366,-8.386703591612974],[117.4796336966776,-8.388753716416346],[117.47425045351675,-8.388796668166979],[117.46987697157769,-8.387156544308324],[117.46432922682621,-8.383476207809581],[117.45876955124947,-8.380558347497107],[117.45272417720186,-8.378826652197993],[117.44644857047123,-8.378354303280855],[117.44020792116665,-8.37916126550148],[117.43426594508622,-8.381213443151212],[117.42970917278754,-8.383329275298463],[117.4241553157492,-8.386660934443166],[117.41943700601223,-8.391076548320571],[117.41576665355348,-8.396377368228416],[117.4133095189833,-8.402324791049681],[117.4121762687564,-8.408651095516491],[117.41108898743646,-8.424196130210477],[117.40936081064714,-8.4303006559525],[117.40583273433624,-8.436180228919827],[117.3685353503487,-8.420273549408709],[117.33424135823547,-8.395306086880431],[117.33018002845498,-8.392807683427712],[117.30349650056019,-8.379125691600706],[117.29176779266768,-8.37069738819035],[117.28558822035933,-8.367260156344978],[117.27378896815812,-8.362377458742705],[117.26900487159462,-8.360840721175252],[117.26403098354581,-8.360099661291033],[117.23363409309164,-8.358073387880573],[117.23353441962395,-8.358049828654957],[117.21966262056667,-8.339555613568505],[117.21526896741538,-8.334837706912785],[117.20996942109863,-8.331141196445358],[117.20400177924886,-8.328631938537693],[117.19763379846671,-8.32742251888886],[117.19115118711014,-8.32756720372674],[117.18484479493833,-8.329059505963356],[117.16522519014714,-8.33594435997068],[117.13420761025655,-8.342361657138023],[117.12658613666228,-8.345015855874403],[117.10380020379193,-8.356488987692797],[117.0984384977303,-8.359928857706603],[117.09391548145949,-8.364394963004843],[117.09042827941283,-8.369692694693533],[117.08812889901378,-8.375591195935721],[117.08711760091623,-8.381833418393994],[117.08743852091963,-8.388147321676907],[117.08835969020616,-8.391581141510946],[117.07530727348309,-8.398756452454279],[117.07181761218757,-8.40099438635866],[117.04211568669741,-8.423012050469328],[117.04298799939781,-8.420638674850197],[117.04390695527773,-8.415006078287208],[117.04374147931962,-8.409302952881855],[117.04300903464286,-8.403444035473408],[117.04178458058884,-8.397932872738401],[117.03954779499823,-8.392742062907553],[117.0363763678845,-8.388051811135485],[117.03238042499957,-8.38402493965081],[117.02769870228221,-8.38080123762184],[117.02249372926926,-8.378492610815709],[117.0169461886573,-8.377179199029223],[117.01124864749866,-8.376906595715326],[117.01039719832656,-8.376944492605256],[117.00821464934857,-8.376101615563107],[117.00195398441613,-8.37441404196726],[117.0002212001597,-8.374321949648195],[116.996918587907,-8.372959236128716],[116.99136497275033,-8.371791458771774],[116.98568888890343,-8.371658224533448],[116.98008554043085,-8.372564118007036],[116.9747476326372,-8.37447798727434],[116.9698587489559,-8.377334014195638],[116.9655870404102,-8.381033976260662],[116.96207944411405,-8.385450622493382],[116.95963728109761,-8.389194472769427],[116.95823923125435,-8.391767185421383],[116.954587887277,-8.391027365534303],[116.94839814438483,-8.391030325014189],[116.93228636689544,-8.392657130162112],[116.92641385254696,-8.393832902228517],[116.9208852660381,-8.396117522670805],[116.90957377162141,-8.402139079446432],[116.9040729825725,-8.405885461987893],[116.90396892652822,-8.405996116386813],[116.88567846552046,-8.404203985822813],[116.88024754480718,-8.404150554296097],[116.87489252587514,-8.405047153239954],[116.85105015245193,-8.411231598815915],[116.8505970987005,-8.411352779109931],[116.82992748797338,-8.417049277167028],[116.82423642874271,-8.419243116095139],[116.81909882477666,-8.422510675409871],[116.81471913577009,-8.426721930173567],[116.81127167771187,-8.431709297076416],[116.80889368480712,-8.43727430002549],[116.80767984387249,-8.443195465749413],[116.80767851929579,-8.449237135779361],[116.80888981981509,-8.455158844528357],[116.81126558536096,-8.460724890422684],[116.8147112958778,-8.465713719084428],[116.81908982741508,-8.469926744781871],[116.82422690692869,-8.47319625850902],[116.83261037044682,-8.47742753039374],[116.83407178769573,-8.478025220918283],[116.83046335015213,-8.47859239637801],[116.82495233731284,-8.480578505088593],[116.81992528797204,-8.483567334516652],[116.81556663419768,-8.487449240927896],[116.81203630161885,-8.49208181349377],[116.80946384181908,-8.497295096076995],[116.80794367648741,-8.502897819964577],[116.80753162816056,-8.508684419337847],[116.80857175399512,-8.548809371841793],[116.78366507002482,-8.554093878779277],[116.77841394805992,-8.555707000630788],[116.77353913975567,-8.558222520497482],[116.7691977573578,-8.561559371059463],[116.76552973242683,-8.565610012642223],[116.7626533063576,-8.57024389707431],[116.7210745339769,-8.653081218773286],[116.71901406101135,-8.65838366986188],[116.71799146855935,-8.66397324377417],[116.71804277756762,-8.669653300442137],[116.71916623041096,-8.675224007856604],[116.72132234610486,-8.680489372686832],[116.72443530326133,-8.685264137014885],[116.72839560297743,-8.689380298342629],[116.73306391861753,-8.692693023148395],[116.74168155112031,-8.697669121379597],[116.74169278144181,-8.701432767116083],[116.73432596616342,-8.73093139314659],[116.73344319475761,-8.737411274794631],[116.73398827842678,-8.743927463583276],[116.73593587995491,-8.750176208560674],[116.739195273096,-8.755866211693187],[116.7461980102113,-8.765492669928694],[116.75057634899125,-8.77032202414369],[116.75589467887231,-8.774119581991522],[116.76190917493616,-8.776711226498064],[116.76834407374199,-8.777978130109528],[116.77446333044581,-8.77787000218857],[116.77505487204344,-8.77992957329485],[116.77728793470067,-8.78552007442092],[116.78059428104824,-8.790564729596703],[116.78344356998663,-8.794088601324624],[116.77070585298759,-8.796689425130058],[116.7654503366299,-8.798258614210487],[116.76056248719227,-8.800729206165256],[116.7561991507734,-8.80402192828852],[116.75250035370738,-8.80803112519606],[116.7356585471812,-8.829943217190193],[116.71343120448275,-8.852055394536269],[116.70981883529002,-8.856386734867417],[116.70707743307797,-8.861302334230732],[116.70530118345611,-8.866633374432839],[116.70455113400601,-8.87219676189966],[116.70485309222146,-8.877801414790675],[116.7062853390626,-8.8874255605822],[116.70650185509805,-8.888692917505121],[116.71075517412727,-8.91072732318895],[116.71229764992177,-8.916032423788922],[116.71339762798615,-8.918826088423096],[116.70607810410095,-8.929161443193124],[116.70280176652895,-8.935107617547802],[116.70094451597414,-8.941624266863062],[116.69819518345692,-8.95819811230889],[116.69783353898384,-8.96467653682474],[116.69887735142196,-8.971082465424375],[116.70127877594263,-8.97712184327658],[116.70492763468239,-8.982517428620332],[116.72035504863533,-9.00074631586367],[116.73103832915136,-9.018157189112328],[116.73458109344331,-9.026856903431263],[116.73751805495003,-9.032357695278575],[116.74153085415665,-9.03715016799549],[116.74645031087324,-9.041032228425049],[116.75206899186162,-9.043840170000491],[116.75814995954367,-9.045455579940818],[116.76443676859897,-9.045810335696586],[116.7670535054149,-9.045423414267598]],[[116.85424744224133,-8.482261296819287],[116.85978289032327,-8.482593589555975],[116.86537766814709,-8.481905257422166],[116.87074995747064,-8.480214111298089],[116.8781098000147,-8.477133571805238],[116.87944820358345,-8.476894518978039],[116.88056651712515,-8.477362923904293],[116.8864150777677,-8.479155071467474],[116.89250725647443,-8.479760539921907],[116.89885575381531,-8.479760513251332],[116.90487112562126,-8.47917031197905],[116.9225323977566,-8.475669973584967],[116.92720373676505,-8.474355509748289],[116.93160611747383,-8.47232708022266],[116.93858405184461,-8.468417878618302],[116.93894144291805,-8.468516641406362],[116.94539585291521,-8.468905791537603],[116.9517889287961,-8.467945659476598],[116.95783549723717,-8.465679077335398],[116.96304374722044,-8.463074880926072],[116.96796790523467,-8.459998769217297],[116.97043770066578,-8.457705462988919],[116.97313916811038,-8.459121967497627],[116.97899574114656,-8.46083584236885],[116.98362592210192,-8.461239283321511],[116.97191095300487,-8.468010053040087],[116.88282014647183,-8.496885233296991],[116.87758465899752,-8.497837081557371],[116.87316330279938,-8.497627790564525],[116.85800419551137,-8.484856364778938],[116.85424744224133,-8.482261296819287]]]},"properties":{"i":2,"t":0.8,"color":"#2f6f7e","alpha":0.3628324204171738,"width":0.4536}},{"type":"Feature","geometry":{"type":"LineString","coordinates":[[117.31882427047138,-8.158622547528285],[117.31905441049634,-8.16430211315027],[117.32035297809936,-8.169839008591167],[117.32267425770965,-8.175038127906479],[117.32593648720115,-8.179716260634713],[117.33002473480785,-8.183708549893439],[117.33479494689648,-8.186874304269516],[117.34007902423828,-8.189101958281071],[117.34569074784702,-8.190313006181249],[117.34981536440743,-8.190422037864895],[117.35411402474801,-8.19204233857468],[117.36184657078815,-8.1942394632176],[117.36684173919409,-8.195222300760394],[117.37193248074655,-8.195371526752261],[117.3795820589799,-8.194964452422191],[117.38530846173023,-8.194116712086617],[117.39077096259072,-8.192216558284645],[117.39577393429603,-8.189332046175041],[117.3965054182068,-8.188700919335854],[117.39729825761893,-8.188496649807071],[117.40640254892999,-8.18509223814073],[117.41377794018418,-8.18285049627626],[117.41840228183543,-8.181025571108067],[117.42266635523931,-8.178482631126155],[117.42803747934697,-8.174657379686062],[117.42904861404794,-8.173798109374243],[117.43191351035834,-8.172637603301178],[117.4368349319574,-8.169437809124549],[117.44104583311173,-8.165364266066508],[117.44478872450055,-8.16097005357217],[117.44808953183808,-8.156250836500043],[117.45043127737188,-8.151000007473126],[117.45172986521074,-8.14540622426621],[117.45193868573112,-8.139670457817674],[117.45105028383254,-8.13399877110009],[117.44909662006924,-8.128594916322369],[117.44614791623191,-8.123653016375016],[117.44231012773244,-8.119350593229411],[117.43772113427838,-8.11584219339478],[117.43254578607558,-8.113253838996009],[117.4313820610928,-8.112925058626907],[117.4286730922713,-8.111136745066956],[117.423399069206,-8.108925381430993],[117.41924935488136,-8.107623456397214],[117.41159471642693,-8.106248924318859],[117.4005275626127,-8.105678904903431],[117.39364178032346,-8.10609505802123],[117.38054070678568,-8.108373814200453],[117.37472145782743,-8.109985617555978],[117.3693356783333,-8.112698083637019],[117.36459347075741,-8.116405407110378],[117.36151378402518,-8.119991830322077],[117.35942428340688,-8.11998553233371],[117.35418257404962,-8.120881670748831],[117.34515016769083,-8.123241449755877],[117.33886284610033,-8.125643819619945],[117.33325934411639,-8.129350366550067],[117.32861156461587,-8.134181255524034],[117.32514506322374,-8.139902090068189],[117.32156359859762,-8.14763387291243],[117.319670621788,-8.153000436773077],[117.31882427047138,-8.158622547528285]]},"properties":{"i":2,"t":0.8,"color":"#2f6f7e","alpha":0.3628324204171738,"width":0.4536}},{"type":"Feature","geometry":{"type":"LineString","coordinates":[[115.86520563650366,-8.698032881711194],[115.857165016483,-8.695716531919834],[115.85154528921456,-8.69464777977261],[115.84582254978655,-8.6946306625141],[115.84019640801414,-8.695665777816922],[115.83486310694973,-8.697717021045502],[115.8300086823143,-8.700712843672335],[115.82580247675402,-8.70454874729112],[115.82239123454681,-8.709090926516016],[115.8076191550855,-8.733170954593552],[115.80499232133512,-8.73860870416417],[115.80350660571956,-8.744452845638474],[115.80037995544373,-8.7653906237964],[115.8001821813284,-8.76701913181414],[115.79812241383105,-8.788992992393046],[115.79834534166494,-8.796374224567735],[115.80036923205984,-8.803482750910963],[115.81099169675129,-8.828554535962216],[115.81397150893463,-8.83396508106113],[115.8179976362395,-8.838667929055697],[115.82290354235917,-8.842468511307514],[115.82848627304776,-8.845209583262191],[115.83451485406982,-8.8467777337823],[115.85725266770727,-8.850299899268995],[115.91324050289472,-8.881328935376198],[115.91768072377879,-8.883347764998506],[115.92238929439331,-8.884643595038446],[115.93850453447853,-8.887735816063767],[115.94451871475381,-8.888290689755724],[115.9505262245299,-8.887669540841758],[115.96240329365952,-8.885254403338237],[115.9674712932322,-8.899677315073975],[115.97034611323981,-8.90565406331945],[115.97604173349904,-8.914768450885372],[115.97937717181335,-8.9191587876709],[115.98346004605636,-8.922882213984055],[115.99086625566397,-8.928498564544054],[115.99865345181769,-8.932788836591929],[116.00842009750855,-8.936451096880386],[116.01376858710356,-8.93792520477477],[116.01929850145214,-8.938422052490308],[116.02996036783196,-8.938422035652204],[116.0352578360432,-8.937966367744352],[116.04039585875076,-8.936613237269027],[116.04521983450161,-8.934403360732077],[116.05555530577828,-8.928542946773508],[116.06062447751276,-8.924944574588404],[116.06364037424679,-8.92170600676748],[116.06820145465913,-8.923590950348524],[116.07418286654945,-8.92476980718182],[116.08769295234318,-8.926071886840505],[116.09466367331075,-8.925956704550732],[116.10142770881733,-8.924288539567296],[116.10763518615958,-8.921153681197266],[116.11829656679696,-8.914154208895988],[116.12241777081134,-8.910911300939963],[116.12591593195752,-8.907019076120383],[116.12691390746221,-8.905425322983158],[116.14909456892897,-8.905889466168935],[116.15365320910989,-8.906761243521247],[116.1554470229423,-8.908243298812426],[116.17099014803851,-8.931173194047112],[116.17460112110675,-8.935553098822808],[116.17897268141547,-8.939194395828517],[116.18727398821791,-8.944890760652552],[116.19216828450583,-8.947628562285479],[116.19748654552264,-8.949437040123952],[116.20304974972728,-8.950255317603638],[116.20867062476387,-8.950055850483983],[116.21415995594963,-8.948845354553134],[116.22132244339038,-8.94656716890033],[116.22613619766497,-8.94457491856417],[116.23053801731345,-8.941804908758948],[116.23093521806446,-8.941505114191195],[116.23195990249336,-8.942347339614257],[116.23678209736146,-8.945031884041574],[116.24264145485144,-8.947636063420179],[116.24829942088856,-8.949520829571826],[116.25421989624498,-8.950286471747326],[116.26017827272668,-8.949903944912899],[116.27726959464037,-8.947136689780004],[116.2836223440058,-8.945398517433562],[116.3185188659851,-8.931710624266957],[116.31956324562556,-8.933957324368945],[116.32356018477594,-8.94033143432713],[116.32754709123509,-8.945214681636049],[116.33221734463713,-8.949817841607294],[116.33777645393138,-8.95332745275343],[116.34396697975868,-8.955580976420269],[116.35050222155465,-8.956474045206047],[116.35707950327924,-8.95596529944206],[116.35932408536704,-8.955548177415068],[116.359643375247,-8.957302432013728],[116.36172354921325,-8.962644913667765],[116.36478427131433,-8.967505398620608],[116.36871623143347,-8.971710245303763],[116.37337898009855,-8.97510923008562],[116.37860594506337,-8.97758091676581],[116.39252289270576,-8.982627263887984],[116.39830202451573,-8.98411090151159],[116.40426265802154,-8.984460021563423],[116.41017869301113,-8.98366138300692],[116.41582572291951,-8.98174528153288],[116.42098955286478,-8.978784399322453],[116.42547432888809,-8.97489104605428],[116.42910996916054,-8.970212896188054],[116.43175861476954,-8.964927384722111],[116.4333198553424,-8.95923497455444],[116.4337345317061,-8.953351551334588],[116.43356501888512,-8.947376028040402],[116.43466246174886,-8.947969718913146],[116.44054832391866,-8.949766724271987],[116.44667902072302,-8.950365038664385],[116.47566737811721,-8.950301949781167],[116.48183452999311,-8.949668929259277],[116.48774650744116,-8.947823074039135],[116.49316146584705,-8.944839897144234],[116.5138375482369,-8.930562576088871],[116.51385762640146,-8.930569567164545],[116.5187442317391,-8.931835088131608],[116.52377484658336,-8.932290671587538],[116.52881285000826,-8.931923946127919],[116.57013804172678,-8.92549931606836],[116.57600332196274,-8.923987812828445],[116.58145275771231,-8.921365752193129],[116.58627327042447,-8.917735666501848],[116.59027638964197,-8.913239500837307],[116.6137842162667,-8.880869044326632],[116.61675980260222,-8.87579794033277],[116.61869073096817,-8.870255418963822],[116.61950470457415,-8.864449138489837],[116.61917128048783,-8.8585966293872],[116.61770300246724,-8.852917144098205],[116.61515492324733,-8.847623443754989],[116.61162253533055,-8.84291382945164],[116.6072381887949,-8.838964716285808],[116.60216613100836,-8.835924027904298],[116.59659635436262,-8.833905658465246],[116.58631709093024,-8.831262240871366],[116.57979020648351,-8.825764306822906],[116.57417195985026,-8.822006473208429],[116.56785486932232,-8.819561848054834],[116.56621822339214,-8.81912749929533],[116.56265935581781,-8.814814121859325],[116.55833020408743,-8.81119904809976],[116.55340153201271,-8.80843342355626],[116.54804187559029,-8.8066118146677],[116.54243449828041,-8.805796508363992],[116.53677112844625,-8.806015383509562],[116.53660196109732,-8.806053517451328],[116.54217163046343,-8.798968210438543],[116.57637496358544,-8.766962700049232],[116.5795444905209,-8.763500792224804],[116.58213785719875,-8.759598527054564],[116.60838374065757,-8.712557277949484],[116.62595947222596,-8.681709499473934],[116.64513890145892,-8.650635412312967],[116.64708929612182,-8.64691953874056],[116.65359435792166,-8.632101345972996],[116.69057594581345,-8.59511694116714],[116.69400585443195,-8.591022418801574],[116.70621217831764,-8.573524667220076],[116.70895435747656,-8.568703894876972],[116.71076400766006,-8.563470369072633],[116.71158080189134,-8.557998670739341],[116.71546783864139,-8.488310288932778],[116.71683331740395,-8.485527087166652],[116.7234123293379,-8.479253452545366],[116.72758541500576,-8.47432646464741],[116.76054245624229,-8.425740437321101],[116.76286551169488,-8.42166698431248],[116.77092150054493,-8.404576468250674],[116.77302901341722,-8.398486190646784],[116.77378759370798,-8.392092869110469],[116.77316303325988,-8.385685373227007],[116.76510323156388,-8.346868119166869],[116.76284452153172,-8.340127065385559],[116.75906120278923,-8.334091755134631],[116.73017056867863,-8.298204528264215],[116.72443540442386,-8.292727720107402],[116.68643263598861,-8.264897403367765],[116.67982986711705,-8.261216463592232],[116.64491903238955,-8.247057383995886],[116.63720313857517,-8.245040349056675],[116.59759751131924,-8.24001349861094],[116.58670652753945,-8.236613303317936],[116.57200803806907,-8.226427850999263],[116.56784239613815,-8.22400218155075],[116.55246225082983,-8.216596662696174],[116.54822561709031,-8.214930347443826],[116.54378587482519,-8.213905419513665],[116.50381962451625,-8.207738815861982],[116.4361528236021,-8.189421713692724],[116.40842878550309,-8.174499095197467],[116.4033778057313,-8.172337595195739],[116.39801738184995,-8.171106496157638],[116.39252086334113,-8.170845611202784],[116.37494420179202,-8.171578508060414],[116.36997933165013,-8.17219064306303],[116.3651815840383,-8.173595426937146],[116.27534388365463,-8.208016772393055],[116.26892469970879,-8.211391428324381],[116.25224219953085,-8.222864684006723],[116.24787227406422,-8.226513529906528],[116.16061749189636,-8.314403369974393],[116.1512425687429,-8.321478480793372],[116.12371771523914,-8.336415835064019],[116.12019359925188,-8.338651107677446],[116.10456900161667,-8.350124381539885],[116.10110939703746,-8.353085799302512],[116.09813445088778,-8.356524228483103],[116.09251921298006,-8.364092885660343],[116.08857972441325,-8.371259318475609],[116.08630342751486,-8.377187695843068],[116.071469679434,-8.376042824442058],[116.06639958545891,-8.3760680253934],[116.06365754346389,-8.376535992147417],[116.06486102959279,-8.375261362213694],[116.06865158092421,-8.370314730171492],[116.07134302308765,-8.364707403299692],[116.0728223304025,-8.358674962226196],[116.07302741280927,-8.352470836414284],[116.07245678742991,-8.344414893684062],[116.0714933942711,-8.33871103081158],[116.06945185695191,-8.333292316769864],[116.06640664616324,-8.3283563016537],[116.06246881176435,-8.324082930988926],[116.05778193084687,-8.320627988075184],[116.05251687243461,-8.318117417592017],[116.04686556976009,-8.316642736929746],[116.03832121024773,-8.315258829551265],[116.03229649101279,-8.314879811080903],[116.02631375319096,-8.31567809668655],[116.0206056740361,-8.317622641130361],[116.01539425638104,-8.320637818782476],[116.01088219911098,-8.324606362822154],[116.00724501608008,-8.329373923288644],[116.00462420944339,-8.334755067228729],[116.00071752262971,-8.34533479894936],[115.99921632743217,-8.351111578759532],[115.99888854216304,-8.35706741905947],[115.99974693390268,-8.362971312831673],[116.00175825933583,-8.368594257602162],[116.00484454629951,-8.37371813903587],[116.00915739122931,-8.379496409096868],[116.01340685949889,-8.384107461251526],[116.01852141068726,-8.38775903966377],[116.02428392004498,-8.390296112429795],[116.0303583504853,-8.391591476098837],[116.02871393854605,-8.392915221423646],[116.02520340024759,-8.396939201492344],[116.00309240668709,-8.4273078382673],[115.99999451188444,-8.432626540774116],[115.99804434882854,-8.438453881518933],[115.99732207513193,-8.44455049802863],[115.99785741810005,-8.450665955614625],[116.00850729277347,-8.506061846225073],[116.01051792430506,-8.512502798986048],[116.0139194084908,-8.518344363346346],[116.01854327605056,-8.523297118467086],[116.0346291231012,-8.537073566983837],[116.04193322385801,-8.579839844428303],[116.04014116712226,-8.634874261764034],[116.03336371602718,-8.666847739027437],[116.03279717300393,-8.670807679147265],[116.0301501988102,-8.705898402057361],[116.02471184127332,-8.708610531052289],[116.01722512783388,-8.713330211218514],[116.01511726856607,-8.715013207596146],[116.0127860809409,-8.71420234724738],[116.00841965954027,-8.713033447504456],[116.00392673788971,-8.712512712025813],[116.00133575497439,-8.712402918688396],[115.9975318649069,-8.710382110378573],[115.99231929678638,-8.708199682590863],[115.9867895732099,-8.707002294464619],[115.98113140910888,-8.706830810236019],[115.97553789994443,-8.707691082976048],[115.97019993655599,-8.709553754867352],[115.9652996949456,-8.712355258315988],[115.95279197983939,-8.721123003292453],[115.94639382338121,-8.72403968775291],[115.94110337863101,-8.724522011635662],[115.91997577640802,-8.723490712601023],[115.91719161904587,-8.723479906238653],[115.9135317094065,-8.723630169418813],[115.91278851316888,-8.721322622224422],[115.9105032757788,-8.716901205262989],[115.9054569442595,-8.708844544789844],[115.90191476673475,-8.704238837218606],[115.89755131765835,-8.70038289793253],[115.89252581731935,-8.69741740980773],[115.88702162678588,-8.695450565309612],[115.88123956042634,-8.694554121497832],[115.87539056364025,-8.69476078371295],[115.869688022182,-8.696063013105075],[115.86520563650366,-8.698032881711194]]},"properties":{"i":2,"t":0.8,"color":"#2f6f7e","alpha":0.3628324204171738,"width":0.4536}},{"type":"Feature","geometry":{"type":"LineString","coordinates":[[113.46943817831759,-7.706424155758612],[113.46938402996949,-8.413794815931917],[113.47005292910829,-8.420096464863379],[113.47203318451831,-8.426122455900762],[113.47523814080552,-8.431608911076859],[113.47952749744903,-8.436315566948862],[113.48471344583446,-8.440036299483141],[113.51190651118078,-8.455532440771375],[113.51786984977043,-8.458138122398031],[113.52425591419102,-8.459436094742134],[113.5379279530711,-8.46073827567739],[113.54528218070257,-8.460560572227768],[113.56395563255825,-8.457866244333216],[113.56732042670882,-8.461756102444776],[113.57159307082351,-8.465821921110502],[113.57794017091392,-8.470786235708918],[113.58405487780047,-8.474507309372482],[113.59087781662068,-8.476717903816306],[113.61872371872869,-8.482272829500385],[113.6200888691978,-8.482857890757092],[113.63307071143605,-8.501892282767821],[113.63659398025422,-8.506161254365372],[113.64084133899259,-8.509728153918221],[113.655001707659,-8.51957581615543],[113.66157165732913,-8.523049037089569],[113.6687954915549,-8.524850695435562],[113.6851537250104,-8.526884940836943],[113.68919983429522,-8.526935129598636],[113.69021243992087,-8.532717695475503],[113.69234581339653,-8.538216970491513],[113.69551559373758,-8.54320381522377],[113.69960188275572,-8.547489537696949],[113.70375291190797,-8.551070752995974],[113.70941657983285,-8.554941311987504],[113.71581172962581,-8.557463078914655],[113.72261512076201,-8.558508582300579],[113.74043851441685,-8.559240734175416],[113.74476231386616,-8.559115951243463],[113.75379602504044,-8.558220928430007],[113.7596476346341,-8.55706337300664],[113.76516111827051,-8.554805791737099],[113.77012712272949,-8.551533907101524],[113.77395222571552,-8.548441724806],[113.77777119327673,-8.544761464374892],[113.78088657274807,-8.54048199579057],[113.78232143631,-8.538097443609036],[113.78587129983183,-8.536077963814993],[113.78701187586479,-8.535741216978652],[113.78855563643404,-8.5461555905357],[113.7896450605749,-8.550856531553578],[113.79428301600564,-8.565423809782718],[113.79670297156864,-8.570999753699583],[113.80019878929316,-8.57598670572269],[113.80463013994088,-8.580184420586809],[113.80981911137252,-8.58342433672515],[113.81555735127833,-8.585576348324048],[113.8216144356522,-8.586554033226228],[113.82774712648974,-8.586318126098817],[113.83370914599536,-8.584878096874448],[113.83926107351701,-8.582291770775178],[113.83984770845409,-8.581859005761254],[113.84160809760859,-8.58290105825784],[113.86748852123503,-8.593969950100112],[113.87081333373631,-8.595171438913285],[113.89677604833528,-8.602903129279209],[113.90056359180097,-8.603775977528084],[113.91781687354354,-8.606624277033328],[113.92351607836866,-8.60703078759429],[113.92919252223608,-8.606383678842107],[113.93751272847521,-8.604645695080215],[113.93747846476961,-8.606309821415547],[113.93842394949354,-8.611877216782133],[113.94039831227742,-8.617174333176298],[113.94333297558575,-8.622017068057835],[113.95529540437876,-8.638130789016518],[113.95968022843087,-8.642882441549588],[113.96498143392257,-8.64661139938768],[113.97095986392804,-8.649149415576817],[113.97734578613871,-8.650381972683299],[113.98385106844654,-8.650253453542359],[113.9987452401992,-8.64838237374212],[114.00394020947257,-8.647270110436782],[114.00886248023963,-8.645286861713464],[114.0223041272307,-8.638471598015435],[114.0232597431232,-8.640408275742274],[114.02675764782542,-8.645907701580652],[114.03136172118298,-8.650543015286699],[114.03686009824281,-8.654100874487224],[114.04540551107102,-8.658414201124128],[114.053823473559,-8.661232041124746],[114.08938910690729,-8.667661683651383],[114.09406903409607,-8.668144376260589],[114.10318475624652,-8.668388433846328],[114.1088898852694,-8.668013466223778],[114.11442517893013,-8.666597041794175],[114.15497757986478,-8.652108631255915],[114.16087013627397,-8.651550300947743],[114.16225551696677,-8.653330132522537],[114.16450084665814,-8.65590220957091],[114.17499874457445,-8.666644794541936],[114.17954709034426,-8.670470663722975],[114.18476004262901,-8.673351449260334],[114.19043946837657,-8.67517764928128],[114.19636949125818,-8.675879845367387],[114.2023247018672,-8.67543134329782],[114.20807873166456,-8.673849188824088],[114.23192430372231,-8.664734593294053],[114.23725407716776,-8.662081125279986],[114.27026512811246,-8.641432579507452],[114.29574964258674,-8.642042032078495],[114.33263906622608,-8.658189197836247],[114.35701354923522,-8.680227214434906],[114.35917587245328,-8.691756404248084],[114.34634434773007,-8.706849885404571],[114.34332196409305,-8.711096607233682],[114.3410778168128,-8.715791150310915],[114.33967789050038,-8.720795541708487],[114.33682874658089,-8.735932273163733],[114.33632074484235,-8.742202056501101],[114.33713413639599,-8.748440269433765],[114.33923389813387,-8.754377815378826],[114.34252950726298,-8.75975855514116],[114.34687883711253,-8.764350358690699],[114.3520942823068,-8.767955122862125],[114.35795085005637,-8.770417322077282],[114.37992533160734,-8.777090890528706],[114.38548086793696,-8.778234639243147],[114.3911546091913,-8.778346382646271],[114.44362839400532,-8.774560813874501],[114.45981526256335,-8.777514658689308],[114.54539372724024,-8.806570070007565],[114.5511648748312,-8.807928690412268],[114.55709285353564,-8.808162977387376],[114.59892621483871,-8.80580290664279],[114.60534510084626,-8.804756959654565],[114.61139595130837,-8.802395652050542],[114.6168060704205,-8.798825402687873],[114.62133165645442,-8.794207112703655],[114.64891790039493,-8.759293386023579],[114.65230500537103,-8.753935210416891],[114.654493540749,-8.747999125038874],[114.65538831491698,-8.741743478107537],[114.65628233358416,-8.717166344213245],[114.6558991792833,-8.711182876499192],[114.65433106274051,-8.70539129344903],[114.6516394881287,-8.700018556392278],[114.64154777796944,-8.684069201133022],[114.63714041252226,-8.678619043586684],[114.62876864636159,-8.670415887226083],[114.62513232507247,-8.662794777705797],[114.62234236780954,-8.658096140798563],[114.61404096393555,-8.646621653542947],[114.60999682397048,-8.642072448256133],[114.60511799822531,-8.638409706159827],[114.59959958768746,-8.63577988053499],[114.54997010167926,-8.61792016264545],[114.52784163351029,-8.603216146308034],[114.52315135047435,-8.600657289045147],[114.51808193346668,-8.598945422425164],[114.50538683307258,-8.595852692782067],[114.49906390413923,-8.5949893924496],[114.48409558053378,-8.59450277686878],[114.47810206555552,-8.592273497450256],[114.46952979808283,-8.583877227212943],[114.46084700183972,-8.569804759348058],[114.4568414785107,-8.55784020214968],[114.45803569723988,-8.49743245712399],[114.4577798210618,-8.492889728146729],[114.4535463353746,-8.461069952237027],[114.45202025372775,-8.454824086259013],[114.4491962895928,-8.449037260294306],[114.445201616703,-8.44396996262429],[114.42762346719135,-8.425985934513374],[114.42303601226047,-8.422133772701965],[114.41777551739756,-8.419243505763285],[114.41204516949733,-8.417426761346151],[114.40606629008248,-8.416753703267103],[114.40006979208155,-8.417250323690913],[114.39428726751744,-8.418897440289106],[114.38964306544473,-8.421272884464168],[114.38940329420412,-8.420800224150216],[114.38874554778602,-8.41736619479858],[114.38903955085134,-8.41334139508309],[114.39349392278987,-8.39239920186105],[114.39404417462511,-8.388677544055225],[114.39634590743577,-8.361334283389414],[114.43042650655251,-8.186733900109555],[114.4384869007762,-8.22474179276677],[114.44031262423582,-8.230459818915493],[114.4432410594347,-8.235709738035778],[114.52388475536006,-8.351436673065209],[114.52611342753038,-8.354260521150461],[114.55125894594494,-8.38250095755052],[114.55508043324824,-8.386110046615851],[114.58535498434208,-8.410119526898237],[114.58959649040925,-8.412941847289764],[114.5942536454925,-8.415026675074115],[114.62876079887886,-8.42715264002093],[114.63392337219638,-8.42847877649293],[114.63924029804777,-8.428898470108619],[114.75308089001345,-8.428027319452193],[114.78696161946367,-8.434451920977486],[114.91165177423392,-8.493762211713666],[114.93397231651316,-8.508851268248577],[115.00179804911373,-8.571120896068411],[115.00646294560671,-8.574643693290408],[115.04052042017854,-8.59557876434562],[115.05258243318472,-8.604943498945861],[115.05665812575532,-8.612643544393148],[115.06133883342432,-8.625267065946044],[115.06379409865491,-8.630361150001939],[115.0671626518454,-8.634916459410634],[115.08042643417274,-8.649729227859597],[115.08434448591794,-8.653395989564734],[115.11282910619448,-8.67569537412868],[115.11966030944903,-8.679738070665419],[115.12763577546806,-8.683156324058874],[115.13060190474948,-8.684251264290703],[115.13314345453095,-8.68504413426858],[115.14460524469483,-8.709346130710856],[115.14678913942551,-8.713210641949134],[115.15025909011634,-8.718416505668698],[115.15435211283648,-8.72671065812999],[115.1525156377718,-8.736737603685851],[115.14486096886176,-8.751989521007143],[115.13996711211502,-8.757715933721665],[115.10153733899931,-8.7761528020597],[115.09673582055821,-8.779020029270212],[115.07606646227727,-8.794075079661425],[115.07159700603236,-8.79805515315542],[115.0680003755942,-8.802821380929306],[115.06541519338712,-8.808190107010297],[115.06394112162354,-8.813954451675277],[115.06363501634254,-8.819892280969285],[115.0643657766628,-8.835110318739172],[115.06519477593473,-8.840812870247863],[115.06710163274434,-8.846257105635997],[115.07001738849789,-8.8512460135699],[115.0738365639366,-8.855599052218194],[115.07842097211575,-8.859158685039295],[115.09689568605693,-8.870878478162014],[115.10119228764071,-8.87314915801575],[115.10579882635218,-8.87471839325484],[115.12687735507252,-8.880089827634384],[115.13309679438555,-8.88101606630748],[115.1559666361034,-8.882074174504673],[115.15911455340265,-8.882059836614404],[115.1826354498462,-8.880756756645825],[115.18819039260472,-8.87993968391429],[115.20235144517656,-8.876522432576722],[115.20644720532005,-8.87522714921315],[115.22459636239745,-8.86806463405596],[115.22939196750086,-8.86567087611887],[115.24518064727006,-8.85598623053281],[115.25075097755467,-8.85160801578906],[115.25514902630651,-8.846078333868624],[115.26165857839977,-8.835579894968602],[115.26394910641245,-8.831085370794844],[115.26545484367665,-8.826278116523396],[115.26613424807384,-8.821290858033832],[115.26857139737932,-8.773764631871808],[115.26838854409107,-8.768591975089521],[115.2673172133811,-8.7635256305402],[115.2617819158857,-8.745297032284839],[115.26126308975941,-8.744033554454225],[115.26222337337019,-8.743766233014235],[115.26732792348906,-8.741845327491141],[115.2720062757091,-8.73905914269461],[115.27610976460197,-8.73549622200233],[115.29100169452312,-8.720032380597898],[115.2957897232983,-8.713502805610881],[115.31602050802749,-8.676334779870075],[115.34272551198944,-8.646964120652752],[115.37784366494151,-8.624195429918965],[115.50927069725354,-8.576893026097471],[115.5140282928131,-8.574706838725072],[115.51833873498599,-8.571749842399013],[115.53551005976081,-8.557669993437209],[115.53971772779602,-8.553469952367912],[115.5430199989339,-8.54854155455992],[115.54529105904737,-8.543072623319762],[115.54748697941056,-8.535845508368206],[115.60719733198047,-8.531267664289503],[115.61329685213114,-8.53017733339436],[115.61904938170767,-8.527894665695623],[115.62421923547117,-8.524513187113216],[115.63488044505391,-8.515886664265757],[115.6380088926178,-8.512969423175202],[115.65932115429901,-8.490092541912016],[115.67392658765792,-8.481636731098172],[115.67783014026841,-8.478953759264648],[115.71005676696353,-8.452910181856575],[115.71253623599166,-8.45067104846301],[115.72279020530675,-8.440335484529673],[115.72730674534354,-8.43451326112706],[115.73027483559598,-8.427787338733983],[115.74353679653548,-8.383841386341851],[115.74464985352606,-8.378328626217247],[115.7447138815762,-8.37270731985138],[115.74372671964622,-8.367171141853216],[115.74172242113146,-8.361910825771915],[115.73877007486135,-8.357107593730607],[115.71565723264135,-8.326347025943953],[115.71227604971904,-8.322554318715715],[115.70830423353064,-8.319371163504206],[115.67144563643735,-8.294566482456046],[115.6415076250046,-8.267915499952545],[115.58905131661538,-8.202743725938825],[115.58578861691242,-8.199282926457501],[115.55600389383467,-8.172266462377824],[115.55245047207447,-8.169492297442224],[115.5195736091374,-8.147520699492759],[115.51435696935827,-8.144721265365579],[115.34981542486572,-8.075879169966797],[115.34416746803349,-8.074129871541778],[115.28007295761704,-8.060843390531764],[115.2689213937913,-8.054270384220022],[115.25435941889711,-8.04361210193161],[115.2478630211668,-8.039977562040074],[115.2271932072325,-8.031515174381793],[115.22145464850679,-8.029795188176115],[115.19907723630196,-8.025400537141172],[115.19275297949387,-8.024823932180633],[115.17249051253424,-8.025067932827334],[115.16591367937906,-8.025857435323896],[115.15966277092465,-8.028030634131785],[115.12271875129743,-8.045526451283692],[115.11838455592361,-8.048030473099685],[115.11452212277308,-8.051202439176619],[115.04341826455182,-8.1200734169949],[115.00994453640872,-8.144289069550833],[114.98128782941589,-8.15014272430005],[114.89297221453505,-8.149985151783035],[114.88757798549055,-8.150449167834754],[114.88235084189324,-8.151847117886039],[114.85738240075132,-8.160937334674932],[114.70161182562579,-8.10646975394273],[114.69798911179228,-8.105445721501303],[114.6796793880688,-8.101458062701063],[114.67611523604822,-8.100897497355596],[114.63932355480728,-8.09729501427154],[114.62599622423566,-8.093963459588522],[114.61576909601673,-8.086375718300676],[114.61022632239903,-8.08310512161328],[114.60411401397887,-8.08105821604824],[114.5977040734997,-8.08032605243418],[114.59128163380342,-8.080941197090274],[114.58513238238967,-8.082876284536272],[114.57952986155428,-8.086045234374417],[114.5574420933621,-8.101811883630539],[114.55740655313956,-8.101821878422317],[114.55174105037884,-8.095187608313811],[114.54311329374991,-8.082652648647302],[114.53970851530073,-8.07853576018166],[114.53562861588598,-8.075072284514286],[114.52252696558574,-8.065794879263795],[114.51739524989675,-8.06285967240792],[114.51178825065031,-8.06095920953298],[114.50591640165186,-8.06016481219332],[114.48264315793507,-8.059269951175345],[114.4755931315972,-8.05980839413547],[114.46474408907096,-8.06190545564194],[114.47617609619498,-8.022646322537971],[114.4773714359494,-8.014561994121648],[114.47785581156496,-7.966873806758483],[114.47689969095082,-7.959049735028622],[114.47510920492867,-7.952131846414562],[114.47387210794209,-7.9483851676740205],[114.47165530287943,-7.942906949085463],[114.47091358102368,-7.940098781370422],[114.47094583144099,-7.937851376466627],[114.47210161056992,-7.934542350815057],[114.48245014237108,-7.919841093045196],[114.48601748228343,-7.913100933270571],[114.48886603794533,-7.90553271273535],[114.49046732461748,-7.899355802368813],[114.496730283472,-7.85711920804328],[114.49703380677356,-7.853839634572431],[114.49784618324684,-7.832110506238399],[114.49756612451381,-7.826750409905519],[114.49633534166396,-7.821523414371744],[114.48925394660014,-7.80020286404162],[114.48648532862654,-7.794180025129668],[114.4824624515724,-7.788896678307268],[114.46822029496995,-7.773923453181323],[114.46471529164954,-7.77076823111897],[114.46076054534358,-7.768187197064944],[114.4242692707922,-7.748200309534513],[114.40881783753835,-7.735078124641651],[114.40269624084662,-7.731034465402049],[114.39488360059289,-7.727127746684811],[114.38945613503002,-7.725029837586875],[114.383725648651,-7.723990363674197],[114.37225247871976,-7.723014475616303],[114.36805189561257,-7.722944264908455],[114.3480560148588,-7.723973265441982],[114.3405392952623,-7.72331578671603],[114.33830714708897,-7.7226108129579165],[114.32915972366807,-7.716807815668644],[114.29492437162003,-7.683796707614058],[114.2896197538213,-7.6797035592046505],[114.28354055426847,-7.676858694776114],[114.26848643963585,-7.671732107299349],[114.26154002789978,-7.670232820662685],[114.25443216456786,-7.670364513976701],[114.23270473825276,-7.67329437458125],[114.22893001350825,-7.674045834129458],[114.1923728233807,-7.683731067465467],[114.17850002709571,-7.683351087624532],[114.15656462274974,-7.674655711555923],[114.13918626820193,-7.659631517008373],[114.10131423612819,-7.6120417270617216],[114.09748775114419,-7.608042483747883],[114.09299348562777,-7.604796682511855],[114.06125662103798,-7.585998972149691],[114.05612986009658,-7.583571927372637],[114.05063853291533,-7.582127535203041],[114.04497247712094,-7.58171572533676],[114.03932756593014,-7.582350731222398],[114.00986962925249,-7.588454403996343],[114.00500538989895,-7.589888868132732],[114.00044787545455,-7.592101596670219],[113.99632281675687,-7.595031547096466],[113.92902523792276,-7.651766077684457],[113.9229612387275,-7.654205490457185],[113.90980263379099,-7.655627653255681],[113.89266549843087,-7.653359008853413],[113.87867975376956,-7.649065842843554],[113.87165237420379,-7.647775499019538],[113.85676044831872,-7.64679964536767],[113.85118693350675,-7.64693941731657],[113.84573191036237,-7.648080344416836],[113.84057693539746,-7.650184451688453],[113.82299984676675,-7.659297898961014],[113.817970960014,-7.6625671138871665],[113.81368570178059,-7.66674913884661],[113.79457695916129,-7.689482712304033],[113.78914562097022,-7.6942521383627644],[113.7843809186135,-7.695459418017408],[113.77070204297439,-7.693366458039168],[113.73352394275325,-7.679840515543766],[113.72516216959855,-7.678060992042412],[113.70213383040881,-7.6764332376499835],[113.69698167483688,-7.676500406828775],[113.69191423263712,-7.6774242877970575],[113.68288185123667,-7.679866153749703],[113.67836527385823,-7.681474208937435],[113.66190582167656,-7.688826631423348],[113.65849139425067,-7.6894452833408975],[113.53320019255759,-7.670440803041553],[113.52871330801027,-7.670091719503592],[113.52422342810814,-7.670399377707844],[113.50021817783886,-7.673817261273004],[113.49451864533303,-7.675192178234735],[113.48918934687285,-7.677620811129098],[113.48462156657702,-7.680255654858302],[113.47948301591441,-7.683980118331222],[113.47523491466158,-7.688678819100505],[113.47206166473346,-7.694147828005348],[113.47010103533006,-7.700149776584063],[113.46943817831759,-7.706424155758612]]},"properties":{"i":2,"t":0.8,"color":"#2f6f7e","alpha":0.3628324204171738,"width":0.4536}},{"type":"Feature","geometry":{"type":"LineString","coordinates":[[115.53639773367767,-8.639124190261024],[115.53076798386418,-8.641917847445649],[115.52367223435944,-8.640496649013727],[115.51820629960613,-8.63989969154474],[115.51272047718277,-8.640278432543981],[115.50739150497785,-8.641620670037332],[115.50239107109097,-8.643883160535205],[115.49788028589276,-8.646993011301934],[115.48730047531177,-8.655781481935668],[115.48291923651821,-8.660257162588731],[115.44727415186098,-8.705095979426373],[115.44469014081564,-8.708908585169064],[115.44271850102383,-8.713063328076366],[115.43962498014511,-8.721119101760067],[115.43811860460083,-8.726483521768472],[115.43763105037245,-8.73202984820779],[115.43817883590077,-8.737570678004868],[115.43974349603516,-8.742918785790534],[115.44227220003279,-8.747893450676179],[115.44567953154935,-8.752326564252629],[115.44985037116729,-8.756068313219671],[115.45619854673785,-8.760788611246747],[115.4609074558861,-8.76367077847603],[115.46606443968034,-8.765668050741061],[115.47100606752977,-8.767088146698839],[115.4815662100441,-8.779978252011649],[115.48788431866964,-8.785782998508346],[115.54330621322109,-8.823871470104436],[115.54749449286038,-8.826287426279352],[115.55201602893017,-8.828020260275121],[115.58009400609595,-8.836321884793929],[115.58585357086862,-8.837444612166683],[115.59172411592824,-8.837461588763736],[115.59749022326068,-8.836372191805914],[115.60294030994335,-8.834216396249719],[115.60787439721166,-8.83107330690069],[115.61211145225977,-8.827058253847659],[115.62959668900979,-8.80697199555391],[115.64623800756628,-8.789958424906407],[115.65018410961356,-8.784971733201514],[115.65299498499704,-8.779283260878884],[115.65454786613886,-8.77314156535316],[115.65477496540402,-8.766814995246584],[115.65366642663541,-8.76057996355584],[115.64519133685538,-8.731298609958587],[115.64274193230425,-8.72532728632771],[115.63907007629076,-8.720003223400301],[115.62461324994318,-8.703204803305695],[115.61790283480273,-8.685198165000703],[115.61460371191303,-8.678804866328973],[115.59853984547085,-8.655109907746642],[115.59501615499906,-8.650817948958487],[115.5907621758787,-8.647230593421305],[115.58591961056926,-8.644467322884744],[115.58064975370483,-8.642620169638269],[115.55770241027943,-8.636842605870646],[115.55230653094327,-8.635981312030394],[115.54684172860657,-8.636081692323323],[115.54148193288795,-8.637140551989075],[115.53639773367767,-8.639124190261024]]},"properties":{"i":2,"t":0.8,"color":"#2f6f7e","alpha":0.3628324204171738,"width":0.4536}},{"type":"Feature","geometry":{"type":"LineString","coordinates":[[117.47346242916751,-8.278877843785448],[117.47346003051649,-8.315137769597802],[117.47296213586381,-8.316252651139765],[117.46458548275488,-8.327002175180612],[117.4619596599587,-8.331107912529369],[117.46014343886627,-8.33562195646731],[117.45919903424942,-8.340389752230678],[117.45846654711066,-8.347550740383271],[117.45841011267301,-8.352210597261445],[117.45918739379034,-8.356806919549667],[117.46077393091177,-8.361194902004648],[117.46311976464426,-8.365236298598697],[117.47076952113588,-8.376060740277635],[117.47424977744583,-8.380059662767726],[117.4784681896852,-8.383289474499236],[117.48594449224757,-8.387905718462816],[117.49053769926903,-8.390163839466787],[117.4954842709085,-8.391505974047178],[117.50059947862032,-8.391882002714409],[117.50569229350285,-8.391277885498274],[117.51057252456323,-8.38971618615322],[117.51505792542802,-8.387255228589638],[117.51898100334792,-8.38398691718988],[117.5221952756217,-8.38003330269095],[117.52458073945114,-8.375542022244503],[117.52604835092208,-8.370680784333215],[117.52654334612657,-8.365631104855536],[117.52653034061439,-8.173159127657481],[117.52598112610968,-8.167845138066676],[117.52435654022156,-8.162751171919576],[117.52172386234383,-8.158088066122103],[117.51819208553292,-8.154048818171963],[117.51390740178041,-8.150800600831907],[117.50904715031906,-8.148477846022713],[117.5038124795228,-8.147176683623249],[117.49842002574405,-8.146950964835545],[117.493092952724,-8.147810034323854],[117.48805172141103,-8.14971834315375],[117.48195896135357,-8.152760140569567],[117.4756111954812,-8.157189264860577],[117.46853117608832,-8.163861939355444],[117.46501893451051,-8.167923449514063],[117.46241062755246,-8.172604768603113],[117.4572019643559,-8.18473049887202],[117.45585251026218,-8.188741981654452],[117.45517114096901,-8.192915778127889],[117.45403018694734,-8.207075775636929],[117.45398249140477,-8.210534652254019],[117.45617773044306,-8.252039012390565],[117.45685993430332,-8.256734822959773],[117.45838505088618,-8.261232488977052],[117.46033785037534,-8.265627624555892],[117.46264635432091,-8.269765933420912],[117.46566744517925,-8.273427609647024],[117.46930321142234,-8.276493960751901],[117.47343580852755,-8.278865589817002],[117.47346242916751,-8.278877843785448]]},"properties":{"i":3,"t":0.7,"color":"#2f6f7e","alpha":0.45587654404639955,"width":0.46215}},{"type":"Feature","geometry":{"type":"LineString","coordinates":[[116.76814316021024,-9.041213649512125],[116.79036130854038,-9.057428023468194],[116.79424909731028,-9.059784592201362],[116.7984875371535,-9.06145034280331],[116.82062395274154,-9.068041714347721],[116.82532566061924,-9.068994796170514],[116.84460855379079,-9.071137827021598],[116.89818871889047,-9.088376048648488],[116.90582251352437,-9.08966058374126],[116.92763407137433,-9.090148537000644],[116.93295984951847,-9.089737600356498],[116.94484644865472,-9.0876186517218],[116.95673055752559,-9.093897821285578],[116.97335731079652,-9.104801834592685],[116.98912860092717,-9.123890217658346],[116.99278757625613,-9.127526988773852],[116.99709246666175,-9.130392724072268],[117.00187921932672,-9.132378208843347],[117.00696540728192,-9.1334077747593],[117.01215718533368,-9.133442185094804],[117.07372548907786,-9.12788755581672],[117.07630554820737,-9.127528033214498],[117.1318102139398,-9.117029096948608],[117.13710354356218,-9.11544945522938],[117.14195136640437,-9.11282313644901],[117.14614406861139,-9.109263708135993],[117.160311893904,-9.09444000645422],[117.1616455267633,-9.092933451213241],[117.17414114578519,-9.07768080315616],[117.17616992396204,-9.07483797843933],[117.18955576701624,-9.053160212806631],[117.19753355636288,-9.049992584774612],[117.22161579145771,-9.050031000375345],[117.2650924880745,-9.06502823054672],[117.2671794912174,-9.06565442852072],[117.29253643463245,-9.072152983757606],[117.32490789740561,-9.083979243289388],[117.33080811123641,-9.085404200242778],[117.33688174831384,-9.08547013397097],[117.39162153112541,-9.079854484443242],[117.39611538853072,-9.079002291981427],[117.48107532113785,-9.055241563751926],[117.50712361811298,-9.048093875075644],[117.5117306483713,-9.046361092300511],[117.51593434976625,-9.043818236319908],[117.51959020286122,-9.040552736347278],[117.52257253385191,-9.036676863921265],[117.5247788348182,-9.032323871114151],[117.52613328585163,-9.02764340772665],[117.52658935821314,-9.022796375301423],[117.5265469812018,-8.418874584690892],[117.5260318165954,-8.41372574924133],[117.5245057951493,-8.408776787527112],[117.52202820942485,-8.40421987132602],[117.51869529239363,-8.40023194328032],[117.51463647737172,-8.396967848425499],[117.51000937100011,-8.394554324118872],[117.50499363458556,-8.393085081283887],[117.49978401113864,-8.39261716753894],[117.47352084830295,-8.392827374881458],[117.46799804585234,-8.390756242316726],[117.46206270159252,-8.386818771258064],[117.45724195793127,-8.3842887191547],[117.45200005794173,-8.382787181726416],[117.44655852036554,-8.382377615278042],[117.4411472968158,-8.383077330940461],[117.43599506005538,-8.3848567629807],[117.43143825751449,-8.386972617420449],[117.42662257115241,-8.389861474880759],[117.4225313989731,-8.393690214152931],[117.41934891819312,-8.398286498188751],[117.4172184193003,-8.403443433443728],[117.41623585157195,-8.408928879921193],[117.41512000255281,-8.424884751999913],[117.41313473330217,-8.431897672789088],[117.40833138808667,-8.439902595988256],[117.4076991637686,-8.441359034914045],[117.36649728307178,-8.42378738845832],[117.33182901322441,-8.398547390772448],[117.32830747537584,-8.396381046186038],[117.30135235093603,-8.382559766114287],[117.28937625703168,-8.373953670870621],[117.28401800900534,-8.370973275956427],[117.27221865748444,-8.366090538203817],[117.26807040326757,-8.36475804629462],[117.26375757813763,-8.36411548113573],[117.23302016686678,-8.362066516496535],[117.2311490578524,-8.361624251659169],[117.21639520125264,-8.341953937698147],[117.21258553347707,-8.337863085123306],[117.20799035592213,-8.334657872536653],[117.20281586332368,-8.332482115960431],[117.1972942308671,-8.331433439876184],[117.19167320157774,-8.331558898931752],[117.18620497693959,-8.33285286737407],[117.16632668019601,-8.339828515828536],[117.1350403058556,-8.34630145968214],[117.1284317911451,-8.34860290005831],[117.10564571653113,-8.36007614718049],[117.10099664427091,-8.363058832358716],[117.09707481034513,-8.366931351281584],[117.09405113772024,-8.371524956742627],[117.09205742517177,-8.376639472160099],[117.09118059949141,-8.382052012084817],[117.09145892063253,-8.387526693553964],[117.09288030628284,-8.392824915463844],[117.09315868322267,-8.393547763274414],[117.07728395929408,-8.402274704326924],[117.0742581148932,-8.404215199899468],[117.01728551305874,-8.446444633638174],[116.97359049411452,-8.471701403908687],[116.88382634945557,-8.500794923073235],[116.87785900816084,-8.501879829638744],[116.87184965241326,-8.501595366836556],[116.87135028722086,-8.501388060061862],[116.85536472936602,-8.48792033425953],[116.85119511431435,-8.485040051396542],[116.8465467458206,-8.48299879686538],[116.84159015589437,-8.481871456302267],[116.83650717788869,-8.481699387938317],[116.83148427965686,-8.482488905990355],[116.82670572708508,-8.484211048882075],[116.8223468280599,-8.48680264081437],[116.81856750402909,-8.490168607891157],[116.81550642445276,-8.494185464095828],[116.81327591902757,-8.498705839569924],[116.81195785431858,-8.503563885430822],[116.81160062634424,-8.50858135717654],[116.81268950821239,-8.55056944818162],[116.81209859994405,-8.552177811268427],[116.78451910521309,-8.558029531144701],[116.77996589900495,-8.559428259986353],[116.77573900171532,-8.561609449759722],[116.77197464632768,-8.56450280551165],[116.76879416660879,-8.568015078155485],[116.76630008684303,-8.572033068323112],[116.72472194809033,-8.654870746205098],[116.72293538449023,-8.659468434812316],[116.72204876041975,-8.66431507452537],[116.72209330211659,-8.66924016084427],[116.72306747825446,-8.674070422923023],[116.72493704883807,-8.678635919658188],[116.72763626527204,-8.682776019508148],[116.73107018001855,-8.686345053510227],[116.73511798507018,-8.68921744235912],[116.74574698805624,-8.69535491024263],[116.7457666359386,-8.701916483843918],[116.73828000679688,-8.731896174358907],[116.73751462865442,-8.737514784514198],[116.73798732168675,-8.743164863292067],[116.7396761054294,-8.748583034343191],[116.74250230358105,-8.753516721144242],[116.74950507571943,-8.763143118471698],[116.75330146924951,-8.767330547250161],[116.75791288906981,-8.770623323877603],[116.76312792228782,-8.772870479125448],[116.7687074665279,-8.773968983022042],[116.77439569763276,-8.773868471036431],[116.77729292073595,-8.773508272254432],[116.77763828018342,-8.774182624166748],[116.7789733109553,-8.778830675986267],[116.78090960409953,-8.78367809238569],[116.78377650627993,-8.788052208811699],[116.78686944662529,-8.791877376234085],[116.78961221290193,-8.794787090545078],[116.79179500626354,-8.796493454536195],[116.77153027776747,-8.800631384337757],[116.7669732600206,-8.801992019544002],[116.76273505373072,-8.804134252963078],[116.75895166125171,-8.806989345742968],[116.75574449866123,-8.810465682634888],[116.73873944065747,-8.832590418757166],[116.71632180678021,-8.854892100508943],[116.71318958981655,-8.8586477632689],[116.71081259258777,-8.862910023702126],[116.70927247788273,-8.86753249939855],[116.70862217315603,-8.8723564309439],[116.70888404867216,-8.877216133627039],[116.71031639565304,-8.886840260092299],[116.71050414464904,-8.887939163213789],[116.71475768720165,-8.909973515088959],[116.71609518695769,-8.914573470336691],[116.71798441380045,-8.919371473839313],[116.70941705371143,-8.931469029291922],[116.70657622920282,-8.936624889376427],[116.70496589198453,-8.942275388779848],[116.7022167365171,-8.958849254856307],[116.70190322147364,-8.96446659701041],[116.70280835249686,-8.970021066646991],[116.7048906336436,-8.975257695521936],[116.70805452354448,-8.979936095615466],[116.72368032167826,-8.998399205839279],[116.73469596738953,-9.01635148113047],[116.73836262481565,-9.025355219630992],[116.74090924983837,-9.030124846061732],[116.7443886943398,-9.034280296474455],[116.74865426336808,-9.037646343780857],[116.7535260973861,-9.040081045098821],[116.7587987577087,-9.041481730112515],[116.76424989335837,-9.041789332813256],[116.76814316021024,-9.041213649512125]]},"properties":{"i":3,"t":0.7,"color":"#2f6f7e","alpha":0.45587654404639955,"width":0.46215}},{"type":"Feature","geometry":{"type":"LineString","coordinates":[[117.32288505380207,-8.158839262108204],[117.32308465455816,-8.163763919911302],[117.3242106660414,-8.168564861905953],[117.32622344288377,-8.17307291674428],[117.32905208603252,-8.177129228407983],[117.33259693789526,-8.180590855513916],[117.33673309239045,-8.183335810229135],[117.34131479642441,-8.185267358918122],[117.34618058765561,-8.186317432652393],[117.35078547173089,-8.186439156108866],[117.3510612213549,-8.186599977256254],[117.35523654590628,-8.188173793480276],[117.36296901930112,-8.190370901534328],[117.36730020981359,-8.191223099240844],[117.3717142680619,-8.191352492751484],[117.37936376935276,-8.190945428306032],[117.3843289969636,-8.19021037680774],[117.3890654095746,-8.188562801679415],[117.39340338711449,-8.18606170981777],[117.3945550369367,-8.18506806608439],[117.39586090128525,-8.184731622939559],[117.40508558130465,-8.181282204488927],[117.4125840068598,-8.179003076049279],[117.41659367244365,-8.177420729100383],[117.4202909669803,-8.175215806051444],[117.42566207459538,-8.171390588052912],[117.42689726994573,-8.170340913891268],[117.4300180733634,-8.169076754989502],[117.43428534497342,-8.166302288211094],[117.4379365549726,-8.162770207942078],[117.44167946083154,-8.158376023697544],[117.44454156134988,-8.154284086013368],[117.44657208979777,-8.149731189571266],[117.4476981226225,-8.144880914313394],[117.4478792385779,-8.139907517957386],[117.44710896620904,-8.134989674817628],[117.44541501130884,-8.130304056908505],[117.44285825689292,-8.126018987904832],[117.43953057228146,-8.12228839778594],[117.43555151051072,-8.11924629508032],[117.431064013014,-8.117001954963715],[117.42966095802778,-8.116605556798433],[117.42674337631748,-8.114679529923535],[117.42217031501005,-8.112762075432276],[117.41802056274908,-8.111460140446974],[117.41138327908536,-8.110268297873224],[117.40031601292506,-8.109698281044329],[117.39434539860902,-8.110059129105116],[117.38124420206508,-8.112337917666505],[117.37619837836395,-8.11373550444043],[117.37152842448755,-8.116087465407867],[117.36741652132704,-8.119302054761214],[117.36402309165427,-8.123253872788252],[117.36349602489136,-8.124007420106858],[117.35976526459166,-8.123996188853324],[117.3552202168942,-8.124773227615654],[117.34618773171319,-8.127133035971465],[117.34073605184678,-8.129216116613025],[117.33587732351049,-8.132430034870874],[117.33184731303979,-8.136618853072026],[117.32884159487128,-8.141579324080217],[117.32526019193881,-8.149311135809207],[117.32361886271121,-8.15396441304887],[117.32288505380207,-8.158839262108204]]},"properties":{"i":3,"t":0.7,"color":"#2f6f7e","alpha":0.45587654404639955,"width":0.46215}},{"type":"Feature","geometry":{"type":"LineString","coordinates":[[116.81172801348175,-8.44883651090918],[116.81277836283277,-8.453971119835508],[116.81483838860552,-8.458797330759449],[116.81782612819039,-8.46312304066517],[116.82162268077894,-8.466776063070713],[116.82607693757794,-8.469610984349288],[116.83446033945151,-8.473842220063043],[116.83836960194147,-8.475441009255677],[116.84248600863641,-8.476405421650483],[116.85477482739924,-8.478277505052597],[116.85965435231863,-8.478570425967003],[116.86450544900123,-8.477973592524542],[116.8691636380435,-8.476507242517503],[116.87694061169594,-8.473252113171467],[116.87991844868542,-8.472720239336203],[116.8821536788508,-8.473656468308732],[116.8872248281499,-8.475210398799684],[116.89250720743259,-8.475735388606482],[116.89885563859652,-8.475735365481084],[116.90407142162925,-8.475223619223001],[116.9217325245006,-8.471723325845048],[116.92578293431337,-8.47058358797673],[116.92960014418651,-8.468824786173837],[116.93802203478475,-8.464106641791599],[116.93961662485603,-8.464547302348349],[116.94521308580231,-8.464884728121186],[116.95075636843946,-8.464052224052008],[116.95599921301954,-8.462086927154992],[116.96120742975413,-8.459482756872273],[116.96547707113731,-8.456815532582201],[116.96915875600834,-8.453396941835148],[116.96968046683226,-8.45268390797444],[116.96999850601586,-8.452942089011582],[116.97467732673881,-8.455395434389809],[116.97975542282195,-8.456881496663435],[116.98503071861604,-8.45734114151299],[116.9902932873603,-8.456756080070202],[116.99533371002532,-8.45514959676784],[117.00965738503568,-8.44896417204586],[117.01331647626894,-8.447034438695768],[117.01662706174308,-8.444564675776837],[117.01923107667675,-8.442285558756916],[117.02047057545946,-8.440948627026753],[117.02195084209272,-8.440250546535328],[117.02625143443203,-8.437026732288643],[117.03145943973426,-8.432224492998555],[117.034780296959,-8.428525121740542],[117.03734060931623,-8.424275301090857],[117.03904951271211,-8.419625900459366],[117.03984637513385,-8.414741968290839],[117.03970294485856,-8.409796872021959],[117.03897055926916,-8.403937943603891],[117.03790889914774,-8.399159286401101],[117.03596945009814,-8.394658395287369],[117.03321957138614,-8.390591526154799],[117.02975474907245,-8.387099862998468],[117.0256952792446,-8.384304618310164],[117.02118209158218,-8.382302826947061],[117.01637185822854,-8.381163979191712],[117.01143155752443,-8.380927609617968],[117.00971973141132,-8.381003799949985],[117.00673489401625,-8.379851092045259],[117.00130631680722,-8.378387811500403],[116.99929145883094,-8.378280726076573],[116.99570718149758,-8.37680179886149],[116.99089168028547,-8.37578922967994],[116.98596998511121,-8.37567370606212],[116.98111136130751,-8.376459203001742],[116.97648290707431,-8.378118707692334],[116.97224380981069,-8.380595147757274],[116.96853987365799,-8.383803352803003],[116.96549850604305,-8.387632982044751],[116.96305636466148,-8.391376852224072],[116.96105217219639,-8.395065046520841],[116.96041125228486,-8.396510240743087],[116.9594364691648,-8.396097380387815],[116.95417853465823,-8.395032060261736],[116.94881144915298,-8.395034629508109],[116.93269950935107,-8.396661460535976],[116.92760749492062,-8.39768096730141],[116.92281370764198,-8.399661947202992],[116.911502146065,-8.405683562844215],[116.9067324788239,-8.40893202182063],[116.90554454580028,-8.41019528699781],[116.88527727701482,-8.408209528561319],[116.88056816109165,-8.40816320102912],[116.87592486203724,-8.408940638434403],[116.85208227263463,-8.415125157637315],[116.85168943320846,-8.415230232433965],[116.83101963800875,-8.420926797148367],[116.82608497031893,-8.422829061237518],[116.82163021333308,-8.425662337040395],[116.81783265406561,-8.429313877904221],[116.8148434390281,-8.433638370678736],[116.81278155835372,-8.438463716013855],[116.81172910720473,-8.443597875114845],[116.81172801348175,-8.44883651090918]]},"properties":{"i":3,"t":0.7,"color":"#2f6f7e","alpha":0.45587654404639955,"width":0.46215}},{"type":"Feature","geometry":{"type":"MultiLineString","coordinates":[[[115.91053554729704,-8.727782133140561],[115.9103432971681,-8.726956200394456],[115.90902211770133,-8.722853975031734],[115.90704065019773,-8.719020214201299],[115.9019943626722,-8.710963508592044],[115.89892300893953,-8.706969945442621],[115.89513952300905,-8.703626494286677],[115.89078196332261,-8.701055142806258],[115.88600932320908,-8.699349706278614],[115.88099573172671,-8.698572406462386],[115.87592410376784,-8.698751602699044],[115.87097947052668,-8.699880757789186],[115.86634223295765,-8.701918676274214],[115.86559230971557,-8.702337219734348],[115.85602560212995,-8.699581254458222],[115.85115277468482,-8.698654547180059],[115.84619062351074,-8.698639705604712],[115.84131223442654,-8.699537247890854],[115.83668777346563,-8.701315866911964],[115.83247855459896,-8.703913521595913],[115.82883141531926,-8.707239599782215],[115.8258735958223,-8.711178077365334],[115.81110165962765,-8.735258234653305],[115.8088240084585,-8.739973243912953],[115.80753581711357,-8.745040620828126],[115.80440938611336,-8.765978428584805],[115.80423791419162,-8.767390484271512],[115.80217838157402,-8.789364363504568],[115.80237174742604,-8.795764512881396],[115.80412668973753,-8.801928187930887],[115.8147493586915,-8.826999868716056],[115.81733313843391,-8.831691244745471],[115.82082413996453,-8.835768983724334],[115.82507796075662,-8.839064382742151],[115.82991862468062,-8.841441101913546],[115.83514586335392,-8.842800807790852],[115.85860707516468,-8.846435010324777],[115.91523335642489,-8.877817879819904],[115.91908337308558,-8.879568359460913],[115.92316606246047,-8.880691942849083],[115.93928113755425,-8.883784134463305],[115.94449588482482,-8.884265252724777],[115.94970484882268,-8.883726670656904],[115.96410978985656,-8.880797457237856],[115.9650530684957,-8.880521298076788],[115.97132044191692,-8.898357145860233],[115.97381319229751,-8.90353946769302],[115.97950886310997,-8.912653803754356],[115.98240098360604,-8.916460572503308],[115.98594117557967,-8.919689072916897],[115.99334735733856,-8.92530537685338],[116.00009946981652,-8.929025372134413],[116.0098660296158,-8.932687597792448],[116.01450357727099,-8.933965761797761],[116.01929842921393,-8.93439656721561],[116.02996018031573,-8.93439655261571],[116.03455348423958,-8.934001455138723],[116.03900854160837,-8.932828189454268],[116.04319130498685,-8.930912058680738],[116.05352671359529,-8.925051699786037],[116.0579220965191,-8.921931634005423],[116.0615865353309,-8.91799665624082],[116.06254876155775,-8.91640999159828],[116.06451327235634,-8.917724927160716],[116.06939212566304,-8.919741203066746],[116.07457846235638,-8.920763362143576],[116.0880884036802,-8.922065431199854],[116.09413254311936,-8.921965560888166],[116.09999747700935,-8.920519136863941],[116.10537984771298,-8.917800975971604],[116.11604117775065,-8.910801566489969],[116.11961460007029,-8.907989714613905],[116.12264780838768,-8.904614850184108],[116.1246907243625,-8.901352367891494],[116.14952782121554,-8.90187216750424],[116.1554601467176,-8.903006638979296],[116.15850820559126,-8.905524946338307],[116.17437588202027,-8.928933369031647],[116.17750691034313,-8.932731091131693],[116.18129741225387,-8.935888378198154],[116.18959867827694,-8.941584694497918],[116.1938424186224,-8.943958578833216],[116.19845375815427,-8.945526667409816],[116.20327747571216,-8.946236177051063],[116.208151197111,-8.946063225388981],[116.21291086422501,-8.945013635152943],[116.22007328681882,-8.942735474198875],[116.2242471853496,-8.9410080424875],[116.22806391560437,-8.938606231778778],[116.23102978711422,-8.936367676872463],[116.23427277373376,-8.939033220903076],[116.23845399625034,-8.94136092717568],[116.24431330619147,-8.943965082689777],[116.24921919563053,-8.945599319155344],[116.25435269386233,-8.94626319019643],[116.2595190547704,-8.9459315121342],[116.27661020080066,-8.943164290943324],[116.2821185196239,-8.941657165411714],[116.3176837992644,-8.927706949014901],[116.32084627683533,-8.927071543585228],[116.32326634569495,-8.932277606702037],[116.32673205925244,-8.937804467257381],[116.33071897818374,-8.942687681689927],[116.33476848055325,-8.946678980715042],[116.33958867055506,-8.94972208402317],[116.34495633155224,-8.951676061669074],[116.35062287873802,-8.952450421570509],[116.35632587736804,-8.9520093025419],[116.36263695054981,-8.950836451417866],[116.36267900654428,-8.951334289078728],[116.36356812766579,-8.956219107009664],[116.36537185335405,-8.960851471331473],[116.368025780492,-8.96506589835248],[116.37143512478119,-8.968711829590319],[116.37547810428349,-8.971659012178874],[116.38001028927822,-8.973802154145469],[116.39392711086178,-8.978848455082273],[116.39893805683545,-8.980134882777634],[116.40410637411955,-8.980437598027613],[116.4092360231107,-8.97974511993761],[116.41413243238031,-8.978083716070474],[116.41860988332017,-8.975516405299553],[116.42249855790692,-8.97214056593988],[116.42565098159905,-8.968084240166863],[116.4279476166003,-8.96350127527721],[116.42930139329312,-8.958565486500495],[116.42966100827388,-8.953464063150118],[116.42928435634605,-8.940180937881912],[116.4315655856669,-8.941728184404978],[116.43625070207999,-8.944262760988442],[116.44135419342054,-8.945820902487014],[116.44666996890099,-8.946339688165674],[116.47565801262729,-8.946276611097934],[116.48100539832578,-8.945727736601231],[116.4861315363007,-8.944127241907983],[116.49082673431067,-8.9415406003029],[116.51321802712266,-8.926078866579624],[116.51521203215482,-8.92677317171746],[116.51944909000017,-8.927870475716265],[116.52381101152861,-8.92826550268591],[116.52817933989823,-8.927947525832643],[116.56950410694854,-8.921522979590051],[116.57458975245143,-8.920212393831804],[116.57931484079567,-8.917938868542242],[116.5834946199831,-8.914791304371098],[116.58696567216315,-8.910892775522461],[116.6104736550254,-8.87852251260752],[116.61305376925037,-8.874125458876604],[116.6147280921757,-8.869319639033781],[116.61543392970238,-8.864285108181834],[116.61514487726853,-8.859210482884922],[116.61387180329564,-8.854285874329268],[116.61166243616863,-8.849695766599014],[116.6085995710901,-8.845612106787016],[116.60479796473405,-8.842187865573168],[116.60040003455512,-8.839551309162118],[116.59557052408591,-8.837801196759637],[116.58438606320402,-8.83492498693612],[116.577147421637,-8.828827488832015],[116.57227590132044,-8.825569102182799],[116.56679840222132,-8.823449386745912],[116.56369239549045,-8.822625079040877],[116.56285917404684,-8.82139912870567],[116.55975364704386,-8.817635168595714],[116.55599989579832,-8.814500569364888],[116.5517262919147,-8.812102518349654],[116.54707897423219,-8.810523015456972],[116.54221685342921,-8.809816070615424],[116.53730618107377,-8.81000585788154],[116.53251486834297,-8.811085889162682],[116.53030849754491,-8.812032119177191],[116.52942171868801,-8.808625536971944],[116.5391453126623,-8.796256256656482],[116.5735742917212,-8.764039866390231],[116.57632254556655,-8.761038120628106],[116.57857123259585,-8.757654545663224],[116.60482630239981,-8.710597645063531],[116.62244619445418,-8.679672876587459],[116.64166291368642,-8.648538854043059],[116.64335409437494,-8.645316892107335],[116.65016282568024,-8.629807281978406],[116.68768050914218,-8.592287120963165],[116.69065454110037,-8.588736847124375],[116.70286095500305,-8.571239195435982],[116.7052386844536,-8.567059198423843],[116.70680784564591,-8.562521302609616],[116.70751612448372,-8.557776882648515],[116.71144895677448,-8.487280823323239],[116.71348738635118,-8.483126055766483],[116.72058728783826,-8.47635577404133],[116.7242057187777,-8.472083686942476],[116.75716302078453,-8.423497929058906],[116.75917732992262,-8.419965917870813],[116.76723345330969,-8.402875470355847],[116.7690608927866,-8.397594700276366],[116.76971870319407,-8.39205115402543],[116.76917721294265,-8.386495305264633],[116.76111778345602,-8.347677951863139],[116.75915934018974,-8.341832867143882],[116.75587890857636,-8.336599713420911],[116.72698835846255,-8.300712250908596],[116.72201548044005,-8.29596336057473],[116.68401254827735,-8.268132820252877],[116.67828735233721,-8.264941107579734],[116.64337623003641,-8.250781905773643],[116.63668583537718,-8.249032951497426],[116.59671984857876,-8.243960361408893],[116.58488601474338,-8.240265802823947],[116.56967495438057,-8.22972514423532],[116.56606296845733,-8.227621866123114],[116.55068270962076,-8.220216283376931],[116.54700915969676,-8.218771434680257],[116.54315949110769,-8.21788272816079],[116.50296719979917,-8.21168125019554],[116.43462440517258,-8.19318114879603],[116.40648569551269,-8.17803532564874],[116.40210603478369,-8.176161106087035],[116.39745805008602,-8.175093630098234],[116.39269205572857,-8.174867420181814],[116.37511521647788,-8.175600330739913],[116.37081021220087,-8.176131110364942],[116.36665012346224,-8.177349189899767],[116.27681171929036,-8.211770887868516],[116.27124571016074,-8.214697027191365],[116.25456314354867,-8.226170381738063],[116.25077404182656,-8.229334264494433],[116.16331573636283,-8.3174297364997],[116.15346696893376,-8.324862488758347],[116.1256741483817,-8.339945328854347],[116.12261842721834,-8.341883516300276],[116.10699377608648,-8.353356886616401],[116.1039940016058,-8.355924706234532],[116.10141447910627,-8.358906134754362],[116.09579927275652,-8.366474837495968],[116.09238344441987,-8.372688769909466],[116.08902510061078,-8.381435386615827],[116.07115313257988,-8.380056098201516],[116.06675688730235,-8.380077950778542],[116.06242457142318,-8.380817307701731],[116.05827499932886,-8.382253892638909],[116.03923491787654,-8.390654354878404],[116.03516291025008,-8.39289359278771],[116.03154929229272,-8.395802583803682],[116.028505366895,-8.3992917379598],[116.00639450513674,-8.429660555924503],[116.00370839734008,-8.434272343701094],[116.00201748642301,-8.439325156142033],[116.00139126846466,-8.444611443228114],[116.00185551071453,-8.449914056049199],[116.01250593394667,-8.5053098285672],[116.01424937142899,-8.510894660982554],[116.01719877546887,-8.515959764287516],[116.02120806310822,-8.520254191383257],[116.03839938690246,-8.534977262979996],[116.04601531336512,-8.57956672803775],[116.04419928692175,-8.635355517955292],[116.03734916781444,-8.667673444500101],[116.0368579629402,-8.67110705156776],[116.03399996417313,-8.709000487393844],[116.03166057755078,-8.709631262127875],[116.02690177870583,-8.712004499661838],[116.01941502718768,-8.716724222308251],[116.01588069062382,-8.71954616731662],[116.01143427040265,-8.717999576983015],[116.00764817771865,-8.716986032577857],[116.00375239429809,-8.7165345069901],[116.00022946973978,-8.716385218998273],[115.99560392453381,-8.713927910697043],[115.99108415059936,-8.712035543843827],[115.98628936534318,-8.710997297426148],[115.98138320698911,-8.710848605500528],[115.97653311263073,-8.711594543255528],[115.97190460740416,-8.713209653824087],[115.96765565868516,-8.715638816487838],[115.95484021572302,-8.724622305716919],[115.9474644035892,-8.72798467151759],[115.94119051003416,-8.72855665971891],[115.91977484735433,-8.72751131134165],[115.91736072196409,-8.727501941617891],[115.91053554729704,-8.727782133140561]],[[116.42430405583406,-8.879567587388536],[116.42429177462463,-8.868408297592536],[116.43299651239344,-8.861929419084976],[116.4331518669238,-8.861916342313643],[116.42922524390104,-8.87366068865034],[116.42430405583406,-8.879567587388536]]]},"properties":{"i":3,"t":0.7,"color":"#2f6f7e","alpha":0.45587654404639955,"width":0.46215}},{"type":"Feature","geometry":{"type":"LineString","coordinates":[[116.00295330348217,-8.356889391658264],[116.00369765290299,-8.362008558051766],[116.00544168315226,-8.36688410887639],[116.00811777944234,-8.37132692325957],[116.01243064503163,-8.377105157423289],[116.01611529723667,-8.381103301565735],[116.02055002657518,-8.384269502632257],[116.02554657068943,-8.386469339244575],[116.03089280294742,-8.387609415636675],[116.03636174217492,-8.387641328901871],[116.04172119477205,-8.386563725056622],[116.04674361871714,-8.384422356400451],[116.05130179656967,-8.381899204149585],[116.0547151335685,-8.379650610055785],[116.05773760340055,-8.376908696297415],[116.06188756674418,-8.372513494754724],[116.06517431141076,-8.368224372992026],[116.06750805553452,-8.363362367325273],[116.06879079024176,-8.358131742636717],[116.06896866983591,-8.352752241772],[116.0683981275657,-8.344696291384397],[116.06756283307904,-8.339750550736978],[116.06579268622018,-8.335052049967375],[116.06315225381806,-8.330772084267009],[116.05973782222031,-8.32706668499692],[116.05567388438912,-8.32407093315629],[116.05110860052291,-8.32189403693434],[116.04620839775768,-8.320615352441955],[116.03766395320449,-8.319231432767722],[116.03243995912882,-8.31890278946276],[116.02725236840668,-8.31959497865192],[116.02230293978681,-8.321281080245758],[116.01778417488552,-8.323895517787228],[116.01387183467543,-8.327336607392391],[116.01071810531776,-8.331470510523468],[116.00844567873463,-8.336136437249504],[116.00453908313325,-8.346716204667802],[116.00323746753358,-8.351725172897275],[116.00295330348217,-8.356889391658264]]},"properties":{"i":3,"t":0.7,"color":"#2f6f7e","alpha":0.45587654404639955,"width":0.46215}},{"type":"Feature","geometry":{"type":"LineString","coordinates":[[113.4735003175781,-7.706424399865831],[113.47345336634348,-8.413795640899389],[113.47403341542574,-8.419259701632367],[113.47575051327051,-8.424484732150981],[113.47852951381378,-8.429241930205523],[113.48224875898077,-8.433322970946955],[113.4867454010024,-8.436549132222401],[113.51393832467707,-8.45204512170451],[113.51910900719677,-8.454304443583862],[113.52464621280657,-8.455429879849586],[113.53831811345184,-8.456732036720354],[113.54469478429672,-8.456577949441302],[113.56558914600363,-8.453563095956762],[113.57041305969874,-8.45913973626866],[113.57411780519851,-8.462665118301649],[113.58046489199899,-8.467629391061125],[113.58576683492211,-8.47085584596412],[113.5916828504305,-8.472772595593222],[113.61994880363783,-8.478411276756063],[113.62279839628552,-8.47963251626113],[113.63644520987675,-8.49964169020755],[113.63950019534656,-8.503343225884057],[113.64318300977911,-8.506436004282538],[113.65734332944773,-8.516283578441444],[113.66303999780963,-8.519295124504165],[113.66930361582767,-8.52085729478314],[113.68566168516004,-8.522891507543372],[113.69162534901574,-8.52296545644557],[113.6933504701432,-8.5225973353032],[113.69325551820744,-8.526616194584184],[113.69413678362754,-8.531648429814222],[113.69598664127356,-8.536416751114489],[113.69873513546743,-8.540740744748689],[113.70227830031939,-8.544456802160395],[113.70642932561267,-8.548037988828506],[113.711340186421,-8.551394060536078],[113.71688527960124,-8.553580621502537],[113.72278433672646,-8.554487148005366],[113.74060754494016,-8.555219279684465],[113.74435660516106,-8.555111080833655],[113.75339022170874,-8.554216061062128],[113.75846401053141,-8.553212369561269],[113.76324462607249,-8.551254872006254],[113.76755054753049,-8.548417894585482],[113.77137563683762,-8.54532573653401],[113.77468700003026,-8.542134663309593],[113.77738830961465,-8.538424025839918],[113.7793679907737,-8.535134096071502],[113.78425239589681,-8.532355419595314],[113.7903569111134,-8.530553064445238],[113.79258333003828,-8.54557175070715],[113.79352799389977,-8.54964785702746],[113.7981660882645,-8.564215098336858],[113.80026443521035,-8.569049895697363],[113.80329562756518,-8.573373980309498],[113.80713798435303,-8.577013726467523],[113.81163724049856,-8.57982298141259],[113.81661274021656,-8.581688936579912],[113.82186469266628,-8.582536659966227],[113.82718219816208,-8.582332107130616],[113.83235172192393,-8.581083489529371],[113.83716567413758,-8.578840945009294],[113.8395878151809,-8.577054102183983],[113.84322471935627,-8.57920695848727],[113.86910495360945,-8.590275731692527],[113.87198782371563,-8.591317512324737],[113.89795031019776,-8.599049110851997],[113.90123439968016,-8.599805934446824],[113.91848751087866,-8.602654194111201],[113.92342915218498,-8.603006666388007],[113.92835105747575,-8.602445571174211],[113.93925677554203,-8.60016746129252],[113.94185092559171,-8.599293169883694],[113.94163970080903,-8.601122115500127],[113.94153899143336,-8.606016106493849],[113.942358856701,-8.610843503420265],[113.94407083765199,-8.615436536865992],[113.94661546602698,-8.619635576318874],[113.95857797087885,-8.635749201446849],[113.96237999283393,-8.639869257255857],[113.96697656991294,-8.643102550355922],[113.97216033571543,-8.645303201515969],[113.97769741636849,-8.64637191862511],[113.98333798656418,-8.646260479418412],[113.99823200240995,-8.644389410245191],[114.0027364345175,-8.643424991261634],[114.00700442266329,-8.641705361617232],[114.02208547589152,-8.634058834138182],[114.02435097109877,-8.633438478270998],[114.02691931986128,-8.63864350425848],[114.02995232784455,-8.643411946331488],[114.03394445303121,-8.647431125876599],[114.03871198976898,-8.650516062348204],[114.04725734769067,-8.654829345535788],[114.05455637130088,-8.657272623516352],[114.09012165427025,-8.663702180569883],[114.09417950503439,-8.664120709274156],[114.10329513109559,-8.664364759202714],[114.10824190799337,-8.664039631232502],[114.11304142840578,-8.662811481523784],[114.1540772192237,-8.648150327884375],[114.16272377416077,-8.647331027064196],[114.16548264421817,-8.650875391878428],[114.16742954102244,-8.653105585087816],[114.17792745257839,-8.663848092279768],[114.18187124676545,-8.667165417473587],[114.18639129074349,-8.669663277887132],[114.19131579035906,-8.671246729783691],[114.19645756899887,-8.671855584225206],[114.2016211855577,-8.671466696411352],[114.20661036757878,-8.670094846238518],[114.23045573051978,-8.660980329947197],[114.23507706000225,-8.658679568749218],[114.26913047929939,-8.637378985991216],[114.29665784364697,-8.638037293985935],[114.33489623619498,-8.654774886594879],[114.36076874040418,-8.678167118457818],[114.3635303824769,-8.69289093776924],[114.349462098975,-8.709439434731397],[114.34684145121318,-8.71312172430702],[114.34489561482911,-8.717192309417358],[114.34368180068826,-8.721531553597842],[114.34083280874889,-8.736668320824787],[114.34039238557737,-8.742104759929203],[114.34109772199618,-8.74751381302905],[114.34291844023988,-8.752662151447204],[114.3457760412951,-8.757327683536879],[114.34954728428409,-8.761309137050588],[114.35406949837605,-8.764434744630993],[114.35914759881695,-8.766569657183007],[114.38112188326217,-8.773243150011263],[114.38593895573011,-8.77423486464859],[114.39085851674928,-8.7743317524325],[114.44385366065175,-8.770508512433837],[114.46085284643522,-8.773610589261754],[114.54671703356091,-8.802762980214743],[114.55172105827053,-8.803941005194709],[114.5568610623648,-8.804144147746808],[114.59869397642244,-8.801784086431152],[114.6042596356099,-8.800877169442014],[114.60950618916576,-8.79882973463202],[114.61419719484014,-8.795734052845116],[114.61812126034896,-8.791729634292336],[114.6457076050666,-8.756816137142655],[114.64864453541274,-8.752170172555347],[114.65054222430363,-8.747023104654462],[114.65131812501374,-8.741598939769514],[114.65221240705249,-8.717021823531462],[114.65188023527466,-8.711833649652792],[114.6505205947415,-8.70681184565594],[114.64818680717032,-8.702153208063308],[114.63809519126272,-8.686203767093431],[114.63427364917915,-8.681477989649338],[114.62539198262577,-8.672775118132975],[114.6214494369819,-8.664512058343696],[114.61903033425574,-8.660437922362181],[114.61072898396482,-8.648963366955693],[114.60722238187229,-8.645018794649129],[114.60299201445567,-8.641842860882292],[114.59820705285289,-8.639562557262723],[114.54811085667876,-8.621534810322755],[114.52557042637629,-8.60655700496533],[114.52150353013735,-8.60433823829838],[114.51710787971881,-8.602853889223974],[114.50441265987277,-8.599761123678936],[114.49893009092344,-8.599012559519062],[114.48329050009038,-8.59850410168915],[114.47585459710139,-8.595738319055144],[114.46631248213973,-8.58639204889203],[114.45712880079068,-8.571507557097112],[114.4527577622875,-8.558450795384113],[114.45396625874353,-8.49735384649419],[114.45374443392404,-8.493414915912352],[114.44951127852664,-8.461595110044586],[114.4481880897079,-8.456179405330474],[114.44573951224284,-8.451161717112079],[114.44227580974419,-8.446767914487783],[114.42469767998682,-8.428783757243679],[114.42071996232117,-8.42544358077485],[114.4161586421225,-8.422937451300811],[114.41118990366617,-8.421362163053876],[114.40600565791588,-8.420778556631378],[114.40080613383728,-8.421209170686003],[114.39579214946107,-8.422637372187316],[114.39115736036413,-8.42500799871095],[114.38817881972015,-8.427361781940013],[114.3855109117193,-8.422102495405502],[114.38464850426728,-8.417599706959452],[114.38500066987453,-8.412779375195498],[114.38951199618123,-8.39157044168909],[114.38998914323615,-8.388343456042909],[114.3923093724965,-8.360783841627532],[114.43026026172107,-8.166353424523416],[114.44246752176413,-8.223914951527627],[114.44405062329345,-8.228872950021392],[114.44658985446908,-8.233425052303765],[114.52723412346457,-8.34915133141566],[114.52916657963682,-8.351599831139115],[114.55431216227063,-8.379840076569666],[114.55762571429946,-8.382969438432994],[114.5879001922144,-8.406978721849683],[114.59157792070397,-8.409425890620371],[114.59561603876259,-8.411233594472455],[114.63012290567264,-8.423359431047015],[114.63459925207273,-8.42450929057208],[114.63920942919239,-8.424873195095337],[114.75345163903579,-8.42399887640348],[114.7882482493926,-8.430597132530067],[114.91369364431525,-8.49026654337916],[114.93651960639446,-8.505697204515602],[115.00456761138926,-8.568170517882384],[115.00861245788599,-8.571225055377065],[115.04285928004965,-8.592276425027144],[115.05578432243848,-8.602311128580707],[115.0603890184958,-8.611010456239953],[115.06516159590994,-8.623881402652577],[115.06729055179605,-8.628298384856516],[115.07021138871112,-8.632248199138044],[115.08347520007989,-8.647060865421336],[115.08687248017186,-8.650240233645903],[115.11535701806368,-8.672539434072062],[115.12128021533148,-8.676044761953822],[115.12925561936235,-8.679462981637428],[115.13182748246726,-8.68041237775828],[115.13607733592428,-8.681738162786823],[115.14829625088116,-8.707645042459868],[115.15018989422649,-8.710995883533432],[115.15380432272799,-8.716418425830899],[115.15859719503096,-8.726130544665354],[115.15642052414145,-8.738015631346906],[115.1482905933817,-8.754214818798859],[115.14252199048497,-8.76096484802955],[115.10331586081323,-8.779774268272684],[115.09915251375932,-8.782260418500307],[115.07848307016583,-8.797315595027648],[115.07460766720622,-8.800766681871279],[115.07148909961943,-8.80489943029385],[115.06924756249518,-8.80955459106278],[115.06796946617092,-8.814552778689695],[115.06770410224969,-8.819701382178406],[115.0684350273597,-8.834919415014896],[115.06915389184906,-8.839864002603038],[115.07080734086695,-8.844584599309165],[115.07333557530194,-8.84891038187777],[115.07664713172157,-8.852684808476356],[115.08062218912666,-8.855771285317358],[115.09909680815198,-8.867490972946081],[115.10282230028447,-8.869459825664105],[115.10681652341678,-8.870820471193579],[115.1278948487507,-8.876191847781238],[115.13328757273177,-8.876994965892704],[115.15615716939554,-8.878053059696471],[115.15888665040322,-8.878040627291298],[115.18240729451207,-8.876737557966466],[115.18722384926578,-8.876029093629004],[115.20138476179957,-8.872611875733933],[115.2049360991665,-8.871488766480345],[115.2230851023294,-8.864326319860735],[115.22724326724708,-8.862250748572984],[115.24303185663737,-8.852566188860111],[115.24786178836342,-8.848769937600922],[115.25167528330138,-8.843975267171489],[115.25818489502022,-8.833476886597206],[115.26017100415294,-8.829579772916905],[115.26147664430951,-8.825411490441537],[115.26206579071007,-8.821087122272708],[115.2645034518904,-8.77356092590045],[115.26434495083245,-8.769075794071966],[115.26341606095872,-8.764682836137009],[115.25788093580549,-8.746454184404831],[115.25600555239565,-8.741886971644949],[115.2556892737487,-8.74140300834323],[115.26111925638307,-8.739891459353831],[115.26554529495604,-8.738225887846788],[115.26960179787955,-8.735810051561645],[115.27315986266709,-8.73272072238295],[115.28805180200641,-8.717256992852038],[115.29220345024511,-8.71159533416557],[115.31266578602832,-8.674002500472477],[115.3400506457555,-8.643884378283774],[115.37600670495802,-8.62057252281446],[115.50787756062161,-8.573110529863433],[115.51200276738707,-8.571214938495439],[115.51574026841591,-8.568650994635318],[115.53291155007187,-8.55457125857638],[115.53655995446258,-8.5509294945423],[115.53942332380124,-8.546656181522009],[115.54139256339214,-8.541914174507511],[115.54439133719534,-8.532045003221754],[115.60688238851826,-8.527254193910101],[115.61217113566386,-8.526308794715826],[115.61715902473,-8.524329548074416],[115.62164170323001,-8.521397545743236],[115.63230288498382,-8.512771092429647],[115.6350155113491,-8.51024161693434],[115.65674004168164,-8.486922358316072],[115.67187045091896,-8.478162657500688],[115.67525514628521,-8.475836314025353],[115.70748168976638,-8.449792946398242],[115.70963159647351,-8.447851443359506],[115.71988556993284,-8.4375159544095],[115.72380180959684,-8.432467626088709],[115.72637544021235,-8.426635706503005],[115.73963780536455,-8.382689880508838],[115.74060296687574,-8.377909860750375],[115.74065853531917,-8.37303571312055],[115.73980262996143,-8.368235369867957],[115.7380647714972,-8.3636742143378],[115.73550486063803,-8.35950938373808],[115.71239213010575,-8.328748625600142],[115.70946036404108,-8.325460005485512],[115.7060164539108,-8.322699918928965],[115.66892985953979,-8.297741687160626],[115.63853621947374,-8.270684931861615],[115.58586994107546,-8.205251693696853],[115.58304090744635,-8.202250867105514],[115.55325614742668,-8.175234198975465],[115.55017502108254,-8.172828744236723],[115.517298007028,-8.150856960065964],[115.51277471105942,-8.148429592361303],[115.34823191078883,-8.07958684567181],[115.34333461271541,-8.078070041133932],[115.27857589840815,-8.064645803729],[115.26666761889685,-8.057626757218769],[115.25194269036909,-8.046849160608629],[115.24630973170501,-8.04369767926576],[115.22563976025424,-8.03523521029317],[115.22066390188785,-8.033743821943041],[115.19828627886554,-8.02934912457262],[115.19280255973683,-8.028849153642017],[115.17253988924297,-8.029093154200151],[115.16683716315815,-8.029777725735963],[115.16141705195511,-8.031662090170668],[115.12447276928746,-8.049158064397865],[115.12071463353583,-8.051329281667464],[115.11736556882298,-8.054079665721288],[115.04605314843566,-8.123153067301105],[115.01163106264887,-8.148054842870142],[114.98169960251712,-8.154168904642015],[114.89296448394737,-8.15401060991947],[114.88828718450705,-8.1544129540168],[114.88375476762826,-8.155625105799562],[114.85741066427934,-8.165216105354878],[114.70025686745358,-8.110265072908048],[114.69711564093382,-8.109377140639486],[114.6788057477522,-8.105389436531164],[114.67571529701787,-8.104903373127133],[114.63862187499154,-8.101271317500924],[114.62421032549959,-8.097668713052366],[114.6133307505225,-8.089596882300697],[114.60852467237191,-8.086760972883305],[114.60322474097464,-8.084986114115056],[114.59766672661948,-8.084351258031289],[114.59209787310247,-8.084884643848712],[114.58676590538049,-8.086562542786186],[114.58190801600996,-8.089310313308053],[114.5592405931861,-8.105490756042215],[114.55653972446541,-8.106250301781033],[114.55554556963072,-8.105877520982231],[114.54849976709319,-8.097626882524631],[114.53975327921151,-8.084919266462453],[114.53680105954204,-8.081349553576178],[114.53326343656917,-8.078346404002682],[114.52016173978244,-8.069068919752812],[114.51571208457176,-8.066523823960209],[114.51085030286619,-8.064875944607122],[114.50575886442468,-8.064187126092285],[114.48248538753435,-8.063292246612233],[114.47637235784235,-8.063759124423527],[114.45899459353433,-8.067117993253461],[114.47226989319692,-8.021531106309952],[114.47330642111525,-8.01452132333354],[114.47379127848038,-7.966833160602419],[114.47296230815408,-7.960049023661704],[114.47117188669387,-7.953131120210538],[114.47009924762621,-7.949882424000391],[114.46778763506082,-7.9441697768624016],[114.46684167036132,-7.94058820734807],[114.4668910883338,-7.9371468720520415],[114.46844491796966,-7.932698337992877],[114.47911608425716,-7.917538936013682],[114.48220930463911,-7.911694676635992],[114.48505791941503,-7.904126485386148],[114.48644641755328,-7.8987705974276015],[114.49270978076599,-7.8565340818724625],[114.4929729889291,-7.853690418251224],[114.49378558121377,-7.831961306851776],[114.4935427927936,-7.827313649765459],[114.49247564231598,-7.822781394202824],[114.48539443253662,-7.801460784018605],[114.48299384577162,-7.796238453489641],[114.47950568921004,-7.791657318260535],[114.46526355332169,-7.776683990176566],[114.46222441706733,-7.773948125482213],[114.45879530346774,-7.771710131378227],[114.421940686607,-7.751524134717162],[114.40617417246018,-7.7381342954573995],[114.40086620946725,-7.73462807094758],[114.3930535214309,-7.730721314874457],[114.38834741536255,-7.728902231777133],[114.38337855410467,-7.728000909074429],[114.37190527397154,-7.727025006148977],[114.3682629778916,-7.726964125278897],[114.34798266064237,-7.728007746976136],[114.3397343827217,-7.72728627394807],[114.33656591382142,-7.726285581262118],[114.32662240637013,-7.719977533318397],[114.29209163051324,-7.686681348806458],[114.28749206744058,-7.683132214580015],[114.28222085392572,-7.680665452650007],[114.26716662172889,-7.6755388103918065],[114.26114344266327,-7.6742387867567645],[114.25498026467396,-7.674352974087436],[114.23325262942483,-7.677282853188094],[114.22997959342045,-7.677934436962575],[114.1928514590057,-7.687770891858059],[114.17766418502539,-7.687354897511428],[114.15441502709454,-7.678138710655761],[114.13623139259285,-7.662418231292993],[114.09812542722874,-7.614534016896995],[114.09480754652971,-7.611066311312391],[114.09091062682296,-7.608251903831585],[114.05917361138764,-7.589454022185846],[114.05472824875076,-7.587349548564273],[114.04996676419287,-7.586097123967709],[114.04505376842704,-7.5857400436461475],[114.04015910645218,-7.5862906500731],[114.01070089581897,-7.592394366276522],[114.00648315220407,-7.593638177602303],[114.0025313738778,-7.595556815812331],[113.99895458318379,-7.598097350190166],[113.93115892665018,-7.655251937562554],[113.9239648055409,-7.658145974566083],[113.90975365707679,-7.659681887610255],[113.89178998898743,-7.657303816005901],[113.87747831931021,-7.652910593366624],[113.87138493284333,-7.651791741529689],[113.85649286435802,-7.650815868437487],[113.85166010903085,-7.650937060573129],[113.84693009879034,-7.651926347547713],[113.84246026429517,-7.653750800957003],[113.82488305459914,-7.662864321625787],[113.82052256139957,-7.665699029534751],[113.81680687602783,-7.669325224359856],[113.79750138270983,-7.692293041859228],[113.79110448131084,-7.697910375523046],[113.78458270111626,-7.699562861546055],[113.76968252342395,-7.697283030477472],[113.73212418489182,-7.683618724255164],[113.72487375770791,-7.682075707244568],[113.70184519802731,-7.680447920226438],[113.6973778002181,-7.680506158958086],[113.6929838578189,-7.681307246714566],[113.68395139427818,-7.683749130459676],[113.68003510680747,-7.68514346101636],[113.6631240922009,-7.692697584245881],[113.6585518347695,-7.69352601655389],[113.53258549212948,-7.674419128667693],[113.52869494702429,-7.674116437688967],[113.52480180368008,-7.674383202973881],[113.50079632110048,-7.67780110197855],[113.49585429898859,-7.67899327915691],[113.4912333115577,-7.68109912560294],[113.48666550207196,-7.683733990084463],[113.48220992386307,-7.68696343937767],[113.47852646244874,-7.691037637698608],[113.4757750096518,-7.695779756491413],[113.47407501907071,-7.700983972801193],[113.4735003175781,-7.706424399865831]]},"properties":{"i":3,"t":0.7,"color":"#2f6f7e","alpha":0.45587654404639955,"width":0.46215}},{"type":"Feature","geometry":{"type":"LineString","coordinates":[[115.53822431363153,-8.642721949041226],[115.53133775308547,-8.646139266179471],[115.52286373275783,-8.644442031294286],[115.51812425639503,-8.643924413400184],[115.51336753503202,-8.644252817295051],[115.50874682169581,-8.645416662397924],[115.50441099010314,-8.647378451450631],[115.50049974075269,-8.650074977923214],[115.48991990496249,-8.658863518879713],[115.48612100249144,-8.662744340347638],[115.4504760616364,-8.707583447323982],[115.44823552180267,-8.71088931798828],[115.44652597065496,-8.714491847278104],[115.44343251894948,-8.722547651071492],[115.4421264082876,-8.727199069691789],[115.44170370849785,-8.732008207938634],[115.44217873564276,-8.736812570905348],[115.44353547206427,-8.741449819006213],[115.44572810315555,-8.745763253743638],[115.44868256155573,-8.749607113621318],[115.45229902710894,-8.75285150110245],[115.45864717935129,-8.757571759492315],[115.46273017891274,-8.760070819824078],[115.46720168233556,-8.761802606771171],[115.47336864191048,-8.763574818750255],[115.48473183599978,-8.777445065694728],[115.49021016444917,-8.782478233157027],[115.54563180718446,-8.820566376016275],[115.54926337745859,-8.822661195264697],[115.55318389814252,-8.824163694155574],[115.58126161227078,-8.832465235582626],[115.58625559137202,-8.833438725249062],[115.59134579575282,-8.833453445419226],[115.59634544770432,-8.832508856087276],[115.60107109429576,-8.830639617474409],[115.60534934273868,-8.827914317458555],[115.60902322551799,-8.824432953461635],[115.62658565369746,-8.804258203909537],[115.64330920427338,-8.78716070250725],[115.64673082280528,-8.782836847100373],[115.64916812587086,-8.777904483236723],[115.65051465726513,-8.772579127327726],[115.65071163034115,-8.76709345803418],[115.64975048880807,-8.761687148501093],[115.64127567661379,-8.732405708857085],[115.6391518785281,-8.7272280460747],[115.63596809057239,-8.722611606320278],[115.62104217001121,-8.705267915886258],[115.61408162786097,-8.686589622999287],[115.61122104813562,-8.681046066359556],[115.5951572966518,-8.657350969347204],[115.59210196951813,-8.653629453881264],[115.5884134018617,-8.650518888833314],[115.58421446278756,-8.648122878222567],[115.57964501176987,-8.646521224656912],[115.55669744837425,-8.640743602967397],[115.55201871759566,-8.639996780840583],[115.54728022228993,-8.640083820037509],[115.54263278041748,-8.64100195030511],[115.53822431363153,-8.642721949041226]]},"properties":{"i":3,"t":0.7,"color":"#2f6f7e","alpha":0.45587654404639955,"width":0.46215}},{"type":"Feature","geometry":{"type":"LineString","coordinates":[[117.47726273111755,-8.276480326787452],[117.47726049129913,-8.315931382369255],[117.47625273664029,-8.31818798652006],[117.46759549604607,-8.329297712571018],[117.46534570957058,-8.332815527532869],[117.46378960167773,-8.336683174589075],[117.46298047376341,-8.34076822956292],[117.46224805636933,-8.347929219443863],[117.46219974211498,-8.351921785134103],[117.46286575272391,-8.355859907804888],[117.4642251267727,-8.359619519362598],[117.46623505550309,-8.363082172332545],[117.47388484693833,-8.373906550763765],[117.47686673581678,-8.377332807981368],[117.48048105966018,-8.38010009242858],[117.48795731888542,-8.384716301432324],[117.49189275327343,-8.386651046168955],[117.49613094077796,-8.38780098002222],[117.500513611506,-8.388123161751013],[117.50487709804997,-8.387605561880925],[117.50905845062586,-8.386267511846142],[117.51290152521966,-8.384158981398103],[117.51626281683633,-8.38135871137949],[117.51901681957929,-8.377971271799566],[117.52106071314311,-8.374123155340397],[117.52231820068236,-8.369958052462566],[117.52274235494185,-8.36563148481414],[117.52273121180248,-8.173159360271978],[117.52226068655496,-8.16860632297238],[117.52086877412721,-8.164241794355156],[117.5186131140278,-8.16024642212742],[117.51558708832896,-8.156785569999036],[117.51191595397196,-8.154002475302914],[117.50775165774064,-8.152012322680346],[117.50326654857425,-8.150897478704582],[117.49864624718951,-8.150704084301005],[117.49408196757093,-8.151440145722258],[117.48976260737764,-8.15307520295738],[117.48366981298115,-8.156117029363726],[117.47823102702435,-8.159911936712193],[117.47115101037849,-8.166584657801886],[117.46814172981466,-8.170064583170912],[117.465906957069,-8.174075556821547],[117.46069838876623,-8.18620132574608],[117.45954220507679,-8.189638374834786],[117.45895844124627,-8.193214489075858],[117.45781762381928,-8.20737448700513],[117.45777678676825,-8.210338052772952],[117.45997242121751,-8.251842361526],[117.46055697057739,-8.25586572649428],[117.46186372077005,-8.259719315321947],[117.46381654900017,-8.264114431496182],[117.46579449480816,-8.267660119023168],[117.46838297212108,-8.27079742581974],[117.4714980896497,-8.273424658618508],[117.47503887930968,-8.275456656485604],[117.47726273111755,-8.276480326787452]]},"properties":{"i":4,"t":0.6,"color":"#2f6f7e","alpha":0.5427958007614637,"width":0.4788}},{"type":"Feature","geometry":{"type":"LineString","coordinates":[[116.7794773747097,-8.769446763079142],[116.78119868288098,-8.77280777028235],[116.78263378826749,-8.77780408201669],[116.78429283667474,-8.781957334832446],[116.78674921654824,-8.78570505962668],[116.78984216546073,-8.789530203071244],[116.79219217001808,-8.792023231281576],[116.79489618078941,-8.79413703223213],[116.79958270683379,-8.79726123182998],[116.80044643181337,-8.798176429186412],[116.80028440132516,-8.798599396845594],[116.77230045191659,-8.804313851711374],[116.76839596364044,-8.805479657303298],[116.76476464375297,-8.80731514130611],[116.7615230219787,-8.809761406054808],[116.75877512881466,-8.812739953065934],[116.74161756731289,-8.83506333780467],[116.71902216914431,-8.857542051981472],[116.71633849372645,-8.860759925798181],[116.71430190524077,-8.864411849371216],[116.7129823691334,-8.868372399948008],[116.71242522890773,-8.872505550918392],[116.71264964580487,-8.876669343038937],[116.71408208632427,-8.886293451435813],[116.71424295881556,-8.887234990333047],[116.71849671015086,-8.909269291910352],[116.71964271505729,-8.91321052404435],[116.72226927492257,-8.919880908612242],[116.71253624700543,-8.933624685151845],[116.710102256543,-8.938042248670234],[116.70872256346274,-8.942883610896846],[116.70597357340768,-8.959457496221503],[116.70570500258005,-8.964270438796119],[116.7064805653382,-8.969029502210768],[116.7082646995846,-8.973516231241405],[116.7109755391377,-8.977524664505854],[116.72678666331102,-8.996206576361518],[116.73811280073917,-9.014664608864777],[116.74189519999369,-9.023952356025763],[116.74407717478461,-9.028038954795853],[116.7470583716712,-9.03159932441322],[116.75071310119071,-9.034483334011595],[116.75488726167605,-9.036569370482145],[116.75940483811621,-9.037769468694616],[116.76407532709196,-9.03803302245606],[116.76870177411288,-9.037348919385517],[116.7691116389735,-9.037244926262762],[116.79262420499111,-9.054403969382976],[116.79595524507751,-9.056423062715835],[116.7995867127218,-9.057850267082594],[116.82172292544548,-9.06444158536946],[116.82575131236459,-9.065258180395002],[116.84541945010687,-9.067444025977105],[116.89936792060259,-9.08480078951185],[116.90590849598385,-9.085901372524045],[116.92771983054956,-9.086389332472882],[116.93228291487031,-9.086037247586866],[116.94547405385875,-9.08368573102968],[116.95868667494413,-9.090666862873546],[116.97594413168524,-9.101984455340691],[116.99207967725988,-9.12151356708663],[116.99521468733151,-9.124629532982974],[116.99890310068362,-9.127084877456099],[117.00300435967839,-9.12878602818982],[117.00736216584886,-9.129668154606547],[117.011810438975,-9.12969763960799],[117.07337812587254,-9.124143100494855],[117.07558870048977,-9.123835065608823],[117.13109284083666,-9.113336263509094],[117.13562813027222,-9.111982840759339],[117.13978172434125,-9.109732630333308],[117.14337402977787,-9.106682933343045],[117.15754188017087,-9.09185933216957],[117.15868454105922,-9.090568523033914],[117.1711802147362,-9.075315967790932],[117.1729184852342,-9.07288024714824],[117.1869623228258,-9.05013715946376],[117.19679923402377,-9.046231375762858],[117.2222643960786,-9.046272016853154],[117.26634776283095,-9.061478578303099],[117.26813589185693,-9.062015101031713],[117.29367801045221,-9.068561121241352],[117.32622884518696,-9.080452931658039],[117.33128410343797,-9.081673827050063],[117.33648794644888,-9.08173032209261],[117.39122718707684,-9.076114765630038],[117.39507749078778,-9.075384616286993],[117.48004602489007,-9.051621557961939],[117.50610344439782,-9.044471390189994],[117.5100507208323,-9.042986756941659],[117.5136524381086,-9.04080805621364],[117.5167847741478,-9.038010194703043],[117.51934005169964,-9.03468936388735],[117.52123043991985,-9.030959731628096],[117.5223909724062,-9.026949515974827],[117.52278177811496,-9.02279657635178],[117.52274546943899,-8.418874323386456],[117.5223041178077,-8.414462790586148],[117.52099665566347,-8.410222502509471],[117.51887387969681,-8.406318114315566],[117.51601823916323,-8.40290123358914],[117.51254063188254,-8.400104534965129],[117.50857609719273,-8.39803661018691],[117.50427857318925,-8.39677775323862],[117.49981492164426,-8.396376843903301],[117.4728392634309,-8.39659274987189],[117.4662427784596,-8.394118975387258],[117.45994534499759,-8.389941292938294],[117.45581490087474,-8.38777352628048],[117.45132359798109,-8.386486999104838],[117.44666124036365,-8.386136082312227],[117.44202485821091,-8.386735608090616],[117.437610385593,-8.388260243003193],[117.43305355479438,-8.390376118272886],[117.42892745348324,-8.392851315016012],[117.42542213561956,-8.396131804215923],[117.42269540420168,-8.40006992328195],[117.42087002705662,-8.404488402117881],[117.42002820726202,-8.409188340610505],[117.41888567891145,-8.425528005591541],[117.41666025686106,-8.433389527444785],[117.41160075993402,-8.441821470300448],[117.40966104943163,-8.446289987080787],[117.3645933476382,-8.42706991303787],[117.32957543415678,-8.401575316912977],[117.32655816106029,-8.399719177451155],[117.29934931514076,-8.385767775850866],[117.28714211767864,-8.376995589951958],[117.28255113828715,-8.374441966264342],[117.27075169396393,-8.36955919099249],[117.26719743670847,-8.36841750267069],[117.26350217046685,-8.367866949567762],[117.23244664760871,-8.365796787137542],[117.2289206831425,-8.364963368887063],[117.21334283369913,-8.344194364231292],[117.21007870874311,-8.3406892962651],[117.20614153944697,-8.337943047705991],[117.20170799685731,-8.336078843836487],[117.19697701488336,-8.335180331906333],[117.19216086769143,-8.335287829361176],[117.18747564980202,-8.336396515332275],[117.16735568626038,-8.343456983182506],[117.13581820698631,-8.34998191213254],[117.1301559852112,-8.351953808242353],[117.10736977815809,-8.363427163103355],[117.1033864342838,-8.365982751290272],[117.10002620738923,-8.36930075037771],[117.09743554390941,-8.373236573776335],[117.09572736550211,-8.377618706714493],[117.09497614495277,-8.382256178552774],[117.09521465579458,-8.386946883867374],[117.09643253811264,-8.391486389956142],[117.09788289313987,-8.395252332013559],[117.07913056064291,-8.405561347442388],[117.07653800483884,-8.407223979411933],[117.01939150501953,-8.449582510745282],[116.97515950782565,-8.475149754118778],[116.88476633888463,-8.504447244255187],[116.87811530692369,-8.50565645306337],[116.87099713075416,-8.505319503970847],[116.86933409135858,-8.504629108851239],[116.85289897727847,-8.490782596217779],[116.84932643196395,-8.488314749349335],[116.84534367705942,-8.48656578727332],[116.84109682885186,-8.485599874073085],[116.83674168792889,-8.485452446538702],[116.83243802620296,-8.486128914586269],[116.82834372853233,-8.487604462685615],[116.82460900331726,-8.489824959593049],[116.82137087395732,-8.492708943124944],[116.81874815286608,-8.496150607351607],[116.8168370822106,-8.500023682869243],[116.8157078012921,-8.504186068060475],[116.81540177037219,-8.508485041678812],[116.81650952886616,-8.55118453766577],[116.81495433008828,-8.555417650467481],[116.78531694083783,-8.561706106706524],[116.78141571927405,-8.562904551116137],[116.77779408993386,-8.564773412992734],[116.77456878003134,-8.567252461387602],[116.77184374943198,-8.570261797944902],[116.7697068402029,-8.573704430920126],[116.72812929356058,-8.656542441484374],[116.72659859730376,-8.660481756140456],[116.72583897730163,-8.664634365328778],[116.72587718263503,-8.66885417993906],[116.72671189540661,-8.672992741724231],[116.72831377345089,-8.676904446390024],[116.73062647929773,-8.680451666921389],[116.73356865965407,-8.683509596786578],[116.73703680611784,-8.685970642440937],[116.74954476365455,-8.693193002106703],[116.74957232800696,-8.702368320119675],[116.74197378104307,-8.732797409584865],[116.74131805203905,-8.737611442221365],[116.74172310327207,-8.742452426997717],[116.7431700930985,-8.747094704020924],[116.74559160443367,-8.751321868370141],[116.75259440926703,-8.760948208799382],[116.75584716452992,-8.764535976691818],[116.75979821445254,-8.767357208090074],[116.76426642347965,-8.769282556391323],[116.7690469348209,-8.770223748301625],[116.77392056644581,-8.770137632713876],[116.7794773747097,-8.769446763079142]]},"properties":{"i":4,"t":0.6,"color":"#2f6f7e","alpha":0.5427958007614637,"width":0.4788}},{"type":"Feature","geometry":{"type":"LineString","coordinates":[[117.3266785297329,-8.159041673475553],[117.32684958772242,-8.163261118742255],[117.32781438994569,-8.167374557264912],[117.32953896334371,-8.17123704452967],[117.33196255806331,-8.17471247495528],[117.33499978579158,-8.177678379053548],[117.3385436273999,-8.180030240386705],[117.3424692040678,-8.181685179970634],[117.34663817897143,-8.182584878057277],[117.35090363422317,-8.182697630131317],[117.35173199135126,-8.18264237849416],[117.35270776775928,-8.183211467214687],[117.3562851594915,-8.18455990384724],[117.364017565042,-8.186756996410494],[117.3677284975308,-8.18748715550967],[117.37151042933813,-8.187598021519255],[117.3791598587754,-8.187190966306353],[117.3834140307271,-8.186561182560357],[117.38747216204376,-8.185149554255013],[117.39118892638814,-8.183006636392914],[117.39273308144959,-8.181674343683532],[117.3945181922541,-8.181214432074555],[117.40385533442436,-8.177722970399891],[117.4114686934129,-8.175408917287317],[117.41490415371784,-8.17405317540173],[117.41807198389989,-8.17216401268313],[117.42344307610719,-8.168338825918884],[117.42488758172367,-8.167111284122262],[117.42824744363055,-8.165750298171838],[117.43190363101563,-8.163373153543056],[117.43503199217729,-8.160346885731164],[117.43877491154431,-8.155952727875148],[117.44122717825431,-8.152446771115278],[117.44296696597695,-8.148545859604845],[117.44393178952349,-8.144390146900353],[117.44408701053459,-8.140128936260151],[117.44342707845901,-8.135915316183693],[117.44197572626551,-8.131900660661225],[117.43978511438424,-8.128229191696324],[117.43693395411789,-8.125032799330377],[117.43352467831849,-8.12242630506795],[117.42967976118935,-8.120503338621987],[117.42805312698104,-8.120043772320397],[117.42494066222328,-8.117989095919688],[117.42102243047383,-8.116346207492729],[117.41687264276428,-8.115044263207489],[117.41118576195028,-8.114023086096122],[117.40011839080476,-8.11345307168185],[117.39500271754792,-8.113762253029904],[117.38190140605758,-8.116041071848851],[117.37757810682834,-8.117238538678484],[117.37357686523369,-8.119253719162728],[117.37005377741802,-8.12200800252224],[117.3671462947537,-8.125393942927625],[117.36540917820533,-8.127877516806743],[117.36403565966945,-8.127754722702374],[117.36008381152203,-8.127742832952537],[117.35618957775925,-8.128408609051359],[117.34715701892199,-8.130768444830796],[117.34248598378272,-8.132553247932261],[117.33832300759711,-8.13530695808509],[117.33487009795218,-8.138895963385167],[117.33229482205562,-8.143146117093776],[117.32871347677292,-8.15087795580018],[117.32730721825288,-8.154864896780873],[117.3266785297329,-8.159041673475553]]},"properties":{"i":4,"t":0.6,"color":"#2f6f7e","alpha":0.5427958007614637,"width":0.4788}},{"type":"Feature","geometry":{"type":"LineString","coordinates":[[116.81551093184224,-8.448462221254093],[116.81641091135172,-8.452861546820369],[116.81817597167861,-8.456996630193904],[116.82073588262476,-8.460702880081337],[116.82398876770519,-8.463832770307796],[116.82780515734996,-8.466261713795435],[116.8361885016468,-8.470492915728487],[116.83953793391241,-8.47186274831696],[116.84306484138826,-8.472689051285462],[116.8553535427999,-8.474561122728236],[116.85953428211522,-8.474812097225715],[116.86369066582473,-8.474300736930179],[116.86768177310694,-8.473044380656921],[116.87584841321721,-8.46962615722299],[116.88035773393491,-8.4688207422884],[116.883636337572,-8.470193995333977],[116.88798126366471,-8.471525393580004],[116.8925071657607,-8.471975203149746],[116.89885553512408,-8.471975183336083],[116.90332437897324,-8.47153672533819],[116.92098532377197,-8.468036474002448],[116.92445568859489,-8.467059956612832],[116.92772625527968,-8.465553028601269],[116.93749703016306,-8.460079201787702],[116.94024735285525,-8.460839254819337],[116.94504235752505,-8.461128361200352],[116.94979180183077,-8.460415080476317],[116.95428384117197,-8.458731230025798],[116.95949202685264,-8.456127084144084],[116.96315024231617,-8.453841824411791],[116.9663047118695,-8.45091279454273],[116.96884130505028,-8.447445981640135],[116.96893792518165,-8.447240830681356],[116.97210541942687,-8.449812194673964],[116.97611420913475,-8.451914205966542],[116.98046508672552,-8.453187455340975],[116.9849849196844,-8.453581278006386],[116.98949384952415,-8.45308000425885],[116.99381245255735,-8.451703583070014],[117.0081360308406,-8.44551821921122],[117.01127112491645,-8.443864837714838],[117.01410762903808,-8.441748760218742],[117.01671164184165,-8.439469659963091],[117.01818192463857,-8.437883812150428],[117.01997431909213,-8.437038540909896],[117.02365905967498,-8.434276396829915],[117.0288670642385,-8.429474191819248],[117.03171238405439,-8.426304588284458],[117.03390608308524,-8.422663356184811],[117.03537030583195,-8.418679758157653],[117.03605309805455,-8.414495206231013],[117.03593024802264,-8.410258241156628],[117.03519791763571,-8.404399302462519],[117.03428832265385,-8.400304935440765],[117.03262662804757,-8.396448553002644],[117.03027054363791,-8.392964037525045],[117.02730188011631,-8.389972358230665],[117.02382370748327,-8.38757737283232],[117.019956776641,-8.385862223335897],[117.0158353283589,-8.384886450903991],[117.01160243492966,-8.384683929742048],[117.00908685228214,-8.384795892731788],[117.00535252548576,-8.383353746198344],[117.0007012759755,-8.382099997253432],[116.99842290732543,-8.381978904971263],[116.99457550145554,-8.38039141301413],[116.99044953909656,-8.379523837112712],[116.98623258707816,-8.379424857789882],[116.98206967757358,-8.380097880633715],[116.9781039855574,-8.38151975988569],[116.97447190692957,-8.383641593907587],[116.9712983691612,-8.386390406111781],[116.96869253543505,-8.389671653698072],[116.96625041427319,-8.393415542469748],[116.96453324192157,-8.396575602879961],[116.96238654199698,-8.401416203524551],[116.9583011685137,-8.39968590901662],[116.9537961253803,-8.398773135785028],[116.94919755903514,-8.39877533961992],[116.933085467556,-8.400402194829356],[116.92872258797117,-8.40127571925519],[116.92461523971694,-8.402973040748561],[116.91330361538968,-8.408994711393088],[116.90921694704413,-8.41177801595558],[116.90701648125032,-8.414118029173531],[116.88490249436796,-8.411951396259708],[116.88086768205606,-8.41191170449692],[116.87688926456705,-8.412577821613489],[116.8530464733421,-8.418762409614553],[116.85270988545717,-8.418852438756161],[116.83203991787748,-8.424549065756226],[116.82781186093656,-8.426178943040314],[116.8239950063596,-8.428606516035071],[116.82074125631071,-8.431735180103262],[116.8181801130626,-8.435440427441847],[116.8164135246108,-8.439574800180079],[116.81551182508527,-8.44397375716274],[116.81551093184224,-8.448462221254093]]},"properties":{"i":4,"t":0.6,"color":"#2f6f7e","alpha":0.5427958007614637,"width":0.4788}},{"type":"Feature","geometry":{"type":"MultiLineString","coordinates":[[[115.90753629277265,-8.731668981639737],[115.9066355850284,-8.727799290475637],[115.90550362748216,-8.724284490448783],[115.90380592611686,-8.720999706948556],[115.89875967970852,-8.71294295917653],[115.89612815284275,-8.709521251520515],[115.89288645438886,-8.706656559826092],[115.889152873697,-8.704453406205989],[115.8850636393767,-8.702992174261512],[115.8807679501369,-8.702326177493738],[115.87642253349534,-8.702479715042253],[115.87218593046512,-8.703447185526844],[115.86821271422457,-8.705193291251137],[115.86606693732479,-8.70639087897784],[115.85496117263716,-8.70319156907132],[115.85078609197072,-8.702397558641723],[115.84653447589228,-8.70238484279882],[115.84235463023255,-8.70315386544205],[115.83839235873349,-8.704677801520438],[115.83478587952803,-8.706903492242434],[115.83166100555417,-8.70975329848347],[115.82912675668999,-8.7131278078959],[115.81435495438942,-8.737208085881255],[115.81240349008631,-8.741247925292795],[115.811299806724,-8.745589666739512],[115.80817358058486,-8.766527502115368],[115.80802667530743,-8.76773735355385],[115.80596736212132,-8.789711250179048],[115.80613309298889,-8.795194899793946],[115.8076367752592,-8.80047592580056],[115.8182596349752,-8.825547509161233],[115.82047344360133,-8.829567063866687],[115.8234645429112,-8.833060850901472],[115.8271092075569,-8.835884329146088],[115.83125666297128,-8.837920686051369],[115.83573532372576,-8.839085672334749],[115.85987230105349,-8.842824533660986],[115.91709499242432,-8.874537939798042],[115.92039366490913,-8.876037738789522],[115.92389168416953,-8.877000417089025],[115.94000660517852,-8.880092581237465],[115.94447455950163,-8.88050480035198],[115.94893755920445,-8.880043348144367],[115.96334236536687,-8.877114165312227],[115.96682245770812,-8.876095300258873],[115.96815476688177,-8.877882471808393],[115.97491618612835,-8.897123846311674],[115.97705200692764,-8.901564043532415],[115.98274772494344,-8.910678331477108],[115.985225706381,-8.913939953777183],[115.98825894093109,-8.916706114949722],[115.99566509667133,-8.922322375339743],[116.00145027489597,-8.925509642976161],[116.01121675447689,-8.929171836292845],[116.01519017219633,-8.930266958277674],[116.01929836327864,-8.930636069783336],[116.02996000672489,-8.93063605727426],[116.03389551328594,-8.930297541608226],[116.03771257505355,-8.929292297107308],[116.04129634417744,-8.927650570278061],[116.0516316942507,-8.921790262810772],[116.05539764705212,-8.919117010204172],[116.05853734527045,-8.91574554122921],[116.06092062597452,-8.911815647611245],[116.06126831176124,-8.910831493931019],[116.06257297520786,-8.91190644561123],[116.06632422521169,-8.91441734098664],[116.07050439704314,-8.91614487241157],[116.07494801107187,-8.917020651376626],[116.08845781747773,-8.918322710532456],[116.09363638794348,-8.918237143564825],[116.09866142155818,-8.916997859398506],[116.10327301056967,-8.91466895852905],[116.11393429334044,-8.907669607719752],[116.11699599582687,-8.905260430071353],[116.11959485609206,-8.902368862966629],[116.12165411014506,-8.899080329359096],[116.12228011913218,-8.897540514118825],[116.14993254706654,-8.898119317545978],[116.15714810690403,-8.89949918410763],[116.1613678386862,-8.902985515653892],[116.17753870526073,-8.926840960585093],[116.1802213797928,-8.930094830739298],[116.18346907582183,-8.93279997603662],[116.19177030375008,-8.93849624701563],[116.19540632046943,-8.940530175678948],[116.19935728513981,-8.941873703265998],[116.20349020869507,-8.942481606678673],[116.20766597425599,-8.9423334241427],[116.2117440223183,-8.941434144234844],[116.2189063843501,-8.939156006347392],[116.22248255649622,-8.937675955990008],[116.2257527177377,-8.935618100661152],[116.23151887543841,-8.931265947507198],[116.23327231301616,-8.933339065647344],[116.23643335859572,-8.935937251131257],[116.24001581015852,-8.937931614751399],[116.24587507568997,-8.940535747978112],[116.25007840845223,-8.94193595069515],[116.25447674938643,-8.942504751453656],[116.25890324643956,-8.94222057351836],[116.27599422821434,-8.939453384026624],[116.2807137176488,-8.938162091407062],[116.31659329477888,-8.924088604936395],[116.32302338362486,-8.922796649874988],[116.3231065709898,-8.922923139013978],[116.32672564999949,-8.930708429894889],[116.32969509906206,-8.935443822126054],[116.3336820296337,-8.940327005847834],[116.33715164405359,-8.943746729469082],[116.34128156365708,-8.946354041263955],[116.34588054033449,-8.948028196214588],[116.35073559352587,-8.948691663270596],[116.35562187775538,-8.948313717460422],[116.36481839800838,-8.94660460143151],[116.36606915438831,-8.946245718991154],[116.36647266310368,-8.951021753235821],[116.36723450275846,-8.955207059589217],[116.36877996725889,-8.959176057069618],[116.37105387154003,-8.96278696128118],[116.37397500180906,-8.965910776373576],[116.37743901493025,-8.968435904588558],[116.38132216543006,-8.970272134481789],[116.3952388692813,-8.97531839228664],[116.39953221100073,-8.976420595093861],[116.40396038375414,-8.976679960628928],[116.40835542740304,-8.976086652216772],[116.41255063945393,-8.974663174831907],[116.41638690125815,-8.972463520906736],[116.41971871576244,-8.969571121305583],[116.42241972731642,-8.966095679391284],[116.4243875138925,-8.962169008544652],[116.42554746992091,-8.957940031320804],[116.4258556326937,-8.953569130201311],[116.42526968457618,-8.932896531271986],[116.4337201817854,-8.938628209304886],[116.43773436621055,-8.94079981817376],[116.44210700175508,-8.942134823523809],[116.44666151593397,-8.94257931663109],[116.47564926673282,-8.94251625060062],[116.48023086503774,-8.942045980841142],[116.48462290621775,-8.9406746902608],[116.48864573181832,-8.938458474098592],[116.51263930478015,-8.921890307299154],[116.51647725844519,-8.923226680378287],[116.52010753855824,-8.924166843392364],[116.52384479816604,-8.924505300824393],[116.52758754741326,-8.924232862158448],[116.56891191787197,-8.917808394195333],[116.57326926344389,-8.91668549577197],[116.57731769555156,-8.914737556254735],[116.5808989226645,-8.912040742930593],[116.58387292984413,-8.908700502508006],[116.6073810585822,-8.876330420444058],[116.60959172551057,-8.87256303979705],[116.6110263222776,-8.868445422175844],[116.61163112720472,-8.864131837164416],[116.61138351047231,-8.859783890951235],[116.61029277768509,-8.855564471544017],[116.60839981695553,-8.851631646776996],[116.60577556336337,-8.848132743651075],[116.60251833886831,-8.845198830642879],[116.59875016771336,-8.842939809437123],[116.59461220551492,-8.841440299659372],[116.58258211892522,-8.83834661616171],[116.57467856774707,-8.8316890145141],[116.57050462568374,-8.828897205016256],[116.56581146296905,-8.827081016491354],[116.56132823300238,-8.825891197473002],[116.55969998669657,-8.82349547838748],[116.55703917610273,-8.820270494813059],[116.55382295113208,-8.817584748498959],[116.55016130183202,-8.815530080301038],[116.54617944315832,-8.814176750040989],[116.5420135344954,-8.813571034976889],[116.53780602579046,-8.813733648035656],[116.53370078908536,-8.814659029780215],[116.52983820149763,-8.816315538278866],[116.52778428895068,-8.817429745220942],[116.52527121102034,-8.807775418910447],[116.53631825075317,-8.793722801514592],[116.57095802210739,-8.761309416082346],[116.57331273254128,-8.758737535246297],[116.57523942408835,-8.755838501187926],[116.60150307560984,-8.708766979553149],[116.6191642220422,-8.677770289829938],[116.6384157771744,-8.646580277879336],[116.63986480074679,-8.64381971056935],[116.64695722120747,-8.627664201998998],[116.68497571242096,-8.589643559969543],[116.68752387382776,-8.586601701706867],[116.69973037177999,-8.569104143336892],[116.70176763449176,-8.565522735432484],[116.70311212598295,-8.561634674286175],[116.70371901909765,-8.557569656377435],[116.70769464767389,-8.486319087204494],[116.71036174864125,-8.480883051125064],[116.7179482520864,-8.473648822644886],[116.72104853626163,-8.46998851812014],[116.75400608175649,-8.421403011948186],[116.75573196201684,-8.418376796125465],[116.76378821104605,-8.40128641265774],[116.76535400045513,-8.396761857960144],[116.76591765857275,-8.392012147302905],[116.76545375457998,-8.387251886120735],[116.75739467285078,-8.348434439971122],[116.75571671689728,-8.343426350783222],[116.7529060615337,-8.33894255779945],[116.72401558996665,-8.303054875147412],[116.71975482037735,-8.298985995216151],[116.68175173527425,-8.271155245988643],[116.67684635410824,-8.268420563208085],[116.64193496310209,-8.254261247202082],[116.63620257882091,-8.252762730509422],[116.59589994746025,-8.247647410832288],[116.58318531398828,-8.243677861039039],[116.56749541874096,-8.232805373919067],[116.56440064917957,-8.231003269806365],[116.5490202842677,-8.223597627357766],[116.54587276014445,-8.222359670085597],[116.54257433231189,-8.22159821989653],[116.50217087558796,-8.215364162693213],[116.43319657494348,-8.196693105187217],[116.40467048508862,-8.181338767317799],[116.40091796162633,-8.179732921759612],[116.39693553020028,-8.178818300425672],[116.39285198473068,-8.17862448314348],[116.37527497942085,-8.179357406502604],[116.37158641534364,-8.179812184281918],[116.36802201993592,-8.180855846117584],[116.27818295813472,-8.215277873481956],[116.27341397085536,-8.217785013359569],[116.25673134218233,-8.22925846028117],[116.25348483194279,-8.231969296918159],[116.1658364008264,-8.32025686726376],[116.1555449784614,-8.32802372367021],[116.12750182769744,-8.343242475256302],[116.1248836721583,-8.344903129171437],[116.10925897105584,-8.356376589608896],[116.10668875854704,-8.358576715113138],[116.10447862792455,-8.36113122072073],[116.09886345107302,-8.368699966027886],[116.09593680029437,-8.374024090643905],[116.0915676682484,-8.38540344426427],[116.07085741902125,-8.383805187875549],[116.06709067716274,-8.383823912155083],[116.06337871240503,-8.384457400364557],[116.05982332867556,-8.38568827899644],[116.04078311577311,-8.39408881818506],[116.03729419757582,-8.396007415129446],[116.03419804050569,-8.39849985914574],[116.03159000981125,-8.401489387206997],[116.00947927125031,-8.431858374435276],[116.00717783555478,-8.435809775526522],[116.00572909831068,-8.440139040667608],[116.00519259791764,-8.444668338857708],[116.00559040469629,-8.449211616086371],[116.01624134031069,-8.504607278207144],[116.01773515861412,-8.509392351564417],[116.02026223358317,-8.513732113741192],[116.0236973965715,-8.517411557298185],[116.04192142674846,-8.533018921851431],[116.04982868365933,-8.57931155223782],[116.04799027990532,-8.63580505630574],[116.04107228276716,-8.668444759048564],[116.04065144680027,-8.671386679085522],[116.03759298746229,-8.711943142472254],[116.03743090172814,-8.711953626250326],[116.03302496224133,-8.713141630340466],[116.02894759446897,-8.71517503990333],[116.02146080737603,-8.719894802242058],[116.01751167501573,-8.723047939732648],[116.0167311264869,-8.723828469132869],[116.01017142311221,-8.721546840651024],[116.00692746756907,-8.7206784275606],[116.00358952547043,-8.720291557029581],[115.99919598899906,-8.720105371809169],[115.99380286430282,-8.717240291726606],[115.98993028980045,-8.715618896651742],[115.9858220768344,-8.714729318720797],[115.98161843588123,-8.714601918904096],[115.97746283275642,-8.715241045691476],[115.97349709481728,-8.716624886696298],[115.96985657291823,-8.718706212658304],[115.95675365648155,-8.727891247399397],[115.94846453156337,-8.73166996368314],[115.94127190878757,-8.732325716749179],[115.91958714235821,-8.731267243876443],[115.91751869773776,-8.731259216136198],[115.90753629277265,-8.731668981639737]],[[116.42148938191625,-8.888863008847357],[116.42049963522334,-8.881119659191512],[116.42048373251285,-8.866534462463367],[116.43158153884711,-8.858274498986342],[116.43857444944466,-8.857685839981515],[116.43261606858547,-8.875507810588365],[116.42148938191625,-8.888863008847357]]]},"properties":{"i":4,"t":0.6,"color":"#2f6f7e","alpha":0.5427958007614637,"width":0.4788}},{"type":"Feature","geometry":{"type":"LineString","coordinates":[[116.0067504881629,-8.356723045959928],[116.00738828819735,-8.361109144002421],[116.00888260725714,-8.365286504846077],[116.01117550788621,-8.369093091767974],[116.01548839276164,-8.374871292397993],[116.01864540823001,-8.378296882461719],[116.0224450719369,-8.381009664601532],[116.026726083104,-8.382894470007754],[116.03130669668735,-8.383871279814512],[116.0359924420492,-8.383898623786303],[116.04058438315425,-8.382975341717277],[116.04488756877556,-8.381140632596045],[116.04944572114854,-8.378617502162255],[116.0523702579663,-8.37669092110251],[116.05495990974222,-8.374341664471059],[116.05910987835922,-8.36994649179713],[116.06192597619936,-8.366271590737938],[116.0639255586082,-8.362105837889299],[116.06502464668053,-8.357624244776959],[116.06517709869658,-8.353015085666247],[116.06460663406835,-8.344959128137884],[116.06389099231845,-8.340721607011318],[116.06237436028289,-8.336695914548493],[116.06011205441114,-8.333028818622841],[116.05718657028646,-8.329854009705025],[116.05370457314203,-8.327287228248347],[116.04979300857556,-8.325422046703888],[116.04559447530127,-8.324326459676762],[116.03704995128041,-8.322942528511996],[116.03257398733655,-8.322660944922983],[116.02812921534547,-8.323254019521451],[116.02388850865458,-8.324698686161891],[116.02001680788679,-8.326938756778556],[116.01666470827683,-8.329887105643945],[116.0139626036699,-8.333429056554158],[116.01201561464981,-8.337426841486984],[116.00810910427748,-8.34800664224221],[116.00699391728564,-8.352298338748138],[116.0067504881629,-8.356723045959928]]},"properties":{"i":4,"t":0.6,"color":"#2f6f7e","alpha":0.5427958007614637,"width":0.4788}},{"type":"Feature","geometry":{"type":"LineString","coordinates":[[113.47729505615796,-7.7064245913729525],[113.47725482827975,-8.413796373913936],[113.47775186029804,-8.418477983235297],[113.47922311000583,-8.422954782104908],[113.48160418539943,-8.427030734420022],[113.48479084523703,-8.430527350416224],[113.48864355999301,-8.43329150469054],[113.51583635134146,-8.448787352390367],[113.52026656639045,-8.450723121276532],[113.52501080589666,-8.45168738337597],[113.53868257744874,-8.452989517770622],[113.54414605999517,-8.452857493000264],[113.56711508985278,-8.449543204788412],[113.57330207199585,-8.45669557449009],[113.57647630171483,-8.459716102821199],[113.58282337609646,-8.464680336502525],[113.58736606417523,-8.467444740628833],[113.59243487052603,-8.46908699478877],[113.62109321692107,-8.474803915560042],[113.62532951734985,-8.476619440597362],[113.63959753600895,-8.497539220136288],[113.64221506029602,-8.50071067931989],[113.6453704942556,-8.50336055372088],[113.65953076815082,-8.513208045615173],[113.6644116503976,-8.51578831605762],[113.66977827663545,-8.51712676866489],[113.68613619269777,-8.519160950939176],[113.69124581395873,-8.519224306355188],[113.69624086547984,-8.518158387255678],[113.697676627652,-8.517679871459334],[113.69715098020917,-8.521963276799697],[113.69704766698112,-8.52633789691914],[113.69780277729217,-8.530649514771108],[113.69938777047243,-8.534735003379256],[113.7017427033411,-8.538439785935543],[113.7047784946416,-8.54162368519882],[113.70892951632557,-8.545204845124685],[113.71313713044235,-8.548080305319685],[113.71788813585097,-8.549953732791181],[113.72294240513767,-8.550730434604045],[113.74076544017358,-8.551462547419403],[113.7439776057486,-8.551369841376154],[113.75301113392659,-8.550474824443631],[113.75735831822529,-8.54961486647042],[113.76145431988009,-8.547937694359414],[113.7651436166676,-8.545506988876555],[113.76896869319364,-8.542414853469287],[113.77180586759994,-8.539680758911734],[113.77412036109651,-8.536501501292308],[113.77660900170028,-8.53236580123427],[113.78274008440638,-8.528877917222205],[113.79348166087331,-8.52570640442244],[113.79634587925945,-8.545026305847806],[113.7971553006803,-8.548518710703155],[113.80179352480715,-8.56308591750619],[113.80359142249473,-8.567228360956927],[113.80618856827118,-8.570933219821223],[113.80948070287253,-8.574051734581925],[113.81333565172072,-8.576458684960556],[113.81759863145341,-8.578057419848346],[113.82209846615673,-8.57878374010855],[113.82665446343056,-8.578608477980668],[113.83108367365345,-8.577538669225127],[113.83520824024892,-8.575617270773423],[113.83886254504088,-8.572921435199705],[113.83927969168666,-8.572459698344217],[113.83962858833651,-8.572733349948047],[113.84473489052512,-8.575756024509435],[113.8706149479129,-8.586824686914229],[113.87308497407898,-8.587717275811414],[113.89904724752161,-8.595448788567227],[113.90186103270696,-8.596097227790064],[113.91911398463793,-8.598945450245065],[113.92334794510536,-8.599247443312601],[113.9275649954691,-8.598766698808836],[113.93847061062142,-8.59648860468135],[113.94364027135012,-8.594746273512094],[113.94635313997281,-8.593454482760954],[113.94541846433995,-8.601548510319914],[113.94533221790186,-8.605741688027683],[113.94603471905342,-8.609877800289516],[113.94750157860969,-8.613813102764034],[113.94968183953864,-8.617410825494092],[113.96164441540475,-8.633524361100806],[113.96490199722452,-8.637054404557702],[113.96884033432103,-8.639824669216509],[113.97328175733384,-8.641710169742575],[113.97802588845767,-8.642625835941516],[113.9828586848838,-8.642530352961565],[113.99775255513073,-8.640659293710176],[114.00161191900658,-8.639832984792065],[114.00526870450608,-8.638359616775407],[114.02069559201573,-8.630537738220973],[114.02638322803439,-8.628980279416014],[114.03033796416273,-8.636994870959699],[114.03293667040604,-8.641080455042589],[114.0363571292307,-8.644524067121646],[114.04044194086094,-8.6471672200133],[114.04898724750025,-8.651480462621203],[114.05524100624106,-8.653573842693056],[114.09080596199753,-8.660003319919737],[114.09428269765054,-8.660361910296606],[114.10339823397672,-8.660605953072904],[114.10763659367063,-8.660327383751882],[114.11174878802089,-8.659275112331597],[114.15323614015442,-8.64445258893735],[114.16445535013173,-8.64338948789881],[114.16849729851671,-8.648582215026554],[114.1701654058214,-8.650493033922428],[114.18066333009939,-8.661235468462891],[114.18404237051644,-8.66407773328483],[114.1879151259164,-8.666217882284336],[114.19213440612542,-8.667574570523902],[114.19653984323635,-8.668096230243142],[114.20096398951357,-8.667763032039367],[114.2052386851567,-8.666587639168315],[114.22908385279256,-8.65747319687647],[114.2330433830196,-8.655501919170135],[114.26807053972686,-8.63359222867981],[114.2975062392711,-8.634296175323914],[114.33700478311742,-8.651585317811124],[114.36427669885562,-8.676242599611463],[114.36759826901488,-8.693950745191408],[114.35237465335692,-8.711858499696797],[114.35012929222869,-8.715013505890209],[114.34846212164646,-8.718501201258524],[114.34742215721516,-8.722219079386353],[114.34457330726927,-8.737355880008646],[114.34419599827314,-8.74201382993317],[114.3448003767167,-8.746648306071679],[114.34636040709337,-8.75105939291855],[114.34880882492071,-8.755056804366468],[114.3520400333092,-8.758468093520447],[114.35591465490467,-8.761146093870282],[114.36026554338297,-8.762975270410816],[114.38223964374856,-8.769648692612602],[114.38636687667194,-8.770498384575893],[114.39058191776044,-8.770581395533721],[114.44406409098805,-8.766722963788403],[114.46182210638246,-8.76996351193416],[114.5479532031332,-8.799206496925866],[114.55224061609334,-8.800215818443933],[114.55664453111541,-8.800389867858334],[114.59847702750058,-8.798029815343755],[114.60324564163815,-8.797252774283246],[114.60774085571151,-8.795498545673668],[114.61176009230817,-8.792846184590664],[114.61512223393035,-8.789415219728154],[114.64270867271216,-8.754501936991721],[114.64522505564852,-8.750521292970195],[114.64685103163892,-8.74611129797045],[114.64751586855792,-8.741463878019474],[114.64841039662508,-8.716886778314278],[114.64812583597745,-8.712441546491654],[114.64696093441174,-8.708138852206675],[114.64496137192266,-8.70414731233146],[114.63486984410103,-8.688197791297124],[114.63159555756843,-8.68414871815441],[114.62223755764099,-8.674979019232183],[114.61800895388352,-8.666116262491142],[114.6159362860488,-8.662625523792967],[114.60763498584085,-8.65115090472159],[114.60463053431636,-8.647771171317018],[114.60100594244695,-8.645050007898725],[114.59690615783869,-8.64309622434383],[114.54637396713028,-8.624911505526033],[114.52344868937773,-8.609677929940098],[114.51996415067352,-8.607776872392062],[114.51619792479433,-8.606505068377112],[114.50350259332646,-8.603412269284423],[114.49880508078562,-8.60277089121017],[114.48253839791285,-8.602242027019606],[114.47375503495259,-8.598975046945705],[114.46330691483853,-8.588741300837917],[114.45365532941088,-8.57309823104798],[114.44894285529273,-8.559021156185645],[114.45016470292104,-8.497280372914602],[114.4499746764624,-8.493905494334093],[114.44574182963937,-8.462085660528238],[114.44460816305148,-8.457445472653768],[114.4425102509236,-8.453146297550818],[114.43954256176849,-8.449381662993698],[114.42196445049775,-8.431397385104205],[114.4185563343944,-8.428535498600926],[114.41464817125282,-8.426388226338899],[114.41039091911979,-8.425038504578772],[114.40594901262772,-8.424538463694034],[114.40149401443371,-8.424907415816161],[114.39719799209277,-8.42613110948981],[114.39322687555395,-8.428162280026593],[114.38973405119874,-8.43092247432457],[114.38722616341477,-8.433868429898205],[114.38187473128839,-8.423319005870932],[114.38082115462953,-8.417817809237285],[114.38122766904755,-8.41225431508085],[114.38579220524859,-8.390796201420251],[114.3862010509087,-8.388031323158316],[114.38853856300872,-8.360269597580693],[114.42691987568594,-8.163642392647906],[114.43076748160628,-8.150439321303383],[114.44618609299884,-8.223142502836787],[114.44754253133887,-8.227390508156594],[114.44971817042318,-8.231290735074714],[114.53036297449022,-8.34701640143978],[114.53201871133041,-8.349114265284491],[114.55716435389813,-8.377354332330356],[114.56000340690785,-8.380035552739391],[114.59027781644168,-8.404044652280934],[114.59342888381516,-8.406141370714511],[114.59688872258155,-8.40769019802515],[114.63139532194474,-8.419815914709988],[114.63523062542983,-8.420801104737759],[114.6391805903778,-8.42111289410055],[114.75379797337659,-8.420235615387515],[114.78945015856439,-8.426996090972338],[114.91560106834153,-8.487000976081466],[114.93889917571208,-8.502750749468666],[115.00715482085492,-8.565414337612529],[115.01062043733617,-8.568031446820136],[115.04504414111123,-8.589191457475398],[115.05877539876025,-8.599852016580183],[115.06387428666794,-8.609484837937607],[115.0687326900666,-8.622586920300073],[115.07055680748928,-8.626371377928319],[115.07305939559083,-8.629755561986817],[115.08632323405901,-8.644568132837213],[115.08923402414747,-8.647292198172982],[115.1177184850612,-8.669591226612557],[115.12279345738324,-8.672594568286785],[115.1307688035195,-8.676012756487875],[115.13297236003224,-8.676826191971903],[115.13881804022374,-8.67864979492714],[115.15174425705247,-8.70605590099192],[115.15336674944048,-8.708926890199317],[115.15711614731543,-8.71455184537563],[115.16256282207931,-8.72558857707338],[115.16006838513897,-8.739209494815253],[115.15149449030366,-8.756293604098396],[115.14490872650177,-8.763999879768942],[115.10497733680815,-8.783157335401802],[115.10141015873465,-8.785287487948537],[115.08074063544957,-8.800342782331372],[115.0774201825465,-8.803299697018424],[115.07474820396227,-8.80684065925285],[115.07282768110319,-8.810829221008657],[115.07173264621368,-8.815111682063929],[115.07150532645286,-8.819523011535429],[115.07223640550019,-8.834741039739232],[115.07285237068832,-8.838977560120526],[115.07426908121137,-8.843022157799172],[115.07643529620901,-8.846728473086326],[115.07927264655885,-8.849962383402515],[115.08267846856774,-8.852606858075964],[115.10115299893141,-8.86432644717607],[115.10434498316087,-8.866013346462854],[115.10776720772441,-8.867179137127534],[115.12884534311455,-8.872550459743156],[115.13346578781143,-8.8732385645412],[115.15633515562479,-8.874296644902445],[115.15867375311309,-8.87428599261609],[115.18219416157201,-8.872982933230281],[115.18632094848684,-8.872375925983038],[115.20048173023837,-8.868958739319094],[115.20352449195062,-8.867996467354503],[115.22167335136436,-8.860834084742743],[115.22523604554252,-8.859055749345764],[115.24102455051082,-8.849371269835306],[115.24516282657228,-8.84611866424963],[115.24843024329124,-8.842010612674859],[115.25493991068521,-8.831512286589886],[115.25664163239242,-8.828173252170458],[115.25776033662261,-8.82460187586895],[115.25826515392104,-8.82089675979182],[115.26070329326477,-8.773370591323307],[115.26056752804094,-8.769527726706995],[115.25977169017962,-8.765763830495954],[115.25423672605557,-8.747535128829012],[115.25262992704886,-8.743621924108158],[115.25031162195538,-8.74007441326412],[115.2494894678416,-8.739221945978732],[115.2600878404987,-8.736271749938787],[115.26388004275823,-8.73484470001817],[115.26735563781145,-8.732774827173083],[115.27040418433536,-8.730127907434655],[115.28529613244417,-8.714664282402422],[115.28885328524392,-8.709813397601993],[115.30953193417065,-8.671823723760328],[115.337551898203,-8.641007351654942],[115.37429069875397,-8.617188095237784],[115.50657615563068,-8.569577021653986],[115.51011061071262,-8.567952892117553],[115.51331289052041,-8.565756120979865],[115.5304841318824,-8.551676490374305],[115.53361008741891,-8.548556246008555],[115.53606344091965,-8.544894888385812],[115.53775071741451,-8.540831948808648],[115.54149952893643,-8.528494654059648],[115.60658818326712,-8.523504920211384],[115.61111954312025,-8.522694909489921],[115.6153931372498,-8.520999105124035],[115.61923388155111,-8.51848698408483],[115.6298950373002,-8.509860595716967],[115.63221921553189,-8.507693354867893],[115.65432887599277,-8.48396084473514],[115.66994969843229,-8.474917263813566],[115.67284969571885,-8.472924067219859],[115.70507616144069,-8.446880895531386],[115.70691820079766,-8.445217426452302],[115.71717217811022,-8.43488200754194],[115.7205276287867,-8.430556621972508],[115.72273275346181,-8.425559848648383],[115.7359954961423,-8.381614140784254],[115.73682248474124,-8.377518624346042],[115.73687013640688,-8.37334245180337],[115.73613683417969,-8.369229507601236],[115.73464786622264,-8.365321493278616],[115.73245455138252,-8.361753045938615],[115.70934192525684,-8.330992109976409],[115.70682999057615,-8.328174400356529],[115.7038792384584,-8.325809538958948],[115.66657965355985,-8.30070786183178],[115.6357603766339,-8.27327203909224],[115.58289795129168,-8.207594545375079],[115.58047403579812,-8.205023418583112],[115.55068924130562,-8.1780065598079],[115.54804932291776,-8.17594554931177],[115.51517216768906,-8.153973591141396],[115.51129658226235,-8.151893803647493],[115.34675260860008,-8.083050448372129],[115.342556566921,-8.081750837356976],[115.27717736061201,-8.068197908118513],[115.26456216981529,-8.06076217668948],[115.24968501336134,-8.049873118194265],[115.24485866475608,-8.047172904608624],[115.22418854612172,-8.038710359653573],[115.2199251933006,-8.037432525256351],[115.19754737327611,-8.033037784587481],[115.19284887622116,-8.032609404632657],[115.17258601552737,-8.032853405108774],[115.16769987164692,-8.033439951332086],[115.16305588087211,-8.035054489839764],[115.12611135242895,-8.052550610842125],[115.12289136180854,-8.054410926092393],[115.12002187416518,-8.056767473917537],[115.04851462045056,-8.126029976819051],[115.0132065966477,-8.151572718705872],[114.9820842756162,-8.157930051159708],[114.89295726029974,-8.157771081996373],[114.88894970973452,-8.158115813033515],[114.88506629892554,-8.159154394166691],[114.85743706568263,-8.169213215046282],[114.69899107740304,-8.113810550450857],[114.69629965066011,-8.113049761868782],[114.67798959912585,-8.10906201542309],[114.6753416752996,-8.108645551305104],[114.63796636988631,-8.104985868883526],[114.6225419558918,-8.10113005054439],[114.611052878061,-8.092605990356567],[114.60693500742933,-8.09017616091444],[114.60239398827461,-8.08865544592801],[114.59763183483143,-8.088111494168919],[114.59286039335979,-8.088568502188794],[114.58829192255915,-8.090006138675328],[114.58412965577416,-8.092360448668774],[114.56092072986024,-8.108927451138591],[114.5563692325615,-8.110207431342669],[114.55328004423829,-8.109049068926485],[114.54547181265845,-8.099905560334054],[114.53661441079934,-8.087036651713284],[114.53408495602999,-8.083978101446124],[114.53105391425466,-8.081404982317189],[114.51795217404317,-8.072127424253866],[114.51413968758015,-8.069946765937193],[114.50997407849165,-8.068534847971506],[114.50561169167266,-8.067944660743782],[114.482337996885,-8.067049764013976],[114.47710030052393,-8.0674497870111],[114.45362343246104,-8.0719873224956],[114.46862084537798,-8.020489268664862],[114.46950899700234,-8.014483292832228],[114.46999430440108,-7.966795153186861],[114.46928409580231,-7.960982496199634],[114.46749373466459,-7.954064578896973],[114.46657471974385,-7.951281086764616],[114.46417454417909,-7.945349441463432],[114.46303779464618,-7.941045378216909],[114.46310327172873,-7.936488707261135],[114.46502896601038,-7.9309756834221705],[114.47600153232402,-7.915388300953063],[114.47865183354996,-7.910380959065394],[114.48150050353344,-7.902812795180666],[114.48269020739048,-7.898223879478572],[114.4889539483039,-7.855987437570793],[114.48917948747206,-7.8535509878830885],[114.48999228135638,-7.831821892337531],[114.48978429704874,-7.827839776522551],[114.48886999572088,-7.823956530303384],[114.48178895906827,-7.802635864228935],[114.47973216612178,-7.798161352161583],[114.47674352577681,-7.794236211132585],[114.46250140926689,-7.779262786858439],[114.45989747378604,-7.776918679937031],[114.45695939574016,-7.775001149682853],[114.41976535114733,-7.754629147101179],[114.40370449596647,-7.740989268951971],[114.39915661305012,-7.737985109515549],[114.39134388036734,-7.734078318537009],[114.38731165806955,-7.732519712154686],[114.38305429853364,-7.731747449541067],[114.37158091541772,-7.730771532723625],[114.36846016552002,-7.730719368154574],[114.3479141304184,-7.731776648392808],[114.3389824382054,-7.730995391622006],[114.33493927067774,-7.729718440508788],[114.32425207697173,-7.722938580259496],[114.2894453241871,-7.689376081606855],[114.28550440689195,-7.686335158362012],[114.28098800100045,-7.684221616019195],[114.26593365894661,-7.679094922572038],[114.2607729530692,-7.677981049206441],[114.25549229062884,-7.678078883457136],[114.23376446013474,-7.681008779845127],[114.23096009640187,-7.681567061086176],[114.19329859178148,-7.691544784447104],[114.17688334585034,-7.691095144052182],[114.15240689829928,-7.681392420421076],[114.13347099127984,-7.665021481683363],[114.09514649362389,-7.61686222095974],[114.09230373560322,-7.613891069818203],[114.08896484312353,-7.611479664997815],[114.05722768675363,-7.592681623307879],[114.05341887527779,-7.590878492493625],[114.049339200597,-7.589805402730166],[114.04512970563052,-7.589499451002556],[114.04093591877339,-7.589971213046668],[114.01147745213758,-7.5960749698384165],[114.00786365726354,-7.597140675882689],[114.00447774871142,-7.598784578707425],[114.00141313935728,-7.600961325881988],[113.93315218887089,-7.658508323858789],[113.92490232280439,-7.661827065147207],[113.90970789872406,-7.663469241578609],[113.89097209251325,-7.660988943466257],[113.87635594777225,-7.656502248836324],[113.87113508699015,-7.655543604153112],[113.8562428852456,-7.654567712897078],[113.85210214000347,-7.654671548825467],[113.84804942905335,-7.655519175905486],[113.84421964373756,-7.657082380349825],[113.82664232092631,-7.666195969602672],[113.82290622903605,-7.66862476686612],[113.81972262413538,-7.671731713370072],[113.80023333216916,-7.6949183578944],[113.79293442190064,-7.7013277935969855],[113.78477119911025,-7.703396185596516],[113.7687300939805,-7.700941780995535],[113.73081654188088,-7.6871482167192635],[113.72460432095464,-7.685826143017908],[113.70157555522653,-7.68419832551639],[113.69774785128348,-7.684248222397072],[113.69398308538719,-7.684934598770705],[113.68495054509083,-7.687376499143827],[113.68159504108812,-7.688571171050586],[113.66426218258489,-7.696313719993465],[113.65860829210033,-7.697338125161379],[113.53201123952019,-7.678135569154335],[113.52867778852402,-7.677876218500398],[113.525342110544,-7.678104782852869],[113.50133641087564,-7.681522696290809],[113.49710204675429,-7.682544160794443],[113.4931427537277,-7.684348464477912],[113.48857491697018,-7.6869833483508],[113.48475735848479,-7.689750362204707],[113.48160136766619,-7.693241159893746],[113.47924393974283,-7.697304230811596],[113.47778741947043,-7.701763222175585],[113.47729505615796,-7.7064245913729525]]},"properties":{"i":4,"t":0.6,"color":"#2f6f7e","alpha":0.5427958007614637,"width":0.4788}},{"type":"Feature","geometry":{"type":"LineString","coordinates":[[115.5399306855474,-8.646082868475704],[115.53187002730338,-8.650082798493196],[115.5221084377766,-8.648127697231331],[115.51804761237584,-8.647684197652854],[115.5139720108804,-8.647965577060301],[115.51001294565353,-8.648962769654599],[115.50629797628854,-8.650643646562592],[115.5029468016119,-8.65295405049526],[115.49236694228097,-8.661742657155932],[115.48911204184981,-8.665067769791209],[115.453467235432,-8.70990714781749],[115.45154755247798,-8.712739635200437],[115.45008282979644,-8.715826297298685],[115.44698944272726,-8.723882129211749],[115.44587040175111,-8.727867477951053],[115.44550827308626,-8.731987954057693],[115.44591531728283,-8.736104331316403],[115.44707780495041,-8.740077517580774],[115.44895647739605,-8.74377325491511],[115.45148787032471,-8.747066656945165],[115.45458645625583,-8.749846429989176],[115.46093458670343,-8.754566651357921],[115.46443288505093,-8.756707829948073],[115.46826404195856,-8.758191612513619],[115.47557565400504,-8.760292751692752],[115.48768903809683,-8.775078609731343],[115.49238286862195,-8.77939099994549],[115.5478042761178,-8.817478835769732],[115.55091578998056,-8.819273663000558],[115.55427486786289,-8.820560993240436],[115.58235233633565,-8.8288624570686],[115.58663114035149,-8.82969653571395],[115.59099238703767,-8.8297091479852],[115.59527605147349,-8.828899831202083],[115.59932495695385,-8.827298281107499],[115.60299054499599,-8.824963261697535],[115.60613832832259,-8.821980448013575],[115.62377286688614,-8.801723033440496],[115.64057323643927,-8.784547127352731],[115.64350489288594,-8.78084246766193],[115.64559320485488,-8.776616433282214],[115.64674695553609,-8.772053675702796],[115.64691576926384,-8.767353552317706],[115.64609230686378,-8.76272141499152],[115.63761775403188,-8.733439895000958],[115.63579811672362,-8.729003654001357],[115.6330702625421,-8.725048263857722],[115.61770613051755,-8.707195189682281],[115.610511936361,-8.687889451314913],[115.60806102088164,-8.68313970756872],[115.5919973768456,-8.659444481241481],[115.58937957898665,-8.656255864981233],[115.58621920542177,-8.653590711282737],[115.58262153135003,-8.65153779072959],[115.57870639116986,-8.650165480514401],[115.5557586222248,-8.644387804699193],[115.55174984497174,-8.643747920988636],[115.54768985946545,-8.643822497024773],[115.54370789165516,-8.644609159152354],[115.5399306855474,-8.646082868475704]]},"properties":{"i":4,"t":0.6,"color":"#2f6f7e","alpha":0.5427958007614637,"width":0.4788}},{"type":"Feature","geometry":{"type":"LineString","coordinates":[[117.48087549906317,-8.274588540989903],[117.48087348750582,-8.316685811046929],[117.47938104160895,-8.320027823099151],[117.47045705823967,-8.331479986085688],[117.46856475176226,-8.334438876052966],[117.46725591578641,-8.337692009824146],[117.46657537935228,-8.341128002578559],[117.46584302826645,-8.348288994092737],[117.46580242159449,-8.35164718725215],[117.46636263967699,-8.354959582498605],[117.46750604803819,-8.358121825563542],[117.46919663690208,-8.361034290291368],[117.47684646153445,-8.371858608594785],[117.47935456676784,-8.37474045728841],[117.48239460670455,-8.377068037470924],[117.48987082473374,-8.381684213246988],[117.49318094355215,-8.383311538628247],[117.49674570375541,-8.384278755575647],[117.50043198713252,-8.384549746626268],[117.50410213606436,-8.384114393628282],[117.50761909629607,-8.38298895552165],[117.51085153704172,-8.381215460700735],[117.51367875683269,-8.378860136730337],[117.51599519160273,-8.376010936200089],[117.51771435648735,-8.372774251297386],[117.51877207412086,-8.369270939987539],[117.51912886902223,-8.365631812377629],[117.51911949638634,-8.17315954803252],[117.51872376556885,-8.169329927201485],[117.51755303822326,-8.165658857268754],[117.51565579122192,-8.162298285212927],[117.51311056675502,-8.159387303113457],[117.51002271958806,-8.15704639250526],[117.50652005592954,-8.15537243921186],[117.50274754446279,-8.15443472469999],[117.49886131825883,-8.154272059605416],[117.49502221543187,-8.15489117787503],[117.4913891253501,-8.156266457896145],[117.48529629830213,-8.159308311868912],[117.48072165677792,-8.162500278991828],[117.47364164275292,-8.169173044383163],[117.4711105086868,-8.172100068389259],[117.46923083535636,-8.1754737600023],[117.46402235728962,-8.18759956566616],[117.4630499007504,-8.190490515681287],[117.46255891697405,-8.193498430821583],[117.46141822940986,-8.20765842913067],[117.46138390367787,-8.210151118596801],[117.4635799140189,-8.251655378442914],[117.464071614864,-8.255039472556168],[117.46517076170343,-8.258280761298101],[117.46712361724802,-8.262675859021808],[117.46878730589879,-8.265658165168702],[117.47096450925517,-8.268296976081855],[117.4735846648376,-8.270506758344537],[117.47656284811204,-8.27221588399105],[117.47966540460759,-8.273644029054193],[117.48087549906317,-8.274588540989903]]},"properties":{"i":5,"t":0.5,"color":"#2f6f7e","alpha":0.6254272761986953,"width":0.50625}},{"type":"Feature","geometry":{"type":"LineString","coordinates":[[116.78155402856558,-8.765585601503286],[116.78458342507288,-8.771500709991043],[116.78611367371376,-8.776828099779712],[116.7875091443399,-8.780321437637292],[116.78957524815095,-8.783473677533737],[116.79266820520026,-8.787298798184256],[116.7946448229798,-8.7893957008759],[116.79691919142256,-8.7911736316695],[116.80194725052652,-8.794525495750621],[116.80403620385663,-8.796738915936677],[116.8043795484242,-8.798006840153109],[116.8029638588733,-8.801702469480851],[116.77303265012756,-8.80781465859905],[116.76974851177276,-8.808795241762581],[116.76669414707628,-8.810339103186175],[116.76396757285477,-8.812396701593126],[116.76165629131557,-8.814902008975816],[116.74435375078419,-8.837414244958275],[116.72158935798312,-8.860061260796273],[116.71933209419436,-8.862767869027897],[116.71761911439121,-8.865839558995463],[116.71650926472861,-8.869170834337687],[116.71604068035697,-8.872647280274734],[116.71622947353644,-8.87614949278958],[116.71766200297185,-8.88577358399658],[116.71779732199101,-8.88656552215099],[116.72205127178576,-8.908599775883623],[116.72301521776396,-8.91191478393205],[116.7263427720851,-8.920365168529463],[116.71550160309252,-8.935673976528543],[116.71345436810573,-8.939389658067395],[116.71229392745951,-8.943461794964938],[116.70954509467234,-8.960035698566438],[116.70931923573309,-8.964083922954114],[116.7099716076634,-8.968086820975488],[116.71147229208027,-8.971860648684707],[116.71375242533364,-8.975232172053138],[116.7297397341948,-8.994122089211825],[116.74136105134092,-9.013060924538493],[116.74525348663528,-9.022618667926654],[116.74708879188128,-9.026055939422218],[116.74959631792305,-9.029050591017974],[116.75267034492893,-9.031476348876318],[116.7561812578028,-9.03323092565241],[116.759981012176,-9.034240335098294],[116.76390937894581,-9.034462013012154],[116.76780070363607,-9.033886612692799],[116.76987820408148,-9.033359494301289],[116.7947754391724,-9.05152908317671],[116.79757720143368,-9.053227353997801],[116.80063164855066,-9.054427783408984],[116.82276766846485,-9.061019051081837],[116.82615596193286,-9.061705894167138],[116.8461903327904,-9.063932441618224],[116.90048893368653,-9.081401897905213],[116.90599023899462,-9.082327605612535],[116.92780136135313,-9.082815571922],[116.93163939015629,-9.082519433777469],[116.94607069068667,-9.079946823489196],[116.9605462668767,-9.08759528220715],[116.97840330851655,-9.09930604514114],[116.99488514129696,-9.119254139252353],[116.99752203432004,-9.121874998329663],[117.00062438781066,-9.123940202784121],[117.00407397937566,-9.12537105014034],[117.00773934854256,-9.126113012288622],[117.01148080839725,-9.12613781424234],[117.07304790904902,-9.120583360829922],[117.07490723275458,-9.120324272406693],[117.13041087377448,-9.10982559782566],[117.13422552958134,-9.10868722980046],[117.13771914888983,-9.106794567530146],[117.14074067684535,-9.104229449264677],[117.15490855107497,-9.089405943632718],[117.15586965968703,-9.088320235138916],[117.16836538529212,-9.073067768127514],[117.16982747527096,-9.071019064743165],[117.18449685717194,-9.047263216739102],[117.19610115467087,-9.042655707393704],[117.2228809969692,-9.042698466106676],[117.26754109588332,-9.058104030308156],[117.26904509956344,-9.058555302790515],[117.29476325535104,-9.065146445788184],[117.3274846106062,-9.077100572578294],[117.33173661050877,-9.078127475556014],[117.33611358334319,-9.078174996604227],[117.39085230868483,-9.07255952859936],[117.39409081677849,-9.071945398912725],[117.47906752809573,-9.048180125433438],[117.50513362002347,-9.041027600899792],[117.50845369796363,-9.03977887082167],[117.5114831325227,-9.037946355198448],[117.51411777726508,-9.035593056794095],[117.51626706367108,-9.032799881146843],[117.51785711456385,-9.029662854147915],[117.51883328283546,-9.026289819953819],[117.51916202832018,-9.022796732897026],[117.51913148863329,-8.418874041244349],[117.51876029581057,-8.415163441819319],[117.5176606007848,-8.411596872627484],[117.51587512509553,-8.408312828918676],[117.51347321523453,-8.405438832077367],[117.5105481481147,-8.403086478990675],[117.5072135084485,-8.401347109963073],[117.5035987787671,-8.400288263160181],[117.49984431319396,-8.3999510530369],[117.47219129458946,-8.400172376409765],[117.46457407553495,-8.397315817688268],[117.45793241099754,-8.392909770608448],[117.4544582221972,-8.391086422737393],[117.45068050131212,-8.390004302012278],[117.44675890013964,-8.389709141654606],[117.44285914915433,-8.390213417197375],[117.43914605655311,-8.391495819182142],[117.43458919888508,-8.393611714258627],[117.43111867064572,-8.395693649631728],[117.42817030625655,-8.3984529271243],[117.42587683559923,-8.40176534266762],[117.42434151733237,-8.40548178938067],[117.42363348839848,-8.409434968041637],[117.422465603835,-8.426139493123143],[117.42001189011236,-8.434807757097117],[117.41470888299318,-8.443645658166758],[117.41275091989486,-8.448156305953065],[117.41189923968886,-8.451136731220393],[117.36278330842082,-8.430190502313042],[117.327432996142,-8.40445386402052],[117.32489511747842,-8.402892631443502],[117.29744506320928,-8.388817525240954],[117.28501816055726,-8.379887439871673],[117.28115660902495,-8.37773954056934],[117.26935707645897,-8.372856729618418],[117.2663675233853,-8.37189643504127],[117.26325936232932,-8.371433355876045],[117.23190141477234,-8.369343041112682],[117.22680220377055,-8.368137756180863],[117.21044101047619,-8.346324249600636],[117.20769551616391,-8.343376076255275],[117.20438390087175,-8.341066157087832],[117.20065476736393,-8.339498141272218],[117.19667544620624,-8.3387423875477],[117.19262448999453,-8.33883280820058],[117.18868366494635,-8.339765347764066],[117.16833395268303,-8.346906452361681],[117.13655775154862,-8.353480803290628],[117.1317951546184,-8.355139405374368],[117.10900882163604,-8.36661286268194],[117.10565837029773,-8.368762416106787],[117.10283204515355,-8.371553243183227],[117.10065302369173,-8.374863727282625],[117.09921628278882,-8.378549602578383],[117.09858445748854,-8.382450239562251],[117.09878510791219,-8.386395644319151],[117.09980951398784,-8.390213866732786],[117.10237409411808,-8.396872758905449],[117.08088610018272,-8.408685848678509],[117.0787054618324,-8.410084319832633],[117.02139364156292,-8.452565582201384],[116.97665115039267,-8.478427987829887],[116.88565997805074,-8.507919391205505],[116.8783589706703,-8.509246772893675],[116.87018665282199,-8.508859926192653],[116.86741732695774,-8.507710266810996],[116.85055483044096,-8.493503648539257],[116.84754990619459,-8.491427897757333],[116.84419993903307,-8.489956813492451],[116.84062783261363,-8.48914436654945],[116.83696463721847,-8.489020364066409],[116.83334474384513,-8.489589356302206],[116.829900955941,-8.490830469627728],[116.82675961920076,-8.492698171856052],[116.82403598774275,-8.495123941912157],[116.82182999638871,-8.498018782723657],[116.82022259399677,-8.50127648531656],[116.8192727723614,-8.504777524551926],[116.81901539982802,-8.508393443748934],[116.82014111695756,-8.551769249616108],[116.81766923259217,-8.558497645007254],[116.78607543618877,-8.565201312309538],[116.78279404629187,-8.566209348510599],[116.77974783322264,-8.56778128450313],[116.77703497981734,-8.569866457557213],[116.77474292878829,-8.572397662216364],[116.77294556451503,-8.575293315588688],[116.73136858094641,-8.658131642375324],[116.73008111986671,-8.66144505726614],[116.7294422263381,-8.664937871221406],[116.72947439487317,-8.668487206328262],[116.73017651229009,-8.671968192820191],[116.73152389428937,-8.675258362246113],[116.73346915152192,-8.678241956612718],[116.73594385500658,-8.680814001818296],[116.73886094255683,-8.68288400193679],[116.75315515358959,-8.69113771014725],[116.75319029136243,-8.702797832487224],[116.74548535560395,-8.733654153348985],[116.74493385197468,-8.73770329750989],[116.74527458347846,-8.74177510328842],[116.74649169517099,-8.745679766325694],[116.74852847598893,-8.749235268070072],[116.75553131188418,-8.75886155440828],[116.75826724595937,-8.761879250378072],[116.76159050782213,-8.764252204864878],[116.76534874468275,-8.765871626016486],[116.76936965403578,-8.76666326837633],[116.773468885835,-8.766590838029083],[116.78155402856558,-8.765585601503286]]},"properties":{"i":5,"t":0.5,"color":"#2f6f7e","alpha":0.6254272761986953,"width":0.50625}},{"type":"Feature","geometry":{"type":"LineString","coordinates":[[117.33028487473081,-8.159234066244988],[117.33042878560596,-8.162783088940607],[117.33124032029943,-8.166242942516925],[117.33269089975785,-8.169491713674663],[117.33472942374894,-8.172414924248146],[117.33728406983356,-8.174909565892474],[117.34026482331514,-8.1768877308182],[117.34356664912549,-8.178279710472626],[117.34707319385716,-8.179036452811252],[117.35066088734564,-8.179131291424913],[117.35258092650999,-8.179003222978059],[117.35427306684639,-8.179990110126536],[117.35728203110763,-8.181124288402653],[117.36501437217744,-8.183321366244707],[117.3681356549499,-8.183935508345225],[117.3713166546614,-8.184028760340013],[117.378966015811,-8.183621713902973],[117.38254422072669,-8.183092002250179],[117.38595754004943,-8.181904676694469],[117.38908374143486,-8.180102257946427],[117.39100103725505,-8.178448025893477],[117.39324174644824,-8.177870740613608],[117.40268580145185,-8.174339310515805],[117.41040842250558,-8.171992056334327],[117.4132980107496,-8.170851736622033],[117.41596249972532,-8.16926275240813],[117.42133357728409,-8.16543759533209],[117.42303516437296,-8.163991590972127],[117.42315889395168,-8.163967310762308],[117.42656419176035,-8.162587928206163],[117.42963944427115,-8.160588499320744],[117.4322707483578,-8.15804308550773],[117.43601368055818,-8.15364895273698],[117.43807632546066,-8.150700064545598],[117.43953970565983,-8.147418971146932],[117.44035126071776,-8.143923555918823],[117.4404818515672,-8.140339398944628],[117.43992680493115,-8.136795264997689],[117.43870607859989,-8.133418477606797],[117.43686354200024,-8.130330345379198],[117.43446539824794,-8.127641804812228],[117.43159780463904,-8.125449435991055],[117.42836377721936,-8.123831994137753],[117.4263801302364,-8.123271560415052],[117.42620453818714,-8.123101096804271],[117.42322685328965,-8.121135393574441],[117.4199311572618,-8.119753530494817],[117.41578133584383,-8.118451577365269],[117.41099799007306,-8.117592648439757],[117.39993051909025,-8.117022636319529],[117.39562762677009,-8.117282697688378],[117.38252620597027,-8.119561545278557],[117.37888979929772,-8.120568759980467],[117.37552428889957,-8.122263767714777],[117.37256097188232,-8.12458044567378],[117.37011546108741,-8.12742841725025],[117.36718033005037,-8.13162483397853],[117.36371063175697,-8.131314650623864],[117.3603866548174,-8.131304652112078],[117.35711114051082,-8.13186465147204],[117.3480785116305,-8.134224513328386],[117.34414962160821,-8.13572574742177],[117.34064808027902,-8.138041944680447],[117.33774380093809,-8.141060718990756],[117.33557772551245,-8.144635589855056],[117.33199643505108,-8.15236745420276],[117.33081364072311,-8.155720926530766],[117.33028487473081,-8.159234066244988]]},"properties":{"i":5,"t":0.5,"color":"#2f6f7e","alpha":0.6254272761986953,"width":0.50625}},{"type":"Feature","geometry":{"type":"LineString","coordinates":[[116.81910722972553,-8.44810636245792],[116.81986424496839,-8.451806679886205],[116.82134888168262,-8.455284734744845],[116.82350206473797,-8.458402089460478],[116.82623810283732,-8.461034660631908],[116.82944809799356,-8.463077659287203],[116.83783138756286,-8.467308829114229],[116.84064861449981,-8.468461003068324],[116.84361511312599,-8.469156011543184],[116.85590370300797,-8.471028071621607],[116.85942014083395,-8.471239169044297],[116.86291609424478,-8.470809063294489],[116.86627303721806,-8.46975233750975],[116.87481011598625,-8.466179068155851],[116.88077534470143,-8.46511360985266],[116.88504583429672,-8.466902324485797],[116.88870037391281,-8.468022171347],[116.89250712985393,-8.468400509992524],[116.89885544048344,-8.468400493327168],[116.90261420521246,-8.468031706216944],[116.92027499978046,-8.464531494839939],[116.92319394250963,-8.46371014284193],[116.92594483877787,-8.46244265905479],[116.9369979388796,-8.456250436713047],[116.94084695916133,-8.457314127284327],[116.94488005829693,-8.457557297969418],[116.94887483833351,-8.456957356355726],[116.95265312037698,-8.455541063115417],[116.95786127654112,-8.45293694042584],[116.96093823301881,-8.451014796609536],[116.96359149519245,-8.448551170844459],[116.96572506657793,-8.445635207779972],[116.96726176045293,-8.442372417004236],[116.96788830065294,-8.43989840325694],[116.96874777350966,-8.441515776667492],[116.97115843941454,-8.444441952437908],[116.97410836859989,-8.44683669139996],[116.97748018862055,-8.448604705255171],[116.98113973370529,-8.449675642925136],[116.98494138482215,-8.450006890865316],[116.9887338663332,-8.44958526926586],[116.99236626813604,-8.448427556532822],[117.00668975448424,-8.442242250521387],[117.0093267059343,-8.440851583555782],[117.01171251775781,-8.439071738732226],[117.01431652853375,-8.43679265441166],[117.01600621065771,-8.43497017231489],[117.01809533254986,-8.433984974629963],[117.02119460467796,-8.431661719446492],[117.0264026085328,-8.426859547020117],[117.02879584721518,-8.42419357124061],[117.03064101140144,-8.421130900434791],[117.03187261342485,-8.417780257075691],[117.03244695019558,-8.414260583262491],[117.03234365242854,-8.410696817954157],[117.03161137452516,-8.404837869498849],[117.03084633204574,-8.401394039502694],[117.02944868187348,-8.398150376755456],[117.02746696152342,-8.395219493125296],[117.02496998149488,-8.392703139436106],[117.02204443539884,-8.39068867388389],[117.01879189008848,-8.38924603019813],[117.01532526027925,-8.388425290646458],[117.01176488992185,-8.38825494799898],[117.00848518612376,-8.388400918939842],[117.00403833046111,-8.386683609122342],[117.00012607537776,-8.385629058330524],[116.99727035601241,-8.385477277257602],[116.99677416350673,-8.385155063366236],[116.9934996321686,-8.383803947391192],[116.99002920505671,-8.383074214023981],[116.98648224335753,-8.382990962427073],[116.98298073980868,-8.383557056930663],[116.97964512471728,-8.3847530284223],[116.9765901255519,-8.386537743550859],[116.97392082223028,-8.388849818793709],[116.97172903355874,-8.391609730862035],[116.96928693162721,-8.395353637308242],[116.9678426140174,-8.398011612877509],[116.96401728014108,-8.406637462196622],[116.96396495718653,-8.406796946207738],[116.96395443936864,-8.406786026225376],[116.96077759037367,-8.404603384681575],[116.9572218570481,-8.403097411374127],[116.95343257759644,-8.402329661756104],[116.94956463258661,-8.402331517429744],[116.93345239686843,-8.403958395632543],[116.92978269539313,-8.404693135892487],[116.92632793250363,-8.406120786844506],[116.91501624851179,-8.41214250979034],[116.91157889081956,-8.414483599184825],[116.90873651052121,-8.417506246263425],[116.90853307117766,-8.417776553808443],[116.90769387495705,-8.417776542431069],[116.88454619693637,-8.415508675315312],[116.88115243648164,-8.415475291449978],[116.87780611270459,-8.41603557721247],[116.85396312955929,-8.422220230633851],[116.85368001916785,-8.422295956024522],[116.83300988766632,-8.427992642252223],[116.82945359343243,-8.429363564703511],[116.8262431781326,-8.431405442087096],[116.82350641054265,-8.434037016487604],[116.82135221646452,-8.437153560163871],[116.81986634332746,-8.440631042088125],[116.81910794597216,-8.444331062951468],[116.81910722972553,-8.44810636245792]]},"properties":{"i":5,"t":0.5,"color":"#2f6f7e","alpha":0.6254272761986953,"width":0.50625}},{"type":"Feature","geometry":{"type":"MultiLineString","coordinates":[[[115.90468493737541,-8.735364069118953],[115.90311076138596,-8.728600758193616],[115.90215868208846,-8.725644408815281],[115.90073074194063,-8.72288152587457],[115.89568453463862,-8.714824738021607],[115.89347113434549,-8.71194668217616],[115.89074449833993,-8.709537138863464],[115.88760412185451,-8.707684025287584],[115.88416459083825,-8.706454955157465],[115.88055140198576,-8.705894772590813],[115.87689638544471,-8.706023916558213],[115.87333289691323,-8.706837675428126],[115.86999095418119,-8.708306358760087],[115.8665181618015,-8.71024456801558],[115.85394923419726,-8.706623782187542],[115.85043749215946,-8.70595592477947],[115.84686137303362,-8.705945229672691],[115.84334562328029,-8.706592070189036],[115.84001288449106,-8.707873882585535],[115.83697941698439,-8.709745952790342],[115.83435104552727,-8.712142975542571],[115.83221946837386,-8.714981331658537],[115.81744779341449,-8.739061724380528],[115.81580641612166,-8.742459695334489],[115.81487812653057,-8.746111594304395],[115.81175209516437,-8.767049455909051],[115.81162854093463,-8.768067077564144],[115.80956943636721,-8.79004099069303],[115.80970887848832,-8.794653352733938],[115.81097368106963,-8.799095275810656],[115.8215967220886,-8.824166766533152],[115.82345880287676,-8.827547647198255],[115.82597465824921,-8.830486295877247],[115.82904022038582,-8.832861140197835],[115.83252867248943,-8.834573930550805],[115.83629569569807,-8.835553806145697],[115.86107509085649,-8.839392160578187],[115.91886476333592,-8.87141979351612],[115.92163929727256,-8.872681282128543],[115.92458149831528,-8.873490995562687],[115.94069627288151,-8.876583133608538],[115.94445428775282,-8.876929853438227],[115.94820813562598,-8.876541724603957],[115.96261281360617,-8.873612570841967],[115.96573373830373,-8.872698859166965],[115.96793486640064,-8.871626157039131],[115.96803847743158,-8.87169840771244],[115.9713931754688,-8.876198413211062],[115.97833452814517,-8.895951355893914],[115.98013101737695,-8.899686043935251],[115.98582678024769,-8.908800286134714],[115.98791104899476,-8.911543660430729],[115.99046233590401,-8.913870296023092],[115.9978684669063,-8.919486515021935],[116.00273442145068,-8.922167343037463],[116.01250082478765,-8.925829505616665],[116.0158428856506,-8.926750618168137],[116.01929830198212,-8.927061080040536],[116.02995984311399,-8.927061069519103],[116.0332700139652,-8.926776343179505],[116.0364805634188,-8.9259308280952],[116.03949489481836,-8.924549963987522],[116.04983018925111,-8.918689705400192],[116.05299776642894,-8.916441217687142],[116.05563860833017,-8.913605452335355],[116.05764323270053,-8.910299986915954],[116.05892854309872,-8.90666187042197],[116.05922020838341,-8.904488915038945],[116.06489060658816,-8.909160984601195],[116.06804581401505,-8.91127291294025],[116.07156178087958,-8.91272594847711],[116.07529932435823,-8.913462570693774],[116.08880900253924,-8.914764620441154],[116.09316471916982,-8.914692650612176],[116.09739129935538,-8.913650283992858],[116.1012701389474,-8.911691434188002],[116.11193137678475,-8.904692139145908],[116.11450660534628,-8.902665765746223],[116.11669254249426,-8.900233648789243],[116.11842462058421,-8.897467636789338],[116.11965168312592,-8.894449440277764],[116.11981717597372,-8.893913093849346],[116.1503173017216,-8.894551597815347],[116.15875277107943,-8.89616474812908],[116.1640863690206,-8.900571338138814],[116.18054547207359,-8.924851749006288],[116.18280190803236,-8.927588602102418],[116.18553357769984,-8.929863916317517],[116.19383476941263,-8.935560144219787],[116.19689304888706,-8.93727089266645],[116.2002162258873,-8.938400940610913],[116.20369244531696,-8.938912251606009],[116.20720469862312,-8.938787615528305],[116.21063476398456,-8.93803122805712],[116.21779706845643,-8.935753112092788],[116.2208050086909,-8.934508235217423],[116.22355556832638,-8.932777362298266],[116.2322361388772,-8.926225444425436],[116.23361086048968,-8.928186658025092],[116.23582854181967,-8.93080864769779],[116.23848732846966,-8.932993997292522],[116.24150055377034,-8.93467146738302],[116.24735977709099,-8.937275579427332],[116.25089522198165,-8.938453297170556],[116.25459468486041,-8.938931718872096],[116.2583178296776,-8.938692696603693],[116.27540865534456,-8.935925537239687],[116.27937824169157,-8.934839426190667],[116.31555660721287,-8.920648752614513],[116.32471582499042,-8.918808428484699],[116.32628495130928,-8.921194323366052],[116.33001427801732,-8.929216633941516],[116.33251193629914,-8.933199609290373],[116.33649887792717,-8.938082763817652],[116.3394172111383,-8.9409591155806],[116.34289091866115,-8.943152140226589],[116.34675914263428,-8.944560280736951],[116.35084274817733,-8.945118326903822],[116.35495262205892,-8.94480043631311],[116.36414905958945,-8.94309133873185],[116.36770204678719,-8.942071857955218],[116.36928013545383,-8.941267932340821],[116.37007917031617,-8.950724600935605],[116.37071999493315,-8.954244905712027],[116.37201992874115,-8.957583265315723],[116.37393255137212,-8.960620424885784],[116.37638955088966,-8.96324788665403],[116.37930316278761,-8.965371786778945],[116.38256930485427,-8.966916249549556],[116.39648589680645,-8.971962466361953],[116.40009704648334,-8.972889535068623],[116.40382160033334,-8.973107689690513],[116.40751829042239,-8.972608656611188],[116.41104690640674,-8.971411364165748],[116.4142736158017,-8.969561224301168],[116.41707604178491,-8.967128409378317],[116.41934790559664,-8.96420518962092],[116.4210030572599,-8.960902432394418],[116.42197874171919,-8.957345396306012],[116.42223797667819,-8.953668979846954],[116.4214508856842,-8.9258892373274],[116.42194612509996,-8.926305774484703],[116.43576845874722,-8.935681148024406],[116.43914481678199,-8.937507700145577],[116.44282266216975,-8.938630580273971],[116.44665348264014,-8.939004446569703],[116.47564095504461,-8.938941391031653],[116.4794945566776,-8.938545846453625],[116.48318872596688,-8.937392448789103],[116.48657235480277,-8.935528378573547],[116.51208914658356,-8.917908371019164],[116.51768005041504,-8.919855136709526],[116.52073349594063,-8.92064591299414],[116.52387692018537,-8.920930592092938],[116.52702496203527,-8.920701443917771],[116.56834895557547,-8.91427705035462],[116.57201394066487,-8.913332576735737],[116.57541910460593,-8.911694155960339],[116.57843130975537,-8.909425850979895],[116.5809327891194,-8.906616351620144],[116.60444105646826,-8.874246441484978],[116.60630049387312,-8.87107766629064],[116.60750717919737,-8.867614297819062],[116.608015922224,-8.8639860926886],[116.60780768364222,-8.86032897933461],[116.60689028533811,-8.856779965326462],[116.6052981143193,-8.853472004832138],[116.60309083181617,-8.850529018470162],[116.60035113631085,-8.848061252000967],[116.59718166456959,-8.84616114755551],[116.59370114688934,-8.844899881864489],[116.58086713622579,-8.841599447798457],[116.57233147072093,-8.834409366305325],[116.56882070130085,-8.832061124187181],[116.56487319499702,-8.830533494067362],[116.55908066013326,-8.828996184513267],[116.55669661221471,-8.82548839148758],[116.5544585777861,-8.822775802686657],[116.55175336526489,-8.820516773231136],[116.54867348954845,-8.818788553717576],[116.54532427293343,-8.817650242331238],[116.54182024441542,-8.817140764647341],[116.53828122476598,-8.817277543023351],[116.53482823101027,-8.818055901001406],[116.5315793400526,-8.819449223056854],[116.52544125680973,-8.822778972451793],[116.52132546802939,-8.806967196270245],[116.53363068610672,-8.791314303027727],[116.56847085130967,-8.758713643015035],[116.57045143055625,-8.756550416410649],[116.57207200615942,-8.75411201590222],[116.5983438161347,-8.70702659464044],[116.6160441826185,-8.675961532208342],[116.63532885571989,-8.644718293361382],[116.63654766206257,-8.642396356193299],[116.6439097855931,-8.625626815883313],[116.68240438122356,-8.587130388754671],[116.68454767773379,-8.584571859876014],[116.69675425555195,-8.567074390221924],[116.69846783992361,-8.5640620376772],[116.69959873450328,-8.560791751130113],[116.70010923110762,-8.557372618720644],[116.70412555855114,-8.485404760357932],[116.70739033541837,-8.478750670894547],[116.71543943759511,-8.471075388967423],[116.71804713229004,-8.467996680496361],[116.75100490915717,-8.419411413623974],[116.75245658302883,-8.416866037785779],[116.76051295146755,-8.399775715217165],[116.7618299863347,-8.395970067520786],[116.76230412256689,-8.391975031094283],[116.7619139634533,-8.387971112716128],[116.75385521237095,-8.349153578441948],[116.75244389490645,-8.344941200572022],[116.75007983511686,-8.34116980924836],[116.72118943829287,-8.305281917307674],[116.71760564984665,-8.301859511065913],[116.67960241935603,-8.274028563201195],[116.67547642023467,-8.271728371384741],[116.64056477372279,-8.257568946781086],[116.63574315609003,-8.256308517026836],[116.59512048113402,-8.251152574854673],[116.58156848489939,-8.246921594743222],[116.56542337126275,-8.235733644260808],[116.56282030898755,-8.23421786143242],[116.54743984321489,-8.22681216221166],[116.54479240325,-8.225770893390118],[116.54201803225013,-8.225130423726798],[116.50141382332177,-8.218865393888285],[116.43183915910578,-8.200031810719292],[116.4029447938823,-8.184479241524237],[116.39978847913683,-8.18312853497277],[116.39643877976921,-8.182359230127652],[116.39300402952291,-8.182196207682157],[116.37542686629635,-8.182929143212991],[116.37232434351338,-8.183311666668573],[116.36932626445513,-8.18418951166918],[116.27948657731385,-8.21861185225856],[116.2754753027592,-8.220720655397544],[116.25879261508676,-8.232194190153761],[116.25606193169203,-8.234474323526857],[116.16823275412285,-8.322944518255532],[116.15752051087654,-8.331029002053109],[116.12923937635742,-8.346376962896311],[116.12703720471599,-8.347773769925103],[116.11141245611199,-8.359247316053349],[116.10925061623429,-8.36109788103263],[116.10739165336096,-8.363246519187726],[116.1017765045683,-8.37081530496117],[116.09931488969586,-8.375293509242143],[116.09398485927545,-8.389175738984525],[116.07057628942492,-8.387369332524838],[116.0674080084179,-8.387385082524561],[116.06428580297401,-8.387917922498584],[116.06129530455621,-8.388953238792931],[116.0422549666617,-8.397353851152655],[116.03932037980432,-8.39896761942267],[116.03671615913309,-8.401064059149785],[116.03452251819955,-8.40357860219456],[116.01241189682233,-8.433947750337516],[116.01047614996634,-8.43727133628072],[116.00925762858832,-8.440912743314872],[116.00880640644783,-8.444722394026613],[116.00914104150007,-8.448543795590725],[116.0197924641613,-8.50393935268991],[116.02104896474597,-8.507964124067016],[116.0231745370128,-8.511614333272453],[116.02606389636546,-8.51470913830329],[116.04526968928772,-8.531157158542186],[116.0534539333078,-8.579068930391921],[116.051594269144,-8.636232384679484],[116.04461174819531,-8.669177991245691],[116.0442578009113,-8.671652478412204],[116.0411777511343,-8.712500371543674],[116.04125984587417,-8.715270516429094],[116.03802798518775,-8.715479570913459],[116.03432206565897,-8.716478825034157],[116.03089252161168,-8.718189164909553],[116.02340570069651,-8.722908964990163],[116.02008403019428,-8.725561126212792],[116.01769243317185,-8.727952666599528],[116.00897085214089,-8.724919112243201],[116.00624229877346,-8.724188673413407],[116.00343468940738,-8.723863269435789],[115.99821347298588,-8.723642004989928],[115.99209062331524,-8.720389263820506],[115.98883333062346,-8.719025477658196],[115.9853778326997,-8.718277236712673],[115.98184206638498,-8.718170078802004],[115.97834670699753,-8.718707661545679],[115.97501105149499,-8.719871637540004],[115.9719489485624,-8.72162228024787],[115.95857273757741,-8.730998920979868],[115.94941534181133,-8.73517345541718],[115.94134929477482,-8.735908843799075],[115.9194086946274,-8.734837893882327],[115.91766888448768,-8.734831141848845],[115.90468493737541,-8.735364069118953]],[[116.41895066591542,-8.89753517320545],[116.41688150858423,-8.881346216936953],[116.41686357945757,-8.864753029193366],[116.43023639477939,-8.854799872747728],[116.44425738331095,-8.853619509392187],[116.44283543875481,-8.85669748527375],[116.4420725521755,-8.858620213467566],[116.43583965341686,-8.877263784494536],[116.41895066591542,-8.89753517320545]]]},"properties":{"i":5,"t":0.5,"color":"#2f6f7e","alpha":0.6254272761986953,"width":0.50625}},{"type":"Feature","geometry":{"type":"LineString","coordinates":[[116.01036035234802,-8.356564872697128],[116.01089684643259,-8.36025406721206],[116.01215376251106,-8.363767684569735],[116.01408236464242,-8.36696943545183],[116.01839526784065,-8.372747604202884],[116.02105067421235,-8.375628891533646],[116.02424660513873,-8.377910628647504],[116.02784739060822,-8.379495948473435],[116.0317001668151,-8.380317548322004],[116.03564136773036,-8.380340548199817],[116.03950367191406,-8.37956397215422],[116.04312310906414,-8.378020789641415],[116.04768123721799,-8.375497679943852],[116.0501410905093,-8.373877221941632],[116.05231927609194,-8.37190124722986],[116.05646924971465,-8.36750610199811],[116.05883791398482,-8.364415115227587],[116.06051981007741,-8.360911263488985],[116.06144429845261,-8.357141748889278],[116.06157256340241,-8.35326492995339],[116.06100217258938,-8.34520896564778],[116.06040026892639,-8.34164472947974],[116.05912463611148,-8.338258659666502],[116.05722179791813,-8.335174206075326],[116.05476114028099,-8.332503819537727],[116.05183238028299,-8.330344853121924],[116.04854229487624,-8.328776013992139],[116.04501082863337,-8.327854495024305],[116.03646622904272,-8.3264705529321],[116.03270140765368,-8.326233708133449],[116.02896282342238,-8.326732555517397],[116.02539588727032,-8.327947693073309],[116.02213933684219,-8.329831858646825],[116.01931984210695,-8.332311767405962],[116.0170470794192,-8.335290961201435],[116.0154094654249,-8.33865355919894],[116.01150303609602,-8.349233391636838],[116.01056506928808,-8.352843196928749],[116.01036035234802,-8.356564872697128]]},"properties":{"i":5,"t":0.5,"color":"#2f6f7e","alpha":0.6254272761986953,"width":0.50625}},{"type":"Feature","geometry":{"type":"LineString","coordinates":[[113.48090259791404,-7.706424740713307],[113.48086876173494,-8.413797037049056],[113.48128685783257,-8.417734794142934],[113.48252437507708,-8.421500275324673],[113.48452714713419,-8.424928593706339],[113.48720749181902,-8.427869621866659],[113.49044804800079,-8.430194567256251],[113.51764071356828,-8.445690280195599],[113.5213669978147,-8.447318463194495],[113.52535740163115,-8.448129505786104],[113.53902905049591,-8.449431618817215],[113.54362440929232,-8.44932056903386],[113.56856572265967,-8.4457216097395],[113.57604853148504,-8.45437196272754],[113.57871841561543,-8.456912548651797],[113.58506547818743,-8.461876745188652],[113.58888637207838,-8.464201899350499],[113.59314977481628,-8.465583204679826],[113.62218115115252,-8.471374503255198],[113.62773573679766,-8.473754984222545],[113.64259432248971,-8.495540440698614],[113.64479596244442,-8.498207978224801],[113.64745003307203,-8.500436803557621],[113.66161026345094,-8.510284217259542],[113.66571561107945,-8.512454494631154],[113.67022950879843,-8.51358027060769],[113.68658727919573,-8.515614423905747],[113.69088500367637,-8.515667709673657],[113.69508636447357,-8.514771157808337],[113.70195587586055,-8.512481600369583],[113.70073960529619,-8.522393744913352],[113.7006527415696,-8.526073293809398],[113.7012879071947,-8.5296998441232],[113.70262109128342,-8.533136188303482],[113.70460187081677,-8.536252311364542],[113.7071553159036,-8.538930310671965],[113.71130633415235,-8.54251144517836],[113.71484539763266,-8.544930010188494],[113.71884149858678,-8.546505757215087],[113.72309266834117,-8.547159041970634],[113.74091553879255,-8.547891136855092],[113.74361730483379,-8.547813159722129],[113.75265074902633,-8.546918145486169],[113.756307185378,-8.546194828866707],[113.7597523556919,-8.544784149546913],[113.76285545227411,-8.542739668623344],[113.7666805166472,-8.539647554739716],[113.76906689539926,-8.537347889946039],[113.77101365163833,-8.534673793050882],[113.77398614963904,-8.529734052699789],[113.78130239763746,-8.525571958520652],[113.79476390510807,-8.521597324927471],[113.79649353710332,-8.521377734878554],[113.79992280956904,-8.54450773429063],[113.80060364995639,-8.547445233737632],[113.80524199742064,-8.562012407721332],[113.80675425703868,-8.565496655799002],[113.80893876233381,-8.56861284173127],[113.81170781724117,-8.571235844566337],[113.81495024799608,-8.573260342810071],[113.81853586654357,-8.574605044716574],[113.82232069875374,-8.575215953734439],[113.82615276732646,-8.57506853773687],[113.82987819680831,-8.574168714730678],[113.83334739508412,-8.572552615345737],[113.83642106259322,-8.570285131626326],[113.838869398982,-8.567575073029916],[113.8418755819734,-8.569932933689003],[113.84617053506356,-8.572475320320542],[113.87205042434836,-8.583543877414888],[113.87412797821574,-8.58429463720605],[113.90009004918282,-8.592026068441008],[113.90245673812429,-8.592571472345048],[113.91970953868929,-8.59541965943416],[113.92327074130387,-8.59567366513507],[113.9268177204072,-8.595269306903651],[113.93772323774942,-8.592991227747248],[113.942071466428,-8.591525742743464],[113.95116285868639,-8.587196570272186],[113.95081384925817,-8.588432498505247],[113.95023233898954,-8.591374926958936],[113.94901082686563,-8.601953837733891],[113.94893831706358,-8.605480772691354],[113.94952923131339,-8.60895970313019],[113.95076305115595,-8.612269724426454],[113.95259691234753,-8.615295798969141],[113.96455955569081,-8.631409249471757],[113.96729955273493,-8.634378393334604],[113.97061212523955,-8.636708478108744],[113.97434783519991,-8.638294380381408],[113.97833814679979,-8.639064549260102],[113.98240303217794,-8.638984235934156],[113.99729676404891,-8.637113186110113],[114.00054289255941,-8.636418172387566],[114.0036186355107,-8.635178914130579],[114.01937429231882,-8.627190336957597],[114.02831518289958,-8.624741994127094],[114.03358793643311,-8.635427536756637],[114.03577375812142,-8.63886395484442],[114.038650750134,-8.641760399806225],[114.04208652109412,-8.643983569565226],[114.05063177898958,-8.648296773603759],[114.05589185165168,-8.65005752326336],[114.09145649642768,-8.656486924618806],[114.09438079407707,-8.656788535097254],[114.10349624512077,-8.657032571074902],[114.10706114721714,-8.656798263474194],[114.11051993339909,-8.655913191678172],[114.1524365637093,-8.640937260871661],[114.16610146924984,-8.639642378592],[114.17136320305411,-8.646402138942213],[114.1727662721817,-8.648009342175046],[114.18326420853651,-8.65875170765475],[114.1861063563299,-8.661142353764838],[114.1893637608128,-8.662942443464615],[114.19291262108162,-8.664083558874323],[114.19661805385421,-8.664522327453293],[114.20033922187243,-8.664242071311843],[114.20393468914193,-8.663253441532731],[114.22777967114834,-8.654139069569197],[114.23111005766529,-8.652481016805382],[114.26706290382641,-8.629992272742857],[114.29831276440113,-8.630739605988843],[114.33900927911918,-8.648553080546796],[114.36761157378707,-8.674412988086866],[114.37146550499337,-8.694958233549194],[114.35514356282265,-8.714158212157624],[114.35325497166043,-8.716811940524998],[114.3518527129366,-8.719745495630507],[114.35097801210765,-8.72287265663641],[114.34812929716664,-8.738009488987307],[114.34781197467778,-8.74192735133942],[114.34832036127568,-8.74582546205815],[114.34963255193074,-8.749535670318231],[114.3516919644963,-8.75289792589944],[114.3544097769347,-8.755767184267624],[114.3576687565645,-8.758019664985735],[114.36132831652483,-8.759558193189175],[114.3833022419374,-8.7662315482652],[114.38677367721431,-8.766946226640725],[114.39031896573113,-8.767016046116686],[114.44426413389661,-8.763124158364977],[114.46274353214892,-8.766496344315446],[114.54912836775398,-8.79582545279547],[114.5527345317867,-8.79667439650832],[114.5564386829873,-8.796820788974308],[114.59827078242223,-8.794460744820228],[114.6022816845085,-8.793807170978246],[114.60606263436212,-8.792331679943787],[114.60944324683379,-8.790100763785679],[114.61227118464178,-8.787214956541849],[114.63985771277682,-8.75230187763461],[114.64197428819676,-8.748953726919854],[114.6433419441973,-8.74524443963789],[114.64390118230662,-8.741335444900114],[114.64479594426007,-8.716758360947026],[114.64455663231725,-8.713019421799647],[114.6435768509606,-8.709400366074464],[114.64189501731734,-8.70604302064921],[114.63180357327093,-8.690093423503667],[114.62904954180121,-8.686687679911609],[114.61923870769022,-8.677074175953955],[114.61473816463032,-8.667641301480089],[114.61299483538566,-8.664705185839564],[114.60469358281439,-8.653230506243727],[114.60216650821238,-8.650387754541248],[114.59911781186611,-8.64809893401328],[114.59566941229222,-8.646455568672806],[114.54472272887905,-8.628121618121481],[114.52143158505973,-8.612644885966237],[114.5185006818893,-8.611045869993031],[114.51533283992217,-8.609976130032472],[114.50263740230916,-8.606883299038948],[114.4986862325322,-8.606343821925805],[114.48182338109025,-8.605795556300867],[114.4717590105356,-8.602052093387746],[114.46044957876006,-8.590974640159512],[114.45035317930868,-8.574610406683515],[114.445316129463,-8.559563346179694],[114.44655068156683,-8.497210490070778],[114.44639087455319,-8.494371838609291],[114.44215832110629,-8.462551978286463],[114.44120481436654,-8.45864905325882],[114.43944025958454,-8.455032951785421],[114.43694411103081,-8.451866454805561],[114.41936601736401,-8.433882062210802],[114.41649940564047,-8.43147487792799],[114.41321218549432,-8.429668766119553],[114.40963133216115,-8.428533487798067],[114.40589515775565,-8.428112892140073],[114.40214797078521,-8.428423223612569],[114.39853450458203,-8.42945249493248],[114.39519432941458,-8.431160950007992],[114.39225646365577,-8.433482598997665],[114.38983439175531,-8.436327766297502],[114.38802168117239,-8.439586553210516],[114.3872725411257,-8.441930878908654],[114.37841790445088,-8.424475473348869],[114.37718260654336,-8.41802511804458],[114.37764080211576,-8.411755123712402],[114.3822559275363,-8.390060123249011],[114.38259983316102,-8.387734554784593],[114.38495377907925,-8.359780688807778],[114.42340461979359,-8.162806341763554],[114.43132025183522,-8.135643508098928],[114.44972121116106,-8.222408126935813],[114.45086215658593,-8.225981166823635],[114.45269213227013,-8.229261681081379],[114.53333744476718,-8.344986764920773],[114.53473011076868,-8.346751293752604],[114.55987581026189,-8.374991191225936],[114.56226377169466,-8.377246383081836],[114.5925381162033,-8.40125530784701],[114.5951885068909,-8.403018869223944],[114.59809860044314,-8.40432159501208],[114.63260494552172,-8.416447197750175],[114.63583083931367,-8.417275844725884],[114.63915317242599,-8.417538091120132],[114.75412721460782,-8.416657997931273],[114.79059275437105,-8.423572687108162],[114.91741436684009,-8.483896492080325],[114.94116132473246,-8.499949630915683],[115.00961436646824,-8.562794105090928],[115.01252932994436,-8.56499537093384],[115.04712118813508,-8.58625866153046],[115.06161888724309,-8.59751419250341],[115.06718759838415,-8.608034450375262],[115.07212759731985,-8.621356265229416],[115.07366190585718,-8.624539405879732],[115.07576687350004,-8.627385868556646],[115.08903073770365,-8.64219834868858],[115.0914790371181,-8.644489577486436],[115.11996342483636,-8.666788442450372],[115.12423202394451,-8.669314569075699],[115.1322073150538,-8.67273272735475],[115.13406073914716,-8.673416911608099],[115.1412426408542,-8.67565734144373],[115.14144796792972,-8.675765636145783],[115.15502214395796,-8.704545124485712],[115.15638685596525,-8.706959937383973],[115.16026456704431,-8.712777318244251],[115.16633281171856,-8.725073307845292],[115.16353631613805,-8.740344433114265],[115.1545403694089,-8.758269817801462],[115.14717775831535,-8.766885178509986],[115.10655687796205,-8.786373507596492],[115.10355646561997,-8.788165218618294],[115.08288686657902,-8.80322062506297],[115.08009398934993,-8.805707738783285],[115.07784656554048,-8.808686101534644],[115.07623121259662,-8.81204094268746],[115.07531019658309,-8.815642981030772],[115.07511903054031,-8.819353405767409],[115.07585025592687,-8.834571429545525],[115.07636838498532,-8.838134813736671],[115.07756002480068,-8.841536763688085],[115.0793820721148,-8.844654175923797],[115.08176860715851,-8.847374240369192],[115.08463327747283,-8.849598523487185],[115.10310772355402,-8.861318018937938],[115.10579252425784,-8.862736878355154],[115.10867097605106,-8.863717429954399],[115.12974893091605,-8.869088701274373],[115.13363520713663,-8.869667468696464],[115.15650435745377,-8.870725536281375],[115.15847136123416,-8.87071657635961],[115.18199154573443,-8.869413526418885],[115.1854626039252,-8.868902969637942],[115.19962326137946,-8.865485812655583],[115.20218254394229,-8.86467644107155],[115.22033126672811,-8.857514119293919],[115.22332787255985,-8.856018352200921],[115.23911629727746,-8.846333948920366],[115.24259704130543,-8.843598162944946],[115.24534531447085,-8.84014285115918],[115.25185503477067,-8.829644576878229],[115.25328639117298,-8.826836086696376],[115.25422737154281,-8.823832167522419],[115.25465200849081,-8.820715753845748],[115.25709060239538,-8.773189611971615],[115.25697643947669,-8.769957331429012],[115.25630707907692,-8.766791467172457],[115.25077226806692,-8.748562718053597],[115.24942079454068,-8.745271263113368],[115.24747085437599,-8.742287394072877],[115.24499115088948,-8.739716222999201],[115.2420690439276,-8.737648321947864],[115.24196702342454,-8.737601660056459],[115.25910732271636,-8.732830600706457],[115.26229696558579,-8.731630301999376],[115.26522031523578,-8.729889320687224],[115.26778448006085,-8.727662980052276],[115.28267643648086,-8.712199454354353],[115.2856684150576,-8.70811933885103],[115.3065527103186,-8.669752404580079],[115.33517645015509,-8.63827223607837],[115.37265937214177,-8.613970616804162],[115.50533897202385,-8.566217819635133],[115.5083118251867,-8.56485175611728],[115.51100529069977,-8.563004039414373],[115.52817649374343,-8.548924509044562],[115.5308057730077,-8.546300050868258],[115.53286933175455,-8.54322045444396],[115.53428854500766,-8.539803078872286],[115.53875042499077,-8.525119426175294],[115.6063084969438,-8.519940600303997],[115.61011984488356,-8.519259296814216],[115.61371439068498,-8.517832947579475],[115.61694487317588,-8.515719988524003],[115.62760600419615,-8.507093661888291],[115.62956089719854,-8.505270781687598],[115.65203668917718,-8.481145410672413],[115.66812372813112,-8.471831958606447],[115.6705629414356,-8.470155469621533],[115.70278933321329,-8.444112484176392],[115.70433869312795,-8.442713329780831],[115.71459267408736,-8.432377977448104],[115.71741499544645,-8.428739863609856],[115.7192697815148,-8.424537032410216],[115.73253288303181,-8.38059143689576],[115.7332285032061,-8.377146654522477],[115.73326861605301,-8.373634025500328],[115.73265185709364,-8.37017457276478],[115.73139949235893,-8.366887483979236],[115.72955468345425,-8.363886005512576],[115.70644215664831,-8.3331249004953],[115.70432934149504,-8.330754876616536],[115.7018474220302,-8.328765749118942],[115.66434535199048,-8.303527700636375],[115.63312143411346,-8.275731505006247],[115.58007253900269,-8.209821802376572],[115.57803375622896,-8.20765918321876],[115.54824892899757,-8.180642143178913],[115.54602845582207,-8.178908590055629],[115.5131511663795,-8.156936466436173],[115.50989134656781,-8.155187118188886],[115.34534625714863,-8.086343184199068],[115.34181688889903,-8.08525005612321],[115.27584778996571,-8.071574780269636],[115.26256055278664,-8.063742913465976],[115.24753867689188,-8.052747890017432],[115.24347915589493,-8.050476689830518],[115.22280889730541,-8.042014072622562],[115.21922291233385,-8.040939261133065],[115.19684490496958,-8.036544479289933],[115.19289290787346,-8.036184160095859],[115.17262986630526,-8.036428160494655],[115.16852003597451,-8.036921515531938],[115.16461389034573,-8.038279534480985],[115.12766912820626,-8.055775795053602],[115.12496074114948,-8.057340540632918],[115.1225471749049,-8.059322675114732],[115.0508546988466,-8.128764953199424],[115.0147044333488,-8.154917050290807],[114.9824499779398,-8.161505657764415],[114.8929503912565,-8.161346047631415],[114.88957956207746,-8.161636006962082],[114.88631315177724,-8.162509577082483],[114.85746216325006,-8.173013144828403],[114.69778770675542,-8.117181123010798],[114.69552389769005,-8.116541208416496],[114.67721369557046,-8.112553421711382],[114.6749864758873,-8.11220312495924],[114.63734318767916,-8.108517177745979],[114.62095585913477,-8.104420630741437],[114.60888734106706,-8.09546664414711],[114.60542373443836,-8.093422868866266],[114.60160420067263,-8.092143765213239],[114.59759866126596,-8.091686235482234],[114.5935853087643,-8.092070632623741],[114.58974268276587,-8.093279855342834],[114.58624173058313,-8.095260108713427],[114.56251800915581,-8.112194606406671],[114.55620714520553,-8.113969353044455],[114.55112624336199,-8.11206414933526],[114.54259319605521,-8.102071807188794],[114.533630353008,-8.089049561139868],[114.53150280515356,-8.086476963135402],[114.52895335593867,-8.084312666595139],[114.51585157444609,-8.075035038346721],[114.51264483074755,-8.073200845373474],[114.50914106143284,-8.072013252991674],[114.50547177383498,-8.071516833710286],[114.48219787183359,-8.070621920578994],[114.4777923431897,-8.070958386192371],[114.44874066629438,-8.076573175168607],[114.44850951695528,-8.076642433531248],[114.46515182474073,-8.019498795636517],[114.46589890286272,-8.014447105285328],[114.4663846380915,-7.966758987654212],[114.46578731599726,-7.961869888269918],[114.46399701221567,-7.954951957807046],[114.46322403597982,-7.9526107231987435],[114.46073966947134,-7.946470881733429],[114.45942155846903,-7.941479963065946],[114.45950232184896,-7.935862977750761],[114.46178155152914,-7.92933798286932],[114.47304065299863,-7.913343737119852],[114.47526987581648,-7.909132019913492],[114.47811859827054,-7.901563882050683],[114.47911930276638,-7.897704099569491],[114.48538340271288,-7.855467727731739],[114.48557312422216,-7.85341840292855],[114.48638610975625,-7.83168932248531],[114.48621120119918,-7.828339916512054],[114.48544219839172,-7.82507366575061],[114.4783613263604,-7.803752946564365],[114.4766313579941,-7.79998936760806],[114.47411758799457,-7.796687866872407],[114.45987548993214,-7.781714351144593],[114.45768528703101,-7.779742681423318],[114.45521402499672,-7.778129811157033],[114.4176972938462,-7.757580975166888],[114.40135661663354,-7.743703389518642],[114.39753132384658,-7.7411765354584094],[114.38971854871156,-7.73726971128869],[114.3863269756836,-7.735958736754369],[114.38274603026241,-7.735309170334429],[114.37127254921239,-7.734333240307502],[114.36864762610064,-7.734289362617564],[114.34784897659061,-7.735359627480523],[114.33826757199313,-7.734521534318555],[114.33339284308016,-7.732981947445402],[114.32199864381587,-7.7257535426090325],[114.28692952808898,-7.6919378640616936],[114.28361476791957,-7.6893800885291155],[114.27981594287753,-7.687602347189319],[114.2647614963575,-7.68247560506616],[114.26042073046753,-7.681538702880937],[114.25597906334514,-7.681620991231512],[114.23425104717984,-7.6845509040619095],[114.23189224341485,-7.685020484243221],[114.19372367130802,-7.69513250850834],[114.1761410093457,-7.694650879794765],[114.1504977997109,-7.684485611871403],[114.13084672830358,-7.667496293008335],[114.09231448025281,-7.619075551370477],[114.0899234055272,-7.616576465190726],[114.0871150153352,-7.614548188481148],[114.0553777249662,-7.595749994610031],[114.05217407002893,-7.5942333463003235],[114.04874258098107,-7.5933307482684596],[114.04520189421196,-7.593073404507176],[114.04167441948836,-7.593470210953156],[114.01221570940633,-7.599574006346843],[114.00917607927445,-7.600470390753935],[114.00632813275877,-7.601853107204916],[114.00375044252847,-7.603684008134425],[113.93504714820644,-7.661604063451197],[113.92579360322442,-7.665326564238692],[113.90966439259336,-7.667069762952014],[113.89019452575509,-7.664492278872183],[113.8752889215103,-7.659916721630894],[113.87089755767558,-7.6591103846239665],[113.85600522920427,-7.658134476097252],[113.85252236839216,-7.658221812496614],[113.84911355607723,-7.658934766179769],[113.84589225472173,-7.660249605621028],[113.82831482435803,-7.669363260091962],[113.82517233746341,-7.671406165015132],[113.82249456624126,-7.674019471660355],[113.80283054291854,-7.6974141507497],[113.79467411477924,-7.704576622665101],[113.78495039689459,-7.707040409522889],[113.7678246284336,-7.704420039888437],[113.72957338082286,-7.690503591723458],[113.72434816644689,-7.689391566953493],[113.70131920477206,-7.687763720467548],[113.69809964897784,-7.687805687656822],[113.69493303226002,-7.688383010223929],[113.68590041897427,-7.690824926410873],[113.68307804286185,-7.691829786275929],[113.66534414426343,-7.699751467956828],[113.65866196029282,-7.7009621801336445],[113.5314653004522,-7.68166867378399],[113.52866147093403,-7.681450526949395],[113.52585576762425,-7.681642774940049],[113.50184986151272,-7.685060702108308],[113.49828825750741,-7.685919873324859],[113.49495802582747,-7.687437505456245],[113.49039016314049,-7.690072407768495],[113.48717915554907,-7.6923997922919805],[113.48452461452477,-7.6953359620133845],[113.48254176825864,-7.698753476500471],[113.48131669762968,-7.702504000461441],[113.48090259791404,-7.706424740713307]]},"properties":{"i":5,"t":0.5,"color":"#2f6f7e","alpha":0.6254272761986953,"width":0.50625}},{"type":"Feature","geometry":{"type":"LineString","coordinates":[[115.54155290907046,-8.649277984761273],[115.53237605441537,-8.653831793213378],[115.52139038847307,-8.651631545632553],[115.51797474789923,-8.651258509384764],[115.51454667851944,-8.651495183199616],[115.51121663280824,-8.652333941443334],[115.50809190628043,-8.653747759173188],[115.505273181746,-8.655691082523093],[115.49469330004365,-8.664479751656183],[115.49195556523404,-8.667276561961149],[115.45631088671232,-8.712116197675575],[115.45469622856724,-8.714498649294137],[115.45346425006855,-8.717094888271795],[115.45037092446184,-8.725150746910245],[115.44942971393236,-8.728502880164054],[115.44912515574683,-8.73196866515486],[115.44946755803447,-8.735430996650054],[115.4504453684812,-8.738772882975372],[115.45202556236215,-8.741881399307227],[115.45415475642825,-8.744651503940293],[115.45676101127798,-8.746989588500025],[115.46310912100405,-8.751709774680073],[115.4660515674352,-8.753510731580088],[115.46927397579852,-8.754758748172241],[115.47767375718216,-8.757172579516485],[115.49050032513651,-8.772828871835427],[115.49444835892697,-8.776456050710125],[115.54986954278812,-8.814543594701025],[115.55248666044497,-8.816053233409654],[115.55531200009844,-8.817136013035503],[115.58338923509396,-8.825437403113506],[115.58698815655228,-8.826138950416725],[115.59065641897178,-8.826149558766677],[115.59425942852283,-8.825468838995047],[115.59766498667983,-8.824121767626036],[115.60074814275855,-8.822157770056164],[115.60339577995472,-8.81964890635035],[115.62109887190006,-8.799312905635679],[115.63797227098276,-8.782062463611457],[115.64043813186915,-8.778946447436851],[115.64219465962165,-8.775391893306313],[115.6431651266308,-8.771554111333721],[115.64330715553656,-8.767600781968863],[115.6426145667629,-8.763704628955812],[115.63414026054312,-8.734423032614451],[115.63260976898773,-8.730691643687834],[115.63031535174173,-8.727364699916851],[115.61453462857122,-8.709027363756995],[115.60711831734876,-8.68912512835908],[115.60505684753778,-8.685130044756772],[115.58899330569996,-8.661434695496181],[115.5867914509661,-8.658752696255686],[115.58413321738907,-8.656510987588126],[115.5811071539078,-8.654784237579912],[115.57781405685239,-8.653629960928692],[115.55486609244463,-8.647852233642926],[115.55149423123123,-8.64731401488744],[115.54807929656202,-8.647376742330577],[115.54472998596557,-8.648038419381637],[115.54155290907046,-8.649277984761273]]},"properties":{"i":5,"t":0.5,"color":"#2f6f7e","alpha":0.6254272761986953,"width":0.50625}},{"type":"Feature","geometry":{"type":"LineString","coordinates":[[117.4843455335598,-8.272924079475123],[117.48434379335585,-8.317410409979251],[117.48238581588663,-8.3217949658114],[117.4732056282655,-8.333576043983598],[117.47165667657409,-8.335998080240017],[117.4705853369976,-8.338660969087487],[117.47002830206618,-8.341473534507596],[117.46929601467342,-8.348634527581453],[117.4692628001172,-8.351383404934355],[117.4697213940453,-8.354094789883911],[117.47065735879453,-8.356683263023312],[117.47204121603157,-8.359067275611084],[117.47969107252898,-8.369891536161452],[117.48174410639848,-8.372250485264038],[117.4842325491748,-8.374155734067932],[117.49170872763804,-8.378771877935657],[117.49441823718885,-8.38010393038613],[117.49733617949536,-8.380895649494326],[117.50035359300063,-8.381117471722034],[117.50335780077228,-8.380761114753286],[117.50623661958046,-8.379839886731848],[117.5088825504486,-8.378388188986397],[117.51119679393305,-8.376460230866643],[117.51309293998737,-8.374128004778557],[117.51450019450473,-8.371478597160914],[117.5153660220413,-8.36861093595139],[117.51565810613188,-8.365632096120452],[117.51565043407187,-8.173159697744394],[117.51532653153883,-8.170024922592173],[117.51436824346183,-8.167019925949672],[117.51281524754471,-8.164269086952071],[117.51073183315285,-8.161886262758168],[117.50820423908442,-8.159970076871756],[117.50533708377121,-8.158599838117512],[117.5022490356966,-8.157832258990263],[117.49906790310419,-8.157699109026867],[117.4959253459691,-8.158205900195519],[117.49295142874364,-8.159331658650657],[117.48685857032802,-8.162373539106568],[117.48311394648897,-8.16498637171751],[117.4760339349898,-8.171659179665616],[117.47396205903307,-8.174055134455502],[117.47242345218366,-8.176816710234373],[117.46721506081035,-8.188942551177846],[117.4664190663324,-8.191308969231489],[117.46601718843611,-8.19377112678667],[117.46487662561135,-8.2079311254425],[117.46484854590705,-8.20997153747217],[117.46704491728096,-8.25147575028961],[117.46744742644455,-8.254245825411504],[117.46834716134727,-8.256899002299612],[117.47030004311958,-8.261294082298637],[117.47166188174046,-8.26373526424262],[117.47344405398108,-8.265895274101386],[117.47558879990001,-8.267704099320191],[117.47802660450284,-8.269103109700833],[117.48149648873755,-8.27070033762582],[117.4843455335598,-8.272924079475123]]},"properties":{"i":6,"t":0.4,"color":"#2f6f7e","alpha":0.7047950292350971,"width":0.5472}},{"type":"Feature","geometry":{"type":"LineString","coordinates":[[117.41416264689039,-8.455840443044776],[117.36104473694252,-8.433187830855328],[117.32537515169952,-8.407218707449765],[117.32329773760473,-8.405940737738405],[117.2956159992172,-8.391746811052638],[117.28297806720181,-8.382665060827016],[117.27981714139955,-8.380906866435609],[117.26801752405923,-8.37602402120506],[117.26557037954821,-8.375237958207869],[117.26302614456623,-8.374858898814699],[117.23137771199376,-8.372749227458778],[117.22476736949305,-8.371186755220535],[117.20765377317653,-8.348369992269918],[117.20540642479098,-8.34595672424356],[117.20269566102647,-8.344065906449215],[117.1996431240557,-8.342782384124764],[117.19638578762248,-8.342163751639118],[117.19306981244851,-8.3422377688232],[117.18984399001141,-8.34300111558563],[117.16927360027556,-8.350219673413426],[117.13726810240101,-8.356841495515214],[117.13336960959487,-8.358199171988323],[117.1105831556356,-8.369672727716814],[117.1078406038108,-8.371432277487132],[117.10552709193836,-8.373716748025856],[117.10374344775234,-8.376426586516573],[117.10256741314521,-8.379443700771747],[117.10205025472415,-8.382636604661727],[117.1022145272805,-8.385866147677977],[117.1030530880297,-8.388991579068778],[117.10668794072625,-8.398429133327454],[117.0825723301555,-8.411686931544972],[117.08078734260745,-8.412831671492768],[117.02331673072122,-8.455430819098549],[116.9780839039493,-8.481576733437596],[116.88651833922268,-8.511254394929718],[116.87859301802625,-8.512695284321081],[116.8694081758586,-8.512260510374537],[116.86557624323969,-8.510669720044861],[116.84830324190476,-8.496117215123865],[116.845843523942,-8.494418079021496],[116.8431013596257,-8.493213901108254],[116.84017735558076,-8.492548860942138],[116.8371787877454,-8.492447358071969],[116.83421566693406,-8.492913117084536],[116.83139670420135,-8.493929050908042],[116.82882532377066,-8.49545788739253],[116.82659586956598,-8.497443536231824],[116.82479014433527,-8.499813146169203],[116.82347440823617,-8.502479777129214],[116.82269694699585,-8.50534558936525],[116.82248629896348,-8.508305432732596],[116.8236292775301,-8.552330835082056],[116.82027694714016,-8.561455968380798],[116.7868039890267,-8.568558464625847],[116.78411795812991,-8.569383609623124],[116.7816244399561,-8.570670342628567],[116.77940380464582,-8.57237719183464],[116.77752762985087,-8.574449144054348],[116.7760563937819,-8.576819417338799],[116.73447995120534,-8.659658047813412],[116.73342610891878,-8.662370280809066],[116.73290316210468,-8.665229358150842],[116.73292952033788,-8.668134696557404],[116.73350426873189,-8.670984082970888],[116.734607198393,-8.673677270597162],[116.73619951581445,-8.676119506075048],[116.7382252064738,-8.678224863630327],[116.74061300482744,-8.679919268825914],[116.75662290697358,-8.689163567272121],[116.75666536259662,-8.703210348562475],[116.74885824750683,-8.734477027768916],[116.74840683913365,-8.737791493342792],[116.74868577783735,-8.741124502375952],[116.74968207990071,-8.744320689527571],[116.7513493194666,-8.74723106365066],[116.75835218517824,-8.756857298034618],[116.76059171026486,-8.759327445113083],[116.76331198495362,-8.761269834572255],[116.7663883014858,-8.762595416336367],[116.76967962405001,-8.763243417913529],[116.77303505646292,-8.763184131382578],[116.78340131880796,-8.761895254069064],[116.7839338763922,-8.762629181625243],[116.78783445732728,-8.770245248653532],[116.78945609625688,-8.775890637979279],[116.79059839082088,-8.778750130439205],[116.79228962877431,-8.781330411412846],[116.79538259363211,-8.785155510170494],[116.7970005721953,-8.786871938010544],[116.79886227074515,-8.788327269131898],[116.80421837057307,-8.791897802077983],[116.80716862849985,-8.795023821847678],[116.80802549974166,-8.79818802426601],[116.80553752902499,-8.804682959765733],[116.7737359442882,-8.811177191074071],[116.77104766299803,-8.811979864037289],[116.76854747161501,-8.813243616325343],[116.76631560445465,-8.81492789411585],[116.76442368793654,-8.816978648032508],[116.74698189592306,-8.839672278055422],[116.72405518372604,-8.862480950251692],[116.72220748661584,-8.864696480917573],[116.72080532694511,-8.867210850327602],[116.71989687169221,-8.869937702102844],[116.71951333372158,-8.872783380096541],[116.71966789833586,-8.87565014478482],[116.72110051316773,-8.88527421946913],[116.7212112854374,-8.885922466266733],[116.72546542583103,-8.907956674018694],[116.72625449396067,-8.91067019565292],[116.73025538701835,-8.920830260982166],[116.71834986725403,-8.937642303763026],[116.716674103495,-8.940683820237945],[116.71572424265254,-8.944017111037331],[116.7129755609358,-8.960591032173756],[116.71279071292828,-8.9639047425717],[116.71332474666697,-8.967181344414614],[116.71455316694689,-8.970270433543275],[116.71641960087142,-8.973030209724673],[116.7325761364189,-8.992119914048313],[116.74448097883104,-9.011520557119622],[116.74847910754745,-9.02133763067011],[116.7499814286722,-9.024151227277764],[116.7520339906805,-9.026602511685772],[116.75455025495002,-9.0285881237128],[116.75742412520674,-9.030024337426717],[116.76053442154269,-9.03085059251983],[116.76374999141592,-9.031032048689143],[116.7669352418468,-9.030561055153338],[116.77061448040935,-9.029627525799322],[116.7968416758391,-9.048767737567147],[116.79913507092994,-9.050157862109979],[116.80163529686929,-9.051140476913558],[116.82377113163297,-9.057731695986485],[116.8265446247886,-9.058293913708875],[116.8469307570193,-9.06055955469432],[116.90156565335798,-9.078137251378484],[116.90606875532086,-9.078894993001716],[116.92787967391102,-9.079382965421656],[116.93102129792479,-9.079140562599656],[116.94664375441702,-9.076355592541013],[116.962332383304,-9.084645013930015],[116.98076532272556,-9.096733412116336],[116.9975797659428,-9.117083935418831],[116.99973821683076,-9.119229249269493],[117.00227766375802,-9.120919728670927],[117.0051013365647,-9.12209095284045],[117.00810163029588,-9.122698288621033],[117.01116420704047,-9.122718591867638],[117.07273074475891,-9.117164220755997],[117.07425269716968,-9.11695214431896],[117.1297558587141,-9.106453592193391],[117.13287835496769,-9.105521780474227],[117.13573807342787,-9.103972538164657],[117.13821136931928,-9.101872852423007],[117.1523792664206,-9.087049438550995],[117.15316599260316,-9.086160727410695],[117.16566176805715,-9.070908345142346],[117.16685858245539,-9.069231369090607],[117.18212880964046,-9.044502770103438],[117.19543066447248,-9.03922126639502],[117.22347323674892,-9.039266060850174],[117.26868727876148,-9.05486276581477],[117.26991838398816,-9.055232156366413],[117.29580562105183,-9.061866639273255],[117.32869075905282,-9.073880620331193],[117.33217124096586,-9.07472119551866],[117.33575401783415,-9.074760096172428],[117.3904922483805,-9.069144713116302],[117.3931431353961,-9.068642017868388],[117.47812770098406,-9.04487461672408],[117.50420212270963,-9.03771982854995],[117.50691978331542,-9.0366976795238],[117.50939954351902,-9.035197669984498],[117.51155615474973,-9.033271369706421],[117.51331548142964,-9.030985002851668],[117.51461704948562,-9.028417170638498],[117.51541612461808,-9.025656148610539],[117.51568524896395,-9.022796851517695],[117.51566025041424,-8.418873739293147],[117.51535643345072,-8.415836390381317],[117.5144562896436,-8.412916934163013],[117.51299478580988,-8.410228738580793],[117.51102868411432,-8.407876189299683],[117.50863433674655,-8.40595063703092],[117.5059047206606,-8.404526851144647],[117.50294582756398,-8.403660117124133],[117.49987254925136,-8.403384090422442],[117.47156891237711,-8.403610617129788],[117.46297125990728,-8.400386388631487],[117.45599895686725,-8.395760993942094],[117.45315511103688,-8.39426846592657],[117.45006279890444,-8.39338268070363],[117.44685270905853,-8.393141074554245],[117.4436605063804,-8.393553859437967],[117.44062110056171,-8.394603591364481],[117.4360642170803,-8.396719505469482],[117.43322337374474,-8.398423706008048],[117.4308099643964,-8.40068235169601],[117.42893263616368,-8.403393771604577],[117.42767591010498,-8.40643591071518],[117.42709637490182,-8.409671823236554],[117.42590414206231,-8.426726797365216],[117.42323116664977,-8.436169942124677],[117.41769427229387,-8.44539777054284],[117.41609159069998,-8.449090012424616],[117.41416264689039,-8.455840443044776]]},"properties":{"i":6,"t":0.4,"color":"#2f6f7e","alpha":0.7047950292350971,"width":0.5472}},{"type":"Feature","geometry":{"type":"LineString","coordinates":[[117.33374878205055,-8.159418829252745],[117.33386660668855,-8.162323910554958],[117.33453091757931,-8.165155997302874],[117.33571831801605,-8.16781529728601],[117.33738697725013,-8.170208104860665],[117.33947810336441,-8.172250103372734],[117.34191801432955,-8.173869336884048],[117.3446207343385,-8.175008746378332],[117.34749102391692,-8.175628180966712],[117.35042773694008,-8.175705813125926],[117.35341322814044,-8.17550667595871],[117.35350589408368,-8.175571709553212],[117.35577652048258,-8.176895984028473],[117.3582395168478,-8.17782436944144],[117.36597179599927,-8.180021433148731],[117.3685267283588,-8.180524141866421],[117.37113054141619,-8.180600475105905],[117.37877983699498,-8.180193437096964],[117.38170878459258,-8.17975984244793],[117.38450276876642,-8.178787955999388],[117.38706173780699,-8.177312582112618],[117.38929405881004,-8.175386554492738],[117.38932746964282,-8.175351697251811],[117.3920157411958,-8.174659110687687],[117.40156248489538,-8.17108929153036],[117.40939005095946,-8.168710148319738],[117.41175533433832,-8.167776738216984],[117.41393636672268,-8.166476071514975],[117.41930743021074,-8.162650942949686],[117.42134081151474,-8.160922986470178],[117.42142321889827,-8.160824137990616],[117.42216003309463,-8.160679550215155],[117.42494745282099,-8.159550454829725],[117.42746471967133,-8.157913817185594],[117.42961859847067,-8.155830259039028],[117.43336154298974,-8.151436150361375],[117.43504995019154,-8.149022322925228],[117.43624783176746,-8.14633656281165],[117.43691216123766,-8.143475363354469],[117.43701908315941,-8.140541518707979],[117.43656476853121,-8.137640430572985],[117.4355655506016,-8.134876321574971],[117.43405733645308,-8.132348491323052],[117.43209431573202,-8.130147749599438],[117.42974701309316,-8.128353154727812],[117.42709975442995,-8.127029174181098],[117.42458776779806,-8.126319467059172],[117.42401813528984,-8.125766470719554],[117.42158071332723,-8.124157415940532],[117.41888297307541,-8.123026271892414],[117.41473311927264,-8.121724310265009],[117.41081763616302,-8.121021222769713],[117.39975006925775,-8.120451212851568],[117.39622786865482,-8.120664092496977],[117.38312634283221,-8.12294296772778],[117.38014970809155,-8.123767440873388],[117.37739482554994,-8.125154916447308],[117.37496917179143,-8.127051267200954],[117.3729673833924,-8.129382512493248],[117.36888156260571,-8.135224132462888],[117.36339844060741,-8.134733971064508],[117.36067754623623,-8.134725788344864],[117.35799632333493,-8.135184186356293],[117.34896362715943,-8.137544073265184],[117.34574757876193,-8.13877293334879],[117.34288135159701,-8.140668891746323],[117.340504031496,-8.143139951026864],[117.33873098704092,-8.1460662054623],[117.3351497492498,-8.15379809443367],[117.3341815833921,-8.156543115512626],[117.33374878205055,-8.159418829252745]]},"properties":{"i":6,"t":0.4,"color":"#2f6f7e","alpha":0.7047950292350971,"width":0.5472}},{"type":"Feature","geometry":{"type":"LineString","coordinates":[[116.82256147726125,-8.447764528772584],[116.82318116369164,-8.450793449986316],[116.82439644452337,-8.45364043204831],[116.82615896040383,-8.456192157339366],[116.82839856657917,-8.458347058364465],[116.83102612397117,-8.460019361316434],[116.83940936098267,-8.464250500313115],[116.84171541072907,-8.465193615683589],[116.84414364433474,-8.465762517196724],[116.85643212712198,-8.467634566364262],[116.8593105131353,-8.467807361840737],[116.8621721325317,-8.467455299320022],[116.86491996806465,-8.46659031537063],[116.87381284928271,-8.462868126413134],[116.8811764570465,-8.461552899224827],[116.88639963993316,-8.463740662324257],[116.8893910722126,-8.464657316455039],[116.8925070987695,-8.464967007659618],[116.89885535300151,-8.464966994018166],[116.901932096842,-8.464665124131448],[116.91959274715343,-8.461164951126195],[116.92198205566493,-8.460492632856889],[116.92423381309209,-8.459455131781647],[116.93690625049513,-8.452355700462832],[116.93823745596745,-8.453047929127989],[116.94142287575505,-8.453928232580896],[116.94472417580056,-8.454127281971248],[116.9479941111925,-8.453636200240586],[116.95108683684627,-8.452476891547088],[116.9562949646647,-8.44987279112889],[116.95881362483901,-8.448299415531967],[116.96098547605693,-8.44628280575309],[116.96273193956138,-8.443895930067416],[116.96398983208509,-8.441225152587005],[116.96471365118072,-8.43836710774022],[116.9669920597219,-8.42347505155896],[116.9670659538715,-8.42198216630927],[116.96931522985646,-8.433922481162663],[116.9701908592736,-8.436888308713968],[116.9716442201835,-8.439623249179663],[116.9736174962533,-8.442018482796797],[116.97603218013948,-8.443978704680186],[116.97879219666902,-8.445425917799366],[116.98178772589873,-8.446302537289448],[116.98489957385645,-8.446573682414039],[116.98800391684709,-8.446228564853516],[116.99097723024674,-8.44528091800288],[117.0053006283099,-8.439095667541682],[117.00745911741295,-8.437957334261078],[117.00941204021339,-8.436500437022287],[117.01201604903943,-8.43422136800539],[117.01391646483246,-8.43217160044321],[117.01629059154229,-8.431052006055605],[117.01882752236195,-8.429150298598543],[117.02403552553028,-8.424348157465712],[117.0259945369833,-8.422165911806763],[117.02750492629833,-8.419658945895206],[117.02851308602418,-8.416916253993687],[117.02898323965888,-8.41403519622345],[117.02889871020037,-8.411118042120773],[117.02816648271151,-8.405259084297073],[117.02754027304512,-8.402440099885693],[117.02639623072079,-8.399784960655367],[117.02477408426309,-8.397385847457993],[117.0227301579697,-8.395326051028754],[117.02033541581669,-8.393677080944073],[117.01767299768152,-8.392496183643125],[117.01483533341536,-8.391824355574787],[117.01192093487148,-8.391684920353708],[117.00790727741825,-8.391863556004726],[117.0027760246326,-8.38988194850616],[116.99957358741342,-8.389018730715412],[116.99625916992603,-8.388842566556626],[116.99617555035108,-8.388855803283874],[116.99514665821022,-8.388187670011442],[116.99246624240025,-8.387081694069455],[116.9896254694577,-8.386484360535725],[116.98672204680467,-8.386416215068321],[116.98385583616617,-8.386879602171563],[116.98112542007524,-8.387858584493884],[116.9786247122653,-8.38931949071077],[116.97643972834477,-8.391212073192467],[116.97464562767931,-8.393471235712678],[116.97220354422599,-8.397215159134717],[116.97102129836607,-8.39939087708333],[116.96719602503416,-8.40801675375507],[116.96623478405932,-8.410946738177774],[116.96587869717185,-8.414006935004874],[116.96600765487243,-8.415511030859577],[116.96555848873192,-8.414316718708298],[116.96388021103135,-8.41166103677263],[116.96169620769655,-8.409393536502556],[116.95909575844455,-8.40760690348747],[116.95618516089594,-8.406374166753272],[116.95308338622725,-8.405745714496872],[116.9499172175469,-8.40574723504875],[116.9338048432462,-8.407374135341048],[116.93080095216187,-8.407975570076728],[116.92797300734436,-8.409144196997707],[116.91666126603558,-8.415165970189513],[116.91384757710992,-8.417082304204309],[116.91152092522044,-8.419556533567748],[116.91027644845462,-8.421210065613897],[116.90752243505844,-8.421210035047672],[116.88420396950191,-8.418925451384707],[116.88142595214659,-8.418898125789692],[116.8786867663248,-8.419356757899111],[116.85484359878993,-8.42554147417159],[116.85461185447818,-8.425603460488984],[116.83394156548755,-8.43130020361834],[116.83103050985832,-8.432422394634383],[116.82840258568785,-8.434093804499161],[116.82616238084432,-8.436247916784964],[116.82439905741629,-8.438799003522053],[116.82318280294736,-8.44164553609371],[116.82256203597765,-8.44467422513039],[116.82256147726125,-8.447764528772584]]},"properties":{"i":6,"t":0.4,"color":"#2f6f7e","alpha":0.7047950292350971,"width":0.5472}},{"type":"Feature","geometry":{"type":"MultiLineString","coordinates":[[[115.90194615150241,-8.738913191832177],[115.89972514484936,-8.72937054052324],[115.89894583061185,-8.726950587578331],[115.89777699081144,-8.724688995763097],[115.89273082108714,-8.716632169414053],[115.89091902939816,-8.714276298373408],[115.88868711379752,-8.712303932194425],[115.88611651749122,-8.710787038170963],[115.88330103773315,-8.709780963752786],[115.88034340399729,-8.709322417663358],[115.8773515307557,-8.70942813093224],[115.87443458138883,-8.710094246620264],[115.87169898659766,-8.711296460469912],[115.86695157379835,-8.713946046030784],[115.85297724816826,-8.709920429838473],[115.85010265579747,-8.709373744756865],[115.84717536523357,-8.709364990450855],[115.84429749245128,-8.709894472469124],[115.84156943020467,-8.710943720375143],[115.83908634707129,-8.712476131831057],[115.83693486841929,-8.714438249015844],[115.83519005492188,-8.716761622924999],[115.82041850232197,-8.740842125845715],[115.81907495630252,-8.74362357569588],[115.81831512159121,-8.746612876317078],[115.8151892773212,-8.767550763088954],[115.81508814843123,-8.768383747159511],[115.81302924425358,-8.790357676112242],[115.81314342035058,-8.794133164738282],[115.81417876508266,-8.797769131325321],[115.82480198019894,-8.822840533050531],[115.82632621846172,-8.825607971024228],[115.82838559874048,-8.828013414136265],[115.83089493465873,-8.829957350523024],[115.83375042038523,-8.831359359319457],[115.83683392534749,-8.832161438599346],[115.86223035376997,-8.836095353855672],[115.92056460603824,-8.868424798566048],[115.92283571035631,-8.869457393126106],[115.92524405546366,-8.870120185851755],[115.94135868940877,-8.873212298833604],[115.94443481813633,-8.873496107364511],[115.9475075362391,-8.873178404337718],[115.96191209113296,-8.870249278490455],[115.96446673164611,-8.869501358441472],[115.96685628581899,-8.868336827700878],[115.96803317317924,-8.86749188492924],[115.97050261472356,-8.869213894582929],[115.97450364837555,-8.874580845644994],[115.98161783470817,-8.894825147904177],[115.98308838630604,-8.897882197965092],[115.98878419224192,-8.90699639622411],[115.99049029580692,-8.909241997460303],[115.99257867187309,-8.911146473225802],[115.9999847791119,-8.916762652474834],[116.00396782704065,-8.918957051436594],[116.01373415716087,-8.922619184500109],[116.01646980828987,-8.923373163286689],[116.01929824437875,-8.923627292836398],[116.0299596872653,-8.923627284224066],[116.03266923259324,-8.923394221512662],[116.0352972350403,-8.922702124045612],[116.03776462711141,-8.921571814963295],[116.04809986810771,-8.915711603315646],[116.05069270786201,-8.913871097264503],[116.05285439555838,-8.911549870319766],[116.05449531301858,-8.908844164342685],[116.05554743855255,-8.905866160006937],[116.05596716571507,-8.902739324873295],[116.05573710903793,-8.899593293880999],[116.05522689072932,-8.896727293228274],[116.06711666642543,-8.906523949679661],[116.06969937841198,-8.90825267482259],[116.0725773839096,-8.909442060588452],[116.07563675679266,-8.910045024523635],[116.08914631184773,-8.911347065237479],[116.09271168992036,-8.91128815493454],[116.09617136633308,-8.910434924501502],[116.09934640652567,-8.908831503753623],[116.11000760120596,-8.901832262266172],[116.1121155725105,-8.900173568042185],[116.11390489431886,-8.898182748841396],[116.11532271379828,-8.895918615520252],[116.1163271549915,-8.893448051737158],[116.11725998363414,-8.890424912016027],[116.15068685426118,-8.891124793287366],[116.16029402973436,-8.89296200791011],[116.16669749231316,-8.898252497178571],[116.18343344992601,-8.922941084911992],[116.18528048043707,-8.925181347551764],[116.1875165077614,-8.92704381359863],[116.19581766468932,-8.932740000133206],[116.19832103241367,-8.934140337915508],[116.20104122729904,-8.935065341406924],[116.203886692198,-8.935483876513814],[116.20676165212166,-8.935381856146154],[116.20956933906021,-8.93476271450027],[116.21673158825892,-8.932484619588006],[116.21919374779839,-8.931465623438692],[116.22144523312177,-8.930048813010586],[116.23153368034798,-8.9224342543087],[116.23352345072605,-8.922030492555185],[116.23646846789774,-8.926231919096729],[116.23828377461895,-8.928378159611157],[116.24046014268058,-8.930166984763721],[116.24292663100832,-8.931540082470326],[116.24878581379288,-8.934144174173968],[116.25167976091386,-8.935108197939245],[116.25470796191158,-8.935499811552436],[116.25775554756808,-8.935304160276829],[116.27484622333425,-8.932537029843553],[116.27809553755345,-8.931647992416929],[116.31456088589702,-8.917344762127797],[116.32604492118962,-8.915037298540344],[116.32652050178169,-8.91525007489218],[116.32933776681567,-8.919533767788467],[116.33317298957273,-8.927783734598693],[116.33521748483177,-8.931044018692965],[116.3392044370706,-8.935927145180035],[116.34159326367353,-8.938281593586417],[116.3444366840222,-8.940076700278713],[116.34760302902116,-8.941229337268746],[116.3509456706491,-8.941686127804967],[116.35430981409488,-8.941425918922599],[116.3635061721918,-8.93971683905607],[116.36641447850863,-8.938882341935479],[116.36910611597607,-8.937511135990745],[116.37148068471448,-8.935654369932893],[116.37261596664324,-8.93434372860441],[116.37252156494807,-8.937063753614906],[116.3725667040358,-8.938883099285047],[116.37354322472207,-8.950439154113429],[116.37406780265209,-8.953320725538418],[116.37513189468378,-8.956053360057263],[116.37669750022621,-8.958539441881765],[116.37870870033666,-8.960690160924809],[116.3810936544124,-8.962428685972595],[116.38376716628919,-8.96369291003286],[116.39768365078534,-8.9687390874827],[116.40063956450692,-8.96949794203989],[116.40368830321049,-8.969676513774997],[116.40671423498561,-8.969268030347324],[116.40960259344094,-8.968287985030221],[116.41224383204987,-8.966773548810908],[116.41453778014282,-8.964782160057446],[116.41639744268987,-8.962389345341682],[116.41775229962408,-8.959685854200272],[116.41855097955583,-8.956774216648583],[116.41876320657762,-8.95376485414473],[116.41768260462207,-8.915610951539975],[116.41756518655549,-8.914103340693657],[116.41755703495978,-8.91403956915935],[116.41804543833373,-8.915979040275609],[116.41945938126631,-8.91886297259708],[116.42144371334174,-8.921397840383177],[116.42391353216243,-8.92347517297791],[116.43773580527053,-8.932850478714007],[116.44049953678737,-8.934345607991471],[116.44351004544144,-8.935264744470755],[116.44664576910209,-8.935570774314685],[116.475632974184,-8.935507728854287],[116.47878734586502,-8.935183956237632],[116.48181121784214,-8.934239841251014],[116.4845809029853,-8.932714002491023],[116.51156073230263,-8.914083709433694],[116.51883531704765,-8.916616757284006],[116.5213347209691,-8.917264049410027],[116.52390777539624,-8.917497074820472],[116.52648460976505,-8.917309506112908],[116.56780824137407,-8.91088518399466],[116.57080822333862,-8.910112084394244],[116.57359553400461,-8.908770951986083],[116.57606119494032,-8.90691422428426],[116.57810880791511,-8.904614497035409],[116.60161720833675,-8.872244752037632],[116.60313928215595,-8.869650933965373],[116.60412704772293,-8.866815970221337],[116.60454351083112,-8.863846073148476],[116.60437308267674,-8.860852507801008],[116.60362216186903,-8.857947423338656],[116.60231889267817,-8.855239651684853],[116.60051210888022,-8.852830630817541],[116.59826950302742,-8.850810605339266],[116.59567508991125,-8.849255246544882],[116.59282605932239,-8.84822281846723],[116.5792198649415,-8.844723795331003],[116.57007704723567,-8.837022259500994],[116.56720326275047,-8.83510007125237],[116.56397197228313,-8.833849606535328],[116.55692182733814,-8.831978522097929],[116.55381183378886,-8.827402569338952],[116.5519798750621,-8.825182142858168],[116.5497654938246,-8.823332981719144],[116.54724441970943,-8.821918321773026],[116.54450286717639,-8.820986539783302],[116.54163458786118,-8.820569499582515],[116.53873766558716,-8.820681462762366],[116.5359111634703,-8.821318601092688],[116.53325173757273,-8.822459127322087],[116.52319071096302,-8.827916908708602],[116.51753558743403,-8.806190858242559],[116.53104930659588,-8.789000915195018],[116.56608195068884,-8.756220379916261],[116.5677031745386,-8.754449662032368],[116.5690297206486,-8.752453697011722],[116.59530936691192,-8.705354925252538],[116.61304740507316,-8.674224191218197],[116.6323638885733,-8.642929828269885],[116.63336156526186,-8.641029193222547],[116.64098274708846,-8.623669877574514],[116.67993464395651,-8.58471646389375],[116.68168906407918,-8.582622168918725],[116.69389571857437,-8.565124784477323],[116.69529840257914,-8.562659006562123],[116.69622412729807,-8.559982091122054],[116.69664202359411,-8.557183332334496],[116.70069745502474,-8.484526515988032],[116.70453631702638,-8.476702491586797],[116.71302974757693,-8.468603582631896],[116.71516430580726,-8.466083492390018],[116.74812230481244,-8.417498455370128],[116.74931059731416,-8.415414923786477],[116.75736708041426,-8.39832465972204],[116.75844517502053,-8.39520952062991],[116.75883331222417,-8.391939349938442],[116.75851397241405,-8.388661902731185],[116.75045553895973,-8.349844283857376],[116.74930031726836,-8.346396193696664],[116.7473652079176,-8.34330907282094],[116.71847488294965,-8.307420979850107],[116.71554133804217,-8.304619521232087],[116.6775379679141,-8.276788382541849],[116.67416057581671,-8.274905526555344],[116.63924868383967,-8.260745997614633],[116.63530187425715,-8.259714254304221],[116.5943717911373,-8.254519293397324],[116.580015493316,-8.250037204544697],[116.5634331368593,-8.2385462468588],[116.56130236582347,-8.237305480416309],[116.54592180315699,-8.22989972665206],[116.54375470228418,-8.22904738046792],[116.54148369765278,-8.228523114602982],[116.50068666228827,-8.222228334959338],[116.43053533794743,-8.203238642768154],[116.40128723876764,-8.187495669316368],[116.39870359191306,-8.186390028190855],[116.39596164342824,-8.185760302287285],[116.39315007371444,-8.185626858503882],[116.37557275876308,-8.18635980572767],[116.3730331398272,-8.186672927154616],[116.37057901734691,-8.187391501639775],[116.28073872942532,-8.221814143154818],[116.27745524773465,-8.223540336550855],[116.2607725033931,-8.235013955687702],[116.25853727465692,-8.236880391739984],[116.17053448980487,-8.325525999855772],[116.15941804478408,-8.333915570026772],[116.13090832394724,-8.349387638878635],[116.12910570931008,-8.35053101635886],[116.11348091508438,-8.362004644807277],[116.11171131932899,-8.363519451386063],[116.11018965236745,-8.365278248257614],[116.10457453053988,-8.372847072899509],[116.10255957451726,-8.37651276172763],[116.09678939241806,-8.391541665467656],[116.09598057065229,-8.392579742041194],[116.09556083682175,-8.392741498656292],[116.07030626023196,-8.390792702907635],[116.06771281278293,-8.390805595825386],[116.06515708237771,-8.391241760979968],[116.06270916573492,-8.392089235772742],[116.04366870776093,-8.400489918429965],[116.0412665632154,-8.401810893235142],[116.03913485077082,-8.40352696444761],[116.03733923048691,-8.405585277800931],[116.01522872172353,-8.435954580503772],[116.01364421341336,-8.438675143042087],[116.01264680468256,-8.441655856996562],[116.01227748015101,-8.444774283174874],[116.01255142614919,-8.447902322547131],[116.02320331656583,-8.50329777870827],[116.02423186146156,-8.506592282099573],[116.02597178253305,-8.50958017991387],[116.02833689519986,-8.512113444950579],[116.0484856742396,-8.529368903874778],[116.05693599096738,-8.578835860233301],[116.0550559180668,-8.636642803549089],[116.04801142710761,-8.66988223251456],[116.04772171842976,-8.671907748180782],[116.04464204053043,-8.712755660818548],[116.04473706090425,-8.715960957048264],[116.04542770248045,-8.718791401226868],[116.04173917638006,-8.718663283840474],[116.03860149719084,-8.718866249121845],[116.03556795961427,-8.71968420499595],[116.03276065939764,-8.721084230392815],[116.02527380599395,-8.725804066731582],[116.02255481700576,-8.727975032063298],[116.01876665684898,-8.731763107696752],[116.01770355153114,-8.731596687130502],[116.00781768148342,-8.728158185053976],[116.00558418154523,-8.727560273041146],[116.00328596743361,-8.727293908743988],[115.99726974763958,-8.72703894862483],[115.9904459853944,-8.723413853407704],[115.98777968090886,-8.72229750528028],[115.98495112835457,-8.72168502109804],[115.98205686922265,-8.721597305730175],[115.97919568690206,-8.722037353194857],[115.97646523632883,-8.722990144477418],[115.97395871207077,-8.724423159936764],[115.96031999881237,-8.733983841346882],[115.95032861523465,-8.738538566146213],[115.94142362668741,-8.739350446871185],[115.91923729295662,-8.738267512731202],[115.91781314295282,-8.73826198594787],[115.90194615150241,-8.738913191832177]],[[116.41720311729658,-8.91127077475452],[116.41340628415698,-8.881563794855655],[116.41338644576432,-8.863041925112356],[116.42894440594593,-8.851462479789484],[116.4498885673093,-8.849699159397286],[116.44599691500505,-8.858123402343994],[116.44537245926622,-8.859697273388393],[116.43893594431465,-8.878950376100635],[116.42068223846634,-8.90085994632211],[116.41889101031242,-8.903531233751343],[116.4176944203746,-8.90650947991408],[116.41714368137289,-8.909667256055096],[116.41720311729658,-8.91127077475452]]]},"properties":{"i":6,"t":0.4,"color":"#2f6f7e","alpha":0.7047950292350971,"width":0.5472}},{"type":"Feature","geometry":{"type":"LineString","coordinates":[[116.01382763379247,-8.356412916110658],[116.01426681157736,-8.359432734857355],[116.01529569209919,-8.362308828813296],[116.0168743789384,-8.364929638498607],[116.0211872997247,-8.370707776630278],[116.02336090829381,-8.373066266058098],[116.02597695655342,-8.374933989200679],[116.02892439219471,-8.37623165685751],[116.03207809044399,-8.376904179497016],[116.03530416724841,-8.376923006671259],[116.0384656649139,-8.376287339435095],[116.04142836843177,-8.375024164220235],[116.04598647332622,-8.37250107443565],[116.04800000036852,-8.37117464397838],[116.04978297219569,-8.369557202790173],[116.05393295061951,-8.365162083914443],[116.05587185004012,-8.362631942392452],[116.05724859931392,-8.359763843738302],[116.05800537277595,-8.356678279819418],[116.05811039327702,-8.353504875448813],[116.0575400733668,-8.345448904643954],[116.05704740432904,-8.342531362632045],[116.05600324313507,-8.339759656117366],[116.05444566943402,-8.337234837376462],[116.05243147805146,-8.335048955740808],[116.05003410744303,-8.333281702301042],[116.04734096199614,-8.331997505275108],[116.04445022582675,-8.331243181812061],[116.03590555363066,-8.329859229220594],[116.0328237987016,-8.329665356663588],[116.0297635213992,-8.330073696712107],[116.02684375311212,-8.33106836705013],[116.02417806199793,-8.332610679487034],[116.02187013685436,-8.334640644236478],[116.02000975464516,-8.337079302567385],[116.01866928838696,-8.339831797233112],[116.01476293691783,-8.350411660093384],[116.01399517975312,-8.353366504343565],[116.01382763379247,-8.356412916110658]]},"properties":{"i":6,"t":0.4,"color":"#2f6f7e","alpha":0.7047950292350971,"width":0.5472}},{"type":"Feature","geometry":{"type":"LineString","coordinates":[[113.48436765141611,-7.706424854127574],[113.48433995449024,-8.41379764304706],[113.48468221944934,-8.417020928427487],[113.48569522487388,-8.420103190031258],[113.48733462815065,-8.422909459362256],[113.48952865340308,-8.425316850226288],[113.49218123271888,-8.42721994075087],[113.51937377748955,-8.442715524277748],[113.52242394252463,-8.444048275745898],[113.52569029697972,-8.444712154109977],[113.53936182803749,-8.446014246624857],[113.54312336669426,-8.445923344139612],[113.56995902698588,-8.442050950484294],[113.5786864801137,-8.45214010722222],[113.58087193851671,-8.454219713188415],[113.58721898974244,-8.459183874053364],[113.59034660402088,-8.461087134384844],[113.59383642561583,-8.462217802807356],[113.62322609247879,-8.468080539448184],[113.63004688046655,-8.47100365005481],[113.64547271324037,-8.493620584282226],[113.6472748920799,-8.495804109060035],[113.64944740292746,-8.497628521324433],[113.66360759150803,-8.507475859935283],[113.6669680436391,-8.509252344704526],[113.67066290626717,-8.51017384871174],[113.68702053679328,-8.512207974183406],[113.69053844633545,-8.512251589178838],[113.69397747833823,-8.511517713020876],[113.70239222222037,-8.50871311706685],[113.703580544893,-8.508543327392198],[113.70575997249045,-8.50998286739951],[113.704186496782,-8.522807180573361],[113.70411542065361,-8.525819110574618],[113.70463536726204,-8.528787652913563],[113.70572667836147,-8.531600495533377],[113.70734807652927,-8.534151214635592],[113.70943822521538,-8.53634330164606],[113.713589240161,-8.539924411740245],[113.7164861630573,-8.541904134549615],[113.71975718587096,-8.54319396419837],[113.72323698958175,-8.543728709567572],[113.74105970199544,-8.544460787231454],[113.74327123687634,-8.544396957598238],[113.75230460042354,-8.54350194595013],[113.75529758319576,-8.542909872148678],[113.75811763754628,-8.541755156176459],[113.76065769275631,-8.540081639717606],[113.76448274545427,-8.536989546504266],[113.76643613478922,-8.535107147283435],[113.76802967561406,-8.532918253267896],[113.77146692474173,-8.527206237058689],[113.77992151532864,-8.522396572962053],[113.79404140424643,-8.51822754310758],[113.79943424837244,-8.517542854885463],[113.80335845150995,-8.544009613875733],[113.80391578012394,-8.546414126755232],[113.80855424603257,-8.560981269201946],[113.80979214019978,-8.563833322798631],[113.81158029798932,-8.566384092333204],[113.81384693316798,-8.568531160879512],[113.81650104335722,-8.570188318784973],[113.81943606361457,-8.571289026062964],[113.82253414577394,-8.571789085018693],[113.82567089159366,-8.571668415626501],[113.82872034941384,-8.57093186223681],[113.83156007335987,-8.569608999141844],[113.8340760415891,-8.567752942796835],[113.83616723576978,-8.56543821844957],[113.83774969767103,-8.562757766959614],[113.8378999639492,-8.562432098319004],[113.84403379196303,-8.56724311240427],[113.84754944892869,-8.569324188809015],[113.87342917678457,-8.580392644774564],[113.87512976527316,-8.58100717999757],[113.90109164181206,-8.58873853294937],[113.90302890063207,-8.589184973341707],[113.92028155585079,-8.592033126469078],[113.9231965843514,-8.592241041709817],[113.92609996989775,-8.591910052067327],[113.93700539331796,-8.589631987285223],[113.94056464688161,-8.588432409935198],[113.95657178930811,-8.580809858829003],[113.95415870735253,-8.589355642117363],[113.95368272701563,-8.591764198442773],[113.95246130779759,-8.602343125436082],[113.95240198029123,-8.60523013151574],[113.95288570361721,-8.60807783828612],[113.9538956787326,-8.610787278564725],[113.95539681584519,-8.613264288273133],[113.96735952396939,-8.629377657033976],[113.96960237742512,-8.631808061833993],[113.97231390503825,-8.633715359142652],[113.9753717844438,-8.635013501815626],[113.97863806258496,-8.635643923333705],[113.98196538086691,-8.635578181013079],[113.9968589798645,-8.633707140239391],[113.99951610448498,-8.633138234239338],[114.00203376285455,-8.632123835704208],[114.01810519908395,-8.623975146152851],[114.0301707852461,-8.620671098613274],[114.03670951763814,-8.633922081441641],[114.03849875601176,-8.63673497953093],[114.04085374568314,-8.639105875662711],[114.04366611609903,-8.640925656910579],[114.05221132718393,-8.64523882391092],[114.05651697567475,-8.646680087421494],[114.09208132183656,-8.653109415918658],[114.09447501078797,-8.65335629855131],[114.10359037994137,-8.653600327999552],[114.10650843608775,-8.653408533751543],[114.10933963268269,-8.652684055368388],[114.15166857909824,-8.637560778049172],[114.16768253700435,-8.636043262075368],[114.17411587992932,-8.644308148859785],[114.17526437776964,-8.645623731846522],[114.18576232570808,-8.656366030999415],[114.18808878806973,-8.65832290221726],[114.19075515232569,-8.659796369543],[114.19366008213012,-8.660730430741271],[114.1966931707921,-8.661089584187652],[114.19973913868934,-8.660860178722844],[114.20268221624802,-8.660050932780084],[114.22652701999463,-8.650936628348061],[114.22925312016324,-8.64957942446301],[114.2660950817008,-8.626534503854746],[114.29908741687419,-8.627323509437712],[114.34093457079386,-8.6456405976292],[114.37081469911882,-8.672655613437657],[114.37518001460299,-8.695925893838638],[114.35780313825454,-8.716367075124422],[114.35625722234373,-8.718539319603114],[114.3551094055709,-8.720940617067624],[114.35439343170115,-8.723500389539025],[114.35154484644735,-8.738637252347583],[114.35128512812065,-8.741844257004468],[114.35170130127271,-8.7450350878509],[114.3527754304327,-8.748072103939085],[114.35446119571034,-8.750824296088217],[114.356685888506,-8.7531729388698],[114.35935354640918,-8.75501671313288],[114.36234909230926,-8.756276077901035],[114.38432284972103,-8.762949368517882],[114.38716440032198,-8.763534368751026],[114.39006640158297,-8.76359151849985],[114.4444562694358,-8.759667495897862],[114.46362854572995,-8.76316611789295],[114.55025709455734,-8.792577946846993],[114.55320892810586,-8.79327285037699],[114.5562409666845,-8.793392679193676],[114.59807268495604,-8.791032643063978],[114.60135581568028,-8.790497658119161],[114.6044507231317,-8.789289891069119],[114.6072179410809,-8.787463767932262],[114.6095327747143,-8.785101579392743],[114.63711938860847,-8.750188696257645],[114.6388519423621,-8.747448051016159],[114.63997147136182,-8.744411790856578],[114.64042926880978,-8.74121205329778],[114.6413242554067,-8.71663498450659],[114.64112839235679,-8.713574441740185],[114.64032640829062,-8.710612025411422],[114.63894974606156,-8.707863830111643],[114.6288583825132,-8.691914159864396],[114.62660405372054,-8.689126342904657],[114.61635827242277,-8.67908655704231],[114.61159653771747,-8.669106079102326],[114.61016953314491,-8.666702685095931],[114.6018683263511,-8.655227947366013],[114.59979977149696,-8.65290097413303],[114.59730422733358,-8.651027426208897],[114.59448149239913,-8.649682223523723],[114.54313668207787,-8.631204932393599],[114.51949411981931,-8.615494644356458],[114.51709499062187,-8.614185744938599],[114.51450190652032,-8.613310091692243],[114.5018063669274,-8.610217230050443],[114.49857207392898,-8.60977563131561],[114.48113659054194,-8.609208728970827],[114.46984179163255,-8.605007594036291],[114.4577050674227,-8.593119747841174],[114.44718143030823,-8.57606282846067],[114.44183263989754,-8.560084089406459],[114.44307940562844,-8.497143336428712],[114.44294861503515,-8.49481973268911],[114.43871634339881,-8.46299984693605],[114.43793586862012,-8.459805067353638],[114.4364914957827,-8.456845064712388],[114.43444825947678,-8.454253086682305],[114.41687018274555,-8.436268583902379],[114.41452368891058,-8.434298148374168],[114.41183289221526,-8.432819727502478],[114.40890173141554,-8.431890426613338],[114.40584342639868,-8.431546140170871],[114.4027761061807,-8.431800165857778],[114.39981824763909,-8.43264269120972],[114.3970841008683,-8.434041172585397],[114.3946792775526,-8.435941591845754],[114.39269667249353,-8.438270542270304],[114.39121287564282,-8.440938063254672],[114.39028521315723,-8.443841114438573],[114.38994953181971,-8.446867555219914],[114.38947091252675,-8.49051614281693],[114.38889004132078,-8.494214547897718],[114.3872426386441,-8.45261387840488],[114.38675957960474,-8.449356185873269],[114.3855913370943,-8.446273066145864],[114.37509759333588,-8.4255862342965],[114.37368776771103,-8.418224207184604],[114.3741956154715,-8.411275618971498],[114.3788593358286,-8.389353089146562],[114.3791408590432,-8.387449477501566],[114.38151059294697,-8.359311060610944],[114.4200282209352,-8.162003284248051],[114.43251483048034,-8.1191541659503],[114.43248995304816,-8.119302477894934],[114.43228209761322,-8.122167918788795],[114.43261232959748,-8.125022091645826],[114.45311668909883,-8.221702727016796],[114.45405064276137,-8.224627463865295],[114.45554860091522,-8.22731274730675],[114.53619440153487,-8.34303727162315],[114.5373343852348,-8.344481634751746],[114.56248013935749,-8.372721369361527],[114.56443482622636,-8.37456736497799],[114.59470910826218,-8.39857612189577],[114.596878601241,-8.400019689934238],[114.5992606696502,-8.40108603865966],[114.6337667705465,-8.413211531977987],[114.63640733403234,-8.413889821865654],[114.63912683578181,-8.414104483315791],[114.75444344414947,-8.413221686380176],[114.79169020011734,-8.420284494933062],[114.91915601635716,-8.480914618477163],[114.94333409312044,-8.497259136236464],[115.01197673431824,-8.560277349752011],[115.01436279707717,-8.562079202722305],[115.04911616664316,-8.583441692386803],[115.06435003234333,-8.595268686403374],[115.07037001928917,-8.606641322667855],[115.0753883940773,-8.620174189903192],[115.0766443327974,-8.622779768362825],[115.07836738114825,-8.625109753674717],[115.09163127004594,-8.63992214667745],[115.09363534636779,-8.641797640305795],[115.12211966376799,-8.664096348275482],[115.12561374683256,-8.66616411578656],[115.13358898509901,-8.669582245332226],[115.13510611100166,-8.670142285619049],[115.14259431334345,-8.67247826125377],[115.14410616529253,-8.67327564612532],[115.1581705383498,-8.703093993572585],[115.15928764659546,-8.70507065172887],[115.16328860464239,-8.71107285609977],[115.16995388716482,-8.724578356203969],[115.16686729265054,-8.741434515804045],[115.15746597419239,-8.760167954482013],[115.14935720154794,-8.769656503742173],[115.10807405607548,-8.789462643969696],[115.1056180293686,-8.790929276015266],[115.08494835756805,-8.805984790114211],[115.08266221969748,-8.808020652662982],[115.08082257847337,-8.810458631162216],[115.07950033423029,-8.81320477708606],[115.07874645277526,-8.816153264496366],[115.0785899999018,-8.819190467532971],[115.07932136584368,-8.83440848704044],[115.07974551118687,-8.837325323609592],[115.08072096019603,-8.840110012232037],[115.08221242720921,-8.842661786580646],[115.08416595100513,-8.844888306571475],[115.08651084639075,-8.846709000420685],[115.10498521152341,-8.858428405938216],[115.10718286669096,-8.859589816585121],[115.10953903131328,-8.86039244876578],[115.13061681282795,-8.865763670828926],[115.1337979309128,-8.866237421481289],[115.1566668723837,-8.86729547679731],[115.15827696609536,-8.867288142451468],[115.18179693554373,-8.865985101579428],[115.18463817595033,-8.865567184186087],[115.19879871404747,-8.86215005570481],[115.20089362107183,-8.86148754286414],[115.2190422126537,-8.854325279503003],[115.22149509595008,-8.853100915659555],[115.23728344359286,-8.843416585583272],[115.24013262985605,-8.841177199176444],[115.24238226084522,-8.838348838610793],[115.24889203194037,-8.827850614090208],[115.25006369542557,-8.825551708821962],[115.25083396274474,-8.823092830713483],[115.25118157592347,-8.820541865797036],[115.25362060642178,-8.773015749528506],[115.25352718160215,-8.770369936898057],[115.25297929303451,-8.767778485984834],[115.24744462911718,-8.749549691306202],[115.24633838768843,-8.746855432698606],[115.24474225797344,-8.744412948413128],[115.24271247612829,-8.742308280502625],[115.24032055112394,-8.7406155693335],[115.23765074542098,-8.739394442505242],[115.23479710699212,-8.738687915009182],[115.23186015717603,-8.738520874489996],[115.22894335089164,-8.738899204881779],[115.22614943370431,-8.73980957923477],[115.22368158475537,-8.740876775537734],[115.22381006945463,-8.740619767391404],[115.23675697233489,-8.735484376903637],[115.25816554901272,-8.729525365518535],[115.2607764405841,-8.728542858331004],[115.26316936247895,-8.727117773339861],[115.26526827895836,-8.725295394550539],[115.28016024333768,-8.709831964254867],[115.28260936541315,-8.706492166823695],[115.30369118824552,-8.667762875973615],[115.33289485781302,-8.635645136981],[115.37109250419446,-8.610880213943656],[115.50415067428443,-8.562991293466949],[115.50658411428883,-8.561873098984716],[115.50878886610087,-8.560360645019735],[115.5259600323286,-8.54628121091235],[115.52811225257314,-8.54413295065162],[115.52980140759907,-8.541612131854912],[115.5309631366204,-8.538814818003468],[115.53590927427126,-8.52253790918773],[115.5376504269166,-8.52175954298372],[115.60603986261862,-8.516517061299485],[115.60915964910754,-8.515959379208613],[115.61210197634209,-8.514791837981168],[115.61474630566333,-8.513062269296613],[115.62540741292517,-8.50443600194584],[115.6270076069516,-8.502943876722602],[115.64983506932136,-8.47844116607071],[115.66636990653969,-8.468868506616868],[115.66836653893665,-8.467496211614687],[115.70059285967177,-8.441453405029675],[115.70186110076871,-8.440308122211107],[115.71211508521594,-8.429972833820033],[115.71442533040518,-8.426994839156677],[115.71594360494402,-8.423554586119714],[115.72920705106198,-8.379609098560605],[115.72977648080678,-8.376789345902807],[115.72980934105274,-8.37391405218562],[115.72930451140694,-8.371082281804913],[115.72827939610632,-8.368391597504619],[115.72676932287482,-8.365934699270127],[115.70365689152412,-8.335173431872262],[115.70192743053752,-8.333233416443491],[115.69989582832164,-8.331605187359576],[115.66219926932209,-8.306236151764015],[115.63058669179182,-8.278093812342657],[115.57735869300274,-8.211961070009522],[115.57568983060548,-8.210190828294065],[115.54590497195899,-8.183173614126918],[115.54408737916008,-8.181754589073433],[115.51120996080115,-8.159782306509424],[115.50854159197013,-8.158350350985398],[115.34399543063458,-8.08950586100067],[115.34110641359145,-8.088611063745],[115.27457071214391,-8.074818270674943],[115.26063796575875,-8.066605909475719],[115.24547708552429,-8.055509104980882],[115.24215411195578,-8.053649979701596],[115.22148371890934,-8.04518729307737],[115.21854835734403,-8.044307489034809],[115.19617016998814,-8.0399126676329],[115.1929352003835,-8.039617722278328],[115.17267198503245,-8.039861722603451],[115.16930781866314,-8.040265565858624],[115.16611038557356,-8.041377193125856],[115.12916539892676,-8.058873587788755],[115.12694841347952,-8.060154433646996],[115.12497276294414,-8.061776938244769],[115.05310238008592,-8.131391893028583],[115.01614313225488,-8.158129284909979],[114.98280124094761,-8.164940037278969],[114.8929437919227,-8.16477981167707],[114.89018454602599,-8.165017161962721],[114.887510775833,-8.165732236074387],[114.85748626821105,-8.176662987551568],[114.69663184508852,-8.120418562962572],[114.69477877019315,-8.119894750340578],[114.6764684233952,-8.115906924956471],[114.67464529792727,-8.115620183472872],[114.63674460703714,-8.111909008082709],[114.61943238245922,-8.107581235066661],[114.60680730632832,-8.098214297748486],[114.6039721277062,-8.09654133436471],[114.6008455924654,-8.095494303287678],[114.59756679520395,-8.095119784046542],[114.59428160181736,-8.095434437468972],[114.59113616239763,-8.096424264836248],[114.58827041155492,-8.098045230543548],[114.5640522229716,-8.115332712715388],[114.55605145442857,-8.117582688725527],[114.549057479485,-8.114960130107908],[114.5398282467708,-8.104152472563399],[114.53076412840518,-8.090982944098615],[114.52902261071037,-8.088877109694995],[114.52693573365667,-8.087105493681491],[114.51383391251485,-8.077827798008249],[114.51120899182186,-8.07632639124432],[114.50834093036443,-8.075354268150834],[114.50533737759582,-8.074947915254338],[114.48206327650506,-8.074052986366922],[114.47845706106641,-8.074328404429515],[114.44940514425369,-8.079943231664062],[114.44638138976617,-8.080849211182594],[114.44360309360299,-8.082338050382269],[114.44312504107675,-8.08273538118406],[114.46181983708621,-8.018547416221981],[114.4624313984048,-8.014412316660449],[114.46291754456257,-7.966724220235874],[114.46242863499168,-7.962722201645327],[114.46063838630948,-7.955804258549364],[114.46000567411514,-7.953887815542679],[114.45744044490645,-7.94754799989683],[114.45594814658591,-7.941897352234256],[114.45604361029254,-7.935261933151528],[114.45866242549187,-7.92776494361366],[114.47019674784535,-7.911379908876663],[114.4720215157185,-7.907932384744621],[114.4748702885583,-7.900364271882124],[114.47568944790383,-7.897204820305579],[114.48195389267002,-7.8549685158214215],[114.48210920489143,-7.853291024648681],[114.48292237450119,-7.831561958739265],[114.48277922477945,-7.828820272383932],[114.48214977196459,-7.826146649380847],[114.47506905808459,-7.804825879200167],[114.47365299671894,-7.801745157986219],[114.47159533689224,-7.7990426715657915],[114.45735325657162,-7.78406906798858],[114.45556044540668,-7.782455129859341],[114.4535375646564,-7.781134890750672],[114.41571088944373,-7.760416202791406],[114.3991014414814,-7.746310295531893],[114.39597020328945,-7.744241901434092],[114.38815738737141,-7.740335045377109],[114.3853811675814,-7.739261926128996],[114.38244993002483,-7.738730212227698],[114.37097635487991,-7.737754269510458],[114.36882768280391,-7.73771835190283],[114.34778639227075,-7.7388010884115275],[114.33758092677343,-7.737908402075101],[114.33190746973719,-7.736116547955894],[114.31983418441024,-7.728457308347491],[114.28451306825855,-7.694398446899941],[114.28179973621094,-7.692304742550356],[114.27869015716576,-7.690849544442077],[114.2636356102795,-7.6857227555542655],[114.26008241100428,-7.684955838167929],[114.25644661472802,-7.685023195073122],[114.23471842017194,-7.687953123703714],[114.23278758491807,-7.688337505179414],[114.1941319650864,-7.698578527016184],[114.17542797789551,-7.698066171554387],[114.14866407599679,-7.687456620633126],[114.12832608550087,-7.66987333837129],[114.08959429407581,-7.6212014410521025],[114.0876370611815,-7.619155779908487],[114.08533822250928,-7.617495504119322],[114.05360080341829,-7.598697164048348],[114.05097840923713,-7.597455687656181],[114.04816951327805,-7.5967168506913465],[114.04527122915881,-7.596506196460098],[114.04238375969275,-7.59683100724931],[114.0129248157135,-7.602934839734814],[114.01043668077041,-7.603668588052596],[114.00810545462885,-7.604800430752535],[114.00599545519826,-7.606299140948422],[113.93686728557287,-7.66457752305644],[113.9266496909825,-7.668687841561295],[113.90962260018874,-7.670528073304422],[113.88944765462149,-7.667857239679279],[113.87426401972334,-7.663196328145234],[113.87066940231895,-7.6625362864116235],[113.85577695208843,-7.661560361293735],[113.85292600171276,-7.661631850296961],[113.8501356658044,-7.662215448285709],[113.8474988230045,-7.663291729160482],[113.82992128932045,-7.672405446289455],[113.82734896692803,-7.6740776955201815],[113.82515705128597,-7.67621685390376],[113.80532519838683,-7.699811352964508],[113.796345116845,-7.707697126494526],[113.78512251548328,-7.710540696481201],[113.76695490795443,-7.707760913938412],[113.72837929844884,-7.693726433436053],[113.72410212087748,-7.692816165718762],[113.7010729709369,-7.691188291388801],[113.69843755296394,-7.691222642685519],[113.69584546962975,-7.6916952176706355],[113.686812786219,-7.69413714905238],[113.68450248841792,-7.694959691485311],[113.66638338420793,-7.7030534326441495],[113.65871350500684,-7.70444309468221],[113.53094091102426,-7.68506222882587],[113.52864579277063,-7.6848836597466965],[113.52634914019818,-7.685041025861436],[113.50234303573917,-7.688458966226007],[113.49942763003185,-7.689162252492568],[113.49670162148104,-7.690404532083635],[113.49213373388596,-7.693039452111154],[113.48950532471352,-7.694944565869111],[113.48733242723577,-7.6973480076545595],[113.48570936239689,-7.700145457580426],[113.48470659047615,-7.703215492239893],[113.48436765141611,-7.706424854127574]]},"properties":{"i":6,"t":0.4,"color":"#2f6f7e","alpha":0.7047950292350971,"width":0.5472}},{"type":"Feature","geometry":{"type":"LineString","coordinates":[[115.54311108480766,-8.652346896166938],[115.53286210427885,-8.657432712040064],[115.5207006878067,-8.654997000166091],[115.5179047601308,-8.654691645345807],[115.51509865838756,-8.65488537853672],[115.51237279762923,-8.655571957487437],[115.5098150083888,-8.656729259935014],[115.5075077075875,-8.658319996163069],[115.49692780440472,-8.667108725309788],[115.49468680813482,-8.66939809342436],[115.45904225254083,-8.714237976657454],[115.45772056786635,-8.716188163338174],[115.45671213458725,-8.718313345945814],[115.45361886802903,-8.726369230247524],[115.45284845404485,-8.729113155355904],[115.45259918086292,-8.731950106764142],[115.45287948286027,-8.734784226639984],[115.45367990036105,-8.737519750727607],[115.45497339772385,-8.740064244307813],[115.45671627552098,-8.742331725917559],[115.45884964616772,-8.744245573225776],[115.46519773598891,-8.748965725612637],[115.46760629032654,-8.750439903735424],[115.4702440025967,-8.751461470330087],[115.47968895820529,-8.754175635215526],[115.49320054226506,-8.770667973595158],[115.49643223760067,-8.773637013878554],[115.55185320666027,-8.81172427761362],[115.55399546048413,-8.812959996297762],[115.55630815070928,-8.813846307844761],[115.58438516150431,-8.822147627104556],[115.58733106540986,-8.822721879943288],[115.59033372696267,-8.822730563515627],[115.59328297716178,-8.822173359262514],[115.59607060741745,-8.821070711214897],[115.59859434110082,-8.819463075628292],[115.60076158706924,-8.817409436146022],[115.61853052494826,-8.796997954115247],[115.63547406916284,-8.779675921039534],[115.6374925288578,-8.777125292214672],[115.63893036866473,-8.77421569155501],[115.6397247793332,-8.771074247587059],[115.6398410679548,-8.767838215488888],[115.63927417106618,-8.764648979672446],[115.63080010175858,-8.735367310025484],[115.62954732575564,-8.732312938068993],[115.62766922093995,-8.729589624915585],[115.61148836368201,-8.710787147895186],[115.60385871644922,-8.69031197199317],[115.60217130144373,-8.687041747474069],[115.58610785781426,-8.663346280137826],[115.58430551521468,-8.661150893465445],[115.58212959031029,-8.659315910482993],[115.57965256617281,-8.657902453052133],[115.57695695224422,-8.65695760176975],[115.55400880004528,-8.651179825032683],[115.55124870916951,-8.65073925746232],[115.54845335889273,-8.650790604072759],[115.54571172771075,-8.651332230473471],[115.54311108480766,-8.652346896166938]]},"properties":{"i":6,"t":0.4,"color":"#2f6f7e","alpha":0.7047950292350971,"width":0.5472}},{"type":"Feature","geometry":{"type":"LineString","coordinates":[[117.4877012032458,-8.271314435585206],[117.48769976480531,-8.318111103658113],[117.48529160965974,-8.323503857515707],[117.47586366243667,-8.335603016443525],[117.47464674664383,-8.337505883922422],[117.47380506961066,-8.339597973412248],[117.47336745658465,-8.341807652229408],[117.47263523078973,-8.348968646803119],[117.47260915449179,-8.351128286008828],[117.4729694633308,-8.353258466388477],[117.47370481230477,-8.355292079193372],[117.47479204024441,-8.357165056965545],[117.48244192753745,-8.367989261665727],[117.48405488383536,-8.369842546582298],[117.48600990840862,-8.371339385208012],[117.49348604861233,-8.375955498225247],[117.49561474647624,-8.377002010905192],[117.49790719366851,-8.37762401692466],[117.50027778782886,-8.3777982904084],[117.50263800793444,-8.377518324390584],[117.50489972069522,-8.37679457376689],[117.50697847241486,-8.375654064698423],[117.50879664323453,-8.374139385086155],[117.51028634584996,-8.372307093872674],[117.51139196038693,-8.370225608647495],[117.51207221077227,-8.36797265051796],[117.51230170512598,-8.365632341732526],[117.51229567761001,-8.173159813974987],[117.51204122546189,-8.17069699135914],[117.51128836782016,-8.168336124914664],[117.51006827461602,-8.166174933628017],[117.50843145288185,-8.164302870345038],[117.5064456554392,-8.16279741980529],[117.50419307634006,-8.161720892125532],[117.50176694916456,-8.161117844331558],[117.49926768889496,-8.161013236552328],[117.49679873689155,-8.16141139911087],[117.49446228072784,-8.162295853225269],[117.48836939197267,-8.16533775929684],[117.48542744100725,-8.167390531704038],[117.47834743195867,-8.174063380811253],[117.47671967883683,-8.175945759581293],[117.47551089335079,-8.178115384376346],[117.4703025858344,-8.19024125942893],[117.46967723118887,-8.192100426706391],[117.46936151417006,-8.194034808656792],[117.46822107198004,-8.208194807631097],[117.46819902493657,-8.209797845275569],[117.47039574543595,-8.251302012564139],[117.47071199206684,-8.253478302879241],[117.4714188778811,-8.255562749985264],[117.47337178500949,-8.259957812840932],[117.47444171474662,-8.261875705434642],[117.47584187089062,-8.263572695963006],[117.47752687436129,-8.264993780651016],[117.47944211164719,-8.266092898152946],[117.483267215718,-8.267853635080876],[117.4877012032458,-8.271314435585206]]},"properties":{"i":7,"t":0.30000000000000004,"color":"#2f6f7e","alpha":0.78154760905204,"width":0.60435}},{"type":"Feature","geometry":{"type":"LineString","coordinates":[[117.41635153520272,-8.46038915109005],[117.35936342917039,-8.436086391798513],[117.32338508820605,-8.409892440918098],[117.32175297093839,-8.408888404282946],[117.29384717978076,-8.394579570502867],[117.28100517002578,-8.385351150931031],[117.27852179204159,-8.38396982582364],[117.26672209270451,-8.37908694743385],[117.2647994924529,-8.378469377314294],[117.26280061143888,-8.378171570001374],[117.2308712604269,-8.376043179646254],[117.22279955594853,-8.374135281649938],[117.20495834913203,-8.350348310863222],[117.20319273254664,-8.34845232908914],[117.20106302708682,-8.346966808678388],[117.19866480181969,-8.345958409561973],[117.19610567231707,-8.345472381653172],[117.19350047267511,-8.345530534787525],[117.1909661039941,-8.346130260209287],[117.17018230513052,-8.353423720500391],[117.13795506235904,-8.360091450743095],[117.13489221262293,-8.361158111662153],[117.11210564165293,-8.372631762587888],[117.10995096324096,-8.37401415359116],[117.10813336667059,-8.375808946100216],[117.10673206647152,-8.377937925135646],[117.10580813840386,-8.380308310615316],[117.10540185685747,-8.382816800108756],[117.10553093823921,-8.38535407042266],[117.10618976714323,-8.38780954191856],[117.1108596793906,-8.399934178549476],[117.08420302627898,-8.414589120195014],[117.0828006555944,-8.415488485634807],[117.02517648346445,-8.458201635781322],[116.97946947323558,-8.484621721463864],[116.88734843445232,-8.514479507519633],[116.87881936066037,-8.516030166704962],[116.86865533975003,-8.515549044290632],[116.86379579876193,-8.513531652345858],[116.84612581612117,-8.498644653830919],[116.84419334426393,-8.497309727905442],[116.8420389635936,-8.496363665462678],[116.83974171723618,-8.49584117689911],[116.83738588865116,-8.495761432080926],[116.83505791017002,-8.49612735715757],[116.8328431927798,-8.496925527174435],[116.83082299330444,-8.498126658427969],[116.82907143377486,-8.499686682531715],[116.82765278222938,-8.501548362843815],[116.82661909464507,-8.503643394023431],[116.82600830451366,-8.505894907762872],[116.8258428302138,-8.508220292832739],[116.82700251274757,-8.552873886511101],[116.82279877779904,-8.564316796498213],[116.7875085509364,-8.57180499665763],[116.78539827033357,-8.57245327336358],[116.7834392413384,-8.573464196290065],[116.78169460760654,-8.574805182291161],[116.78022060421348,-8.576433009371296],[116.77906474514775,-8.57829520948403],[116.7374888258851,-8.661134133598628],[116.73666089601697,-8.663264990427951],[116.73625006485189,-8.665511211401242],[116.7362707931047,-8.667793773458241],[116.73672235920284,-8.670032373625135],[116.73758888360258,-8.672148254202805],[116.73883988647518,-8.674066973778425],[116.74043135927863,-8.675721026539648],[116.74230731261916,-8.677052217685857],[116.75997636427648,-8.687254445105117],[116.76002593721365,-8.703609242656837],[116.75212001649733,-8.735272760217262],[116.75176539265618,-8.737876753836773],[116.75198456203022,-8.740495311153357],[116.75276731984654,-8.743006370778652],[116.7540771884596,-8.745292879973563],[116.76108008298789,-8.754919064115475],[116.76283955500256,-8.756859710334979],[116.76497671558836,-8.758385727639931],[116.76739359027984,-8.759427156198276],[116.76997937805821,-8.759936251792896],[116.77261553210619,-8.759889675155678],[116.7849660933143,-8.75835405574992],[116.78681488755318,-8.760901902575533],[116.79097834764174,-8.769031130226983],[116.79268837014459,-8.774984039285831],[116.79358582252573,-8.777230575966263],[116.79491454214234,-8.779257749616255],[116.79800751454479,-8.783082827203208],[116.79927867087817,-8.784431321308622],[116.80074129956608,-8.78557468664368],[116.80641462864274,-8.789356680057624],[116.81019781312035,-8.793365217749756],[116.81155132004562,-8.798363205925604],[116.80802643759198,-8.807565224709132],[116.77441607960546,-8.814428926090331],[116.77230403052329,-8.815059547685793],[116.7703397582852,-8.816052415915857],[116.76858629989114,-8.817375668851911],[116.76709992878224,-8.818986841710531],[116.74952347481148,-8.841855890612868],[116.72643979202799,-8.864820894594585],[116.7249881637038,-8.866561523512507],[116.72388657621207,-8.868536931804885],[116.72317287010401,-8.870679272998615],[116.72287156531296,-8.872914965965485],[116.72299301811607,-8.87516722195615],[116.72442571552354,-8.884791280651227],[116.724512747465,-8.885300571251818],[116.72876707215684,-8.907334734514206],[116.72938701558088,-8.90946659201307],[116.73403909034359,-8.921279990865662],[116.72110431046677,-8.939545753395308],[116.71978777006181,-8.941935313425816],[116.71904153852257,-8.94455410026011],[116.71629300291173,-8.961128038335021],[116.71614780152028,-8.963731436916724],[116.71656738413826,-8.966305676614498],[116.71753250225763,-8.96873259405103],[116.71899886382793,-8.970900786190057],[116.73531905079588,-8.990183692361665],[116.74749808035467,-9.010030922242708],[116.75159842315863,-9.02009877920348],[116.75277872540262,-9.022309256364256],[116.75439131268786,-9.02423508361532],[116.75636819588095,-9.025795058415524],[116.75862602202837,-9.026923403681304],[116.76106958917727,-9.027572541902053],[116.76359586140792,-9.027715101746844],[116.76609831461248,-9.02734507245479],[116.77132648566072,-9.026018525262602],[116.79883980236094,-9.046097369437202],[116.80064158623043,-9.047189505431419],[116.80260586061526,-9.047961485749179],[116.82474151636967,-9.054552657837494],[116.82692047732304,-9.054994358216204],[116.8476467742967,-9.05729780393099],[116.9026068797684,-9.07498017327933],[116.90614468634246,-9.075575485281876],[116.92795540793175,-9.076063463611952],[116.93042358583016,-9.07587302397168],[116.9471979286356,-9.072882692669959],[116.96405962228992,-9.081791950838072],[116.98304947885143,-9.09424553554769],[117.0001855735713,-9.11498522378587],[117.00188134760832,-9.11667066743361],[117.00387644090999,-9.117998774103294],[117.00609482792449,-9.118918933350031],[117.0084519718294,-9.119396080375822],[117.01085804675353,-9.119412032563456],[117.07242404023398,-9.113857741026802],[117.07361974348301,-9.11369112638894],[117.12912244147125,-9.103192692659148],[117.13157559510205,-9.102460627165076],[117.1338223060108,-9.10124348351484],[117.13576543527401,-9.099593888077738],[117.14993335447156,-9.08477056293479],[117.1505514432233,-9.084072355870529],[117.16304726685735,-9.068820055549574],[117.16398754330802,-9.067502554866417],[117.17983882561379,-9.041833264577454],[117.1947822827068,-9.03589998863891],[117.2240459556432,-9.035946753398445],[117.2697956792665,-9.05172829924345],[117.27076288244291,-9.052018506959271],[117.29681362682418,-9.058694901117278],[117.32985714843028,-9.07076676351827],[117.33259154678505,-9.07142715270453],[117.33540631052081,-9.071457716215305],[117.3901440627046,-9.065842415294753],[117.39222670034584,-9.065447480149345],[117.4772188614374,-9.0416780214435],[117.50330133841445,-9.034521044249004],[117.50543643929596,-9.033718006151672],[117.50738464135603,-9.032539541346926],[117.50907897060347,-9.031026164054474],[117.51046118289808,-9.029229901566593],[117.51148376616624,-9.027212505260445],[117.51211157331167,-9.025043327381441],[117.5123230297379,-9.022796936648158],[117.5123033897517,-8.418873418444463],[117.51206471755022,-8.416487138377738],[117.51135754073489,-8.414193476610864],[117.51020932830055,-8.412081501125591],[117.50866467359134,-8.410233223389946],[117.50678356193634,-8.408720414173331],[117.5046390410618,-8.407601817103334],[117.50231438476801,-8.406920868069035],[117.49989985995715,-8.406704008938558],[117.47096703172723,-8.406935567439545],[117.46142123665105,-8.40335577972],[117.45412918628347,-8.398518262357202],[117.45189492101363,-8.397345658031613],[117.4494654439248,-8.39664974142889],[117.4469434329721,-8.396459924876359],[117.44443547611634,-8.396784231344826],[117.44204756781694,-8.397608955342072],[117.43749065936787,-8.399724887852354],[117.43525875763464,-8.401063794131971],[117.43336267627555,-8.402838297748904],[117.43188777323448,-8.404968519533732],[117.43090045031609,-8.407358565919317],[117.43044516308295,-8.409900845039804],[117.42922939024196,-8.427294720841935],[117.42634439001323,-8.437487216636635],[117.42058131964076,-8.447092127436013],[117.41932220181407,-8.449992925324409],[117.41635153520272,-8.46038915109005]]},"properties":{"i":7,"t":0.30000000000000004,"color":"#2f6f7e","alpha":0.78154760905204,"width":0.60435}},{"type":"Feature","geometry":{"type":"LineString","coordinates":[[117.33709855645652,-8.159597475636904],[117.337191143813,-8.161879834654858],[117.33771307268317,-8.164104842576648],[117.33864595924251,-8.1661940989652],[117.33995693772414,-8.16807398561951],[117.34159981780742,-8.169678260948139],[117.34351671184115,-8.17095039450452],[117.34564007460781,-8.171845559355521],[117.34789508374533,-8.17233221201018],[117.35020227688817,-8.172393204176819],[117.35437951618076,-8.172114571839755],[117.3554465206198,-8.172863403848348],[117.35723041628279,-8.173903805880297],[117.35916544208207,-8.17463318198495],[117.36689766136988,-8.176830232027864],[117.36890491365467,-8.177225180269176],[117.37095056793011,-8.177285151810878],[117.37859980011696,-8.176878121951269],[117.380900893558,-8.176537474905917],[117.38309595763499,-8.175773924839662],[117.38510638929533,-8.17461481458647],[117.38686019883096,-8.173101651357568],[117.38769542363593,-8.172230272328155],[117.38829877548626,-8.172205461566477],[117.39083015559632,-8.171553299225822],[117.40047620311907,-8.167946356599954],[117.40840525485477,-8.165536375745386],[117.41026351550165,-8.16480305387269],[117.41197702493558,-8.163781200179443],[117.41734807481585,-8.159956099180965],[117.41894558834323,-8.158598548531234],[117.41960064641745,-8.157812803996052],[117.42119410455116,-8.157500118056715],[117.42338401254713,-8.156613058435834],[117.42536168298273,-8.155327252687387],[117.4270538670995,-8.153690326546032],[117.43079682352422,-8.149296241166327],[117.43212331960869,-8.147399839447392],[117.43306444288069,-8.14528979292437],[117.4335863877988,-8.143041910177395],[117.43367040988328,-8.14073695045751],[117.43331349812793,-8.138457722144565],[117.4325284820923,-8.136286107792113],[117.4313435699813,-8.134300122632007],[117.42980133444924,-8.132571112181058],[117.42795718267575,-8.131161189571522],[117.42587736574087,-8.130121004599912],[117.42363659882189,-8.129487924566508],[117.42295298189346,-8.129362601934938],[117.42190374927245,-8.128344011172558],[117.41998879337652,-8.127079857842721],[117.4178693141863,-8.126191174867557],[117.4137194290585,-8.124889205019612],[117.41064322630547,-8.124336825473302],[117.39957556661182,-8.123766817683432],[117.39680834642235,-8.123934068520157],[117.38370671900881,-8.126212970486218],[117.38136812579926,-8.126860719806748],[117.37920375679501,-8.127950791413465],[117.37729805203172,-8.12944065913552],[117.37572536271333,-8.131272198919442],[117.37052677343051,-8.138704824780342],[117.36309653527202,-8.138040624794042],[117.36095886173315,-8.138034197339827],[117.35885235734887,-8.138394339436353],[117.3498195960782,-8.140754250577531],[117.34729290975162,-8.1417197065288],[117.34504106703311,-8.143209266853875],[117.34317334130215,-8.145150652165755],[117.34178037072776,-8.14744965705034],[117.33819918388461,-8.155181569829482],[117.3374385656327,-8.157338185457174],[117.33709855645652,-8.159597475636904]]},"properties":{"i":7,"t":0.30000000000000004,"color":"#2f6f7e","alpha":0.78154760905204,"width":0.60435}},{"type":"Feature","geometry":{"type":"LineString","coordinates":[[116.9692351387688,-8.414056731445877],[116.96944191236005,-8.416468175178306],[116.97261541648928,-8.43331430067214],[116.97330336692572,-8.435644380251906],[116.97444520282677,-8.437793062039187],[116.9759954993897,-8.439674853830365],[116.97789257726664,-8.441214881497515],[116.98006095635225,-8.442351868662495],[116.9824143592195,-8.443040575335324],[116.98485914465209,-8.44325359838579],[116.98729803452866,-8.442982462129233],[116.98963398558436,-8.442237955586236],[117.00395729828895,-8.436052758833428],[117.00565309505106,-8.435158440795998],[117.00718739454229,-8.434013845527037],[117.00979140148041,-8.43173479130768],[117.01152215091199,-8.429868035997838],[117.01180272465125,-8.429398313863684],[117.0122879362218,-8.429280217182052],[117.01454534537972,-8.428215669691774],[117.01653846660149,-8.426721614126508],[117.0217464691005,-8.42191950325259],[117.02328555919539,-8.420205043474374],[117.0244721987005,-8.418235467489978],[117.0252642697448,-8.416080692024225],[117.02563366247698,-8.413817206766709],[117.02556727201109,-8.411525358941937],[117.0248350932792,-8.40566639206531],[117.02434313231832,-8.403451667355826],[117.02344433441807,-8.401365664050585],[117.02216991033418,-8.399480804596406],[117.02056411006735,-8.397862527187694],[117.01868268618776,-8.396567014258293],[117.01659095816619,-8.395639242346151],[117.01436154491147,-8.395111420970165],[117.01207184418335,-8.395001874659332],[117.00734840454966,-8.39521209869904],[117.00155529509473,-8.392974899712476],[116.99903929813657,-8.392296712950488],[116.99643532208263,-8.392158310648378],[116.99541893696454,-8.392319199738516],[116.99357275784945,-8.391120347110046],[116.99146688943331,-8.390251437159602],[116.98923503358999,-8.389782142470622],[116.98695395609701,-8.389728605018233],[116.98470211541792,-8.390092666659259],[116.98255696483564,-8.390861805741348],[116.98059228909128,-8.392009567620324],[116.97887566701945,-8.3934964743051],[116.97746614736295,-8.39527138198806],[116.97502408178588,-8.399015321826015],[116.97409526683657,-8.400724669047122],[116.97027005206863,-8.409350572164772],[116.9695148759266,-8.411652503421925],[116.9692351387688,-8.414056731445877]]},"properties":{"i":7,"t":0.30000000000000004,"color":"#2f6f7e","alpha":0.78154760905204,"width":0.60435}},{"type":"Feature","geometry":{"type":"LineString","coordinates":[[116.82590190131705,-8.447433930238661],[116.82638877344469,-8.449813580562308],[116.82734356600142,-8.452050288241622],[116.82872828354189,-8.454055027195155],[116.83048781617883,-8.45574800305688],[116.83255213254348,-8.4570618297308],[116.84093531873658,-8.461292938920057],[116.84274704155922,-8.462033887105685],[116.84465475456562,-8.462480838521081],[116.8569431338147,-8.464352877141549],[116.85920450262233,-8.464488632807988],[116.86145269965246,-8.464212040142277],[116.86361150633243,-8.463532476596912],[116.87284846174562,-8.459666277199329],[116.88156434906749,-8.45810951425765],[116.8877088191915,-8.460683173888002],[116.89005900355582,-8.46140333324245],[116.8925070718817,-8.461646639477616],[116.89885527158994,-8.461646628760374],[116.90127247836251,-8.461409469445849],[116.91893298920826,-8.45790933353987],[116.92081012260603,-8.457381135490547],[116.92257919342752,-8.456566035355031],[116.93608842119002,-8.448997815205187],[116.93614823476263,-8.448964085511767],[116.93686309781518,-8.448558337812024],[116.9371772886615,-8.448766327614193],[116.93947722149662,-8.449962302129508],[116.94197980946026,-8.450653903089957],[116.94457343555678,-8.450810285044772],[116.94714242154204,-8.450424473800766],[116.94957218869868,-8.449513677458642],[116.95478028911013,-8.446909598573571],[116.95675905308387,-8.445673494051047],[116.95846535594075,-8.444089165551866],[116.9598374627278,-8.442213938779316],[116.96082573280441,-8.440115663931648],[116.96139441545174,-8.437870260339418],[116.96367295079502,-8.422978216170481],[116.96379461498547,-8.420520661571139],[116.96341401895653,-8.418089127272264],[116.96254672987742,-8.415783010037936],[116.96122820840459,-8.413696578186517],[116.95951235799438,-8.411915118552235],[116.95746932079875,-8.41051145075679],[116.95518261033972,-8.409542951168934],[116.9527456981727,-8.40904920808803],[116.95025819397361,-8.409050403896915],[116.93414568561893,-8.410677325554872],[116.93178567664702,-8.411149844431664],[116.92956390373762,-8.412067977749095],[116.91825210699204,-8.418089799540978],[116.91604154076813,-8.41959536781058],[116.9142136223906,-8.421539243675989],[116.91196241388933,-8.424530434084977],[116.90735664443616,-8.424530393919788],[116.8838730158753,-8.422229644460446],[116.88169046316736,-8.422208177066082],[116.8795384196227,-8.422568502822589],[116.85569507372763,-8.428753279888921],[116.85551300372934,-8.428801979573347],[116.83484256240006,-8.434498777741899],[116.83255549285434,-8.435380428728722],[116.8304908709595,-8.436693572549816],[116.82873086681435,-8.438385949390318],[116.82734553004968,-8.440390205911715],[116.82639000177114,-8.442626575259224],[116.82590231932025,-8.44500605121157],[116.82590190131705,-8.447433930238661]]},"properties":{"i":7,"t":0.30000000000000004,"color":"#2f6f7e","alpha":0.78154760905204,"width":0.60435}},{"type":"Feature","geometry":{"type":"MultiLineString","coordinates":[[[115.96790875209206,-8.863340779088496],[115.97288552795953,-8.866811232113596],[115.9775116056321,-8.873016553956807],[115.98479293736875,-8.893736022635986],[115.98594828284446,-8.896137768038106],[115.99164413040954,-8.905251923802622],[115.99298452648513,-8.907016158794159],[115.99462524573113,-8.908512390210868],[116.00203132998708,-8.914128531025929],[116.0051605726287,-8.915852535846017],[116.01492683195936,-8.91951464037362],[116.01707606411507,-8.920106995037008],[116.01929818985884,-8.920306649169692],[116.02995953776332,-8.920306642403526],[116.03208825856075,-8.92012353991595],[116.03415291799685,-8.919579802229464],[116.03609139907111,-8.918691788345258],[116.04642658839772,-8.91283162208164],[116.04846363206116,-8.911385648933441],[116.05016195243583,-8.909562000396052],[116.05145114111042,-8.907436286607203],[116.0522777554278,-8.905096640177552],[116.05260753332071,-8.902640061680582],[116.05242681245295,-8.900168397708695],[116.04913245217364,-8.881661503872285],[116.0487643795486,-8.87537175635543],[116.0523193922122,-8.874642500341144],[116.05490472505218,-8.873809221499194],[116.06358537239846,-8.869917627006341],[116.06890237359903,-8.86834566115581],[116.06933774894682,-8.868453511999538],[116.06867616437891,-8.869092010938763],[116.05963990070849,-8.872667793805094],[116.05758580658099,-8.873711044795243],[116.05576492256662,-8.875114807705845],[116.05424126121052,-8.876829736099133],[116.05306838892307,-8.878795544347456],[116.05228754265842,-8.880943126492616],[116.05192617965977,-8.883196985258166],[116.05199701133165,-8.885477885884002],[116.05249755532226,-8.887705641530422],[116.05341022170789,-8.889801932349151],[116.05470293040003,-8.891693059107793],[116.05633023820698,-8.893312534528745],[116.0692693482701,-8.903973793807168],[116.07129843328698,-8.905331947645921],[116.07355950693646,-8.906266374891544],[116.07596306622459,-8.906740086595622],[116.0894725022428,-8.908042118576677],[116.09227359721119,-8.907995836963796],[116.09499165138517,-8.90732550727119],[116.09748609022438,-8.906065798595993],[116.10814724317115,-8.89906660888933],[116.1098033554751,-8.897763473820744],[116.1112091289761,-8.896199406608012],[116.1123230398237,-8.894420610625653],[116.11311218737245,-8.892479631722207],[116.11478709783096,-8.887051649066931],[116.1510442250484,-8.887810902040233],[116.16178447997993,-8.88986479304507],[116.16922254875382,-8.896010046354183],[116.18622624101792,-8.921093357720155],[116.1876773540111,-8.922853398009384],[116.18943407264057,-8.924316624608943],[116.19773519592988,-8.930012771146002],[116.19970194226681,-8.931112930787593],[116.20183903230456,-8.931839649143097],[116.2040745368284,-8.932168466626075],[116.2063332133294,-8.932088316102693],[116.2085390392211,-8.931601895467638],[116.21570123498034,-8.929323820908976],[116.2176356043957,-8.928523258942977],[116.21940446406009,-8.927410157977208],[116.23010395157708,-8.919334415828036],[116.23502247284918,-8.918336347320889],[116.2392318889612,-8.92434156982732],[116.24065807769259,-8.926027742418224],[116.24236792518312,-8.927433113793073],[116.24430569749953,-8.928511872585226],[116.25016484109065,-8.93111594462316],[116.25243843745109,-8.931873318841701],[116.25481750620912,-8.932180985851998],[116.25721180411215,-8.932027275424177],[116.27430233495507,-8.929260172961802],[116.2768551210511,-8.928561712004367],[116.31359799217486,-8.914149635445096],[116.3264406480923,-8.911569177396105],[116.32880312254488,-8.912626155934552],[116.33228996640476,-8.917927905716622],[116.33622759857394,-8.926398025779905],[116.33783385630898,-8.9289594380334],[116.34182081880063,-8.933842537405287],[116.34369758651316,-8.93569228551305],[116.34593149355102,-8.937102591230135],[116.34841909674209,-8.938008147342178],[116.35104520195158,-8.9383670199463],[116.35368819966939,-8.938162590767167],[116.36288448097014,-8.93645352802767],[116.36516935839036,-8.935797915984807],[116.36728401690006,-8.934720644270344],[116.36914957961261,-8.933261896299545],[116.3706964634135,-8.931476084280089],[116.37480348163157,-8.925684247163781],[116.3762171858924,-8.927489495890265],[116.375881033672,-8.937177682351106],[116.37591650980109,-8.938607040567742],[116.37689313323976,-8.950163083668214],[116.37730528417866,-8.952426970328878],[116.3781412971555,-8.954573842439833],[116.37937131509979,-8.956527009711706],[116.38095140438779,-8.958216700299502],[116.38282512370529,-8.95958255360207],[116.38492554010922,-8.960575776928446],[116.39884192071176,-8.965621916322796],[116.40116419910098,-8.966218101841656],[116.40355940263888,-8.966358395233394],[116.40593668895104,-8.966037475922887],[116.40820589551589,-8.965267515595942],[116.41028096017139,-8.964077716396991],[116.41208318587648,-8.962513203065066],[116.41354422576465,-8.960633311086108],[116.41460867519487,-8.958509335867127],[116.41523617248225,-8.95622182838674],[116.41540292870135,-8.953857539970361],[116.41432267012358,-8.915703616404775],[116.41423043177676,-8.914519169070724],[116.41004556478856,-8.881774174300634],[116.410023914621,-8.861387171600466],[116.427695012124,-8.848235049356498],[116.45396564424288,-8.84602317827004],[116.45509724927459,-8.846420643574488],[116.4490542436475,-8.859502310230713],[116.44856365244169,-8.86073881698812],[116.44193023928156,-8.880581370132267],[116.42327733394849,-8.902970321082112],[116.42187007489369,-8.905069013130449],[116.42092999752423,-8.907408862800438],[116.4204973339669,-8.909889755217488],[116.42059060711749,-8.91240553868158],[116.42120583638997,-8.914848566482599],[116.42231670627619,-8.917114303037097],[116.42387569080178,-8.919105797237766],[116.42581608602624,-8.920737831532044],[116.43963830059072,-8.930113071710544],[116.44180959860554,-8.931287703288307],[116.44417476963213,-8.932009812461246],[116.44663831202017,-8.93225024180468],[116.4756252586586,-8.932187206089548],[116.47810345198704,-8.931932838889084],[116.4804791227831,-8.931191106927681],[116.48265509978705,-8.929992349591977],[116.5110497424812,-8.91038506965852],[116.51995250054198,-8.913485080162452],[116.5219161274756,-8.913993617987439],[116.52393761572024,-8.914176692209374],[116.5259620737768,-8.914029331837972],[116.5672853554735,-8.907605078795175],[116.5696422564334,-8.90699770318185],[116.57183207913963,-8.905944058612155],[116.57376920723931,-8.904485340975343],[116.57537790674535,-8.902678583126242],[116.59888643579606,-8.870308997823948],[116.60008225595317,-8.868271187320305],[116.60085830567475,-8.866043919217923],[116.60118551812012,-8.86371063783028],[116.60105164298794,-8.861358757649077],[116.60046170422143,-8.85907638834416],[116.5994378105358,-8.856949033957683],[116.59801832605211,-8.855056389934946],[116.59625643227089,-8.853469357936794],[116.59421813537058,-8.852247390194183],[116.59197979353296,-8.851436262806237],[116.57762684729504,-8.847745189838449],[116.56789687871716,-8.839549046515453],[116.56563909590828,-8.838038879424763],[116.5631004320385,-8.83705645148386],[116.55483409743057,-8.834862581403986],[116.55102208179466,-8.829253655773488],[116.54958281674021,-8.82750918020693],[116.5478430961517,-8.826056387444636],[116.54586241716112,-8.824944959668322],[116.54370851517135,-8.8242129048942],[116.54145504784915,-8.823885257494398],[116.53917907684443,-8.823973222288316],[116.53695843325046,-8.824473791439749],[116.53486905677399,-8.825369847247847],[116.52322627382837,-8.831685662036891],[116.5212499696947,-8.833019855571617],[116.5205424145204,-8.833731161184716],[116.5206108836133,-8.832304130077562],[116.5202394854484,-8.829909112632757],[116.51387059867801,-8.805440065178361],[116.52855301495437,-8.786763736331366],[116.56377179580163,-8.753809254990294],[116.56504550374599,-8.752418108199183],[116.56608770464102,-8.750849996406926],[116.59237492905251,-8.703738314172776],[116.61014939827109,-8.672544072949075],[116.62949664448138,-8.641200270884882],[116.63028047273343,-8.639707052944006],[116.63815218411052,-8.621777398630346],[116.67754631566368,-8.58238206201516],[116.67892467050903,-8.58073669949967],[116.69113139912278,-8.563239397463976],[116.69223342093653,-8.561302180250062],[116.69296072734623,-8.559199081454954],[116.69328906408207,-8.557000253881382],[116.69738232277678,-8.483677180955892],[116.70177636851759,-8.474721779068457],[116.71069948777158,-8.466213207205971],[116.71237649666979,-8.464233322778604],[116.74533471040438,-8.415648508041862],[116.74626829494082,-8.414011599335698],[116.75432488889459,-8.396921391857429],[116.75517190622232,-8.39447400580476],[116.7554768659404,-8.391904815646313],[116.75522599995583,-8.389329904087202],[116.74716787370174,-8.350512203442577],[116.74626029896032,-8.347803222184222],[116.74474000068767,-8.345377831285017],[116.71584974526888,-8.309489543900675],[116.7135450195762,-8.307288580016596],[116.67554151441884,-8.279457256756903],[116.67288807060042,-8.277977991038984],[116.63797594119855,-8.263818361172364],[116.63487512796291,-8.263007772150655],[116.59364776073318,-8.257775077508088],[116.57851365154673,-8.253050150029374],[116.56150845540725,-8.241266165706229],[116.55983441831208,-8.240291357593936],[116.54445376192888,-8.23288555107067],[116.54275117939251,-8.232215905170966],[116.54096696298394,-8.231804015747294],[116.49998345165179,-8.225480466084722],[116.42927445949977,-8.206339806168332],[116.3996842777466,-8.190412699927194],[116.39765443662876,-8.189544052779748],[116.39550022296042,-8.189049308607434],[116.39329131017858,-8.188944468996931],[116.37571384845945,-8.189677427530246],[116.37371859461499,-8.18992343227837],[116.37179051295871,-8.190487981424237],[116.28194964392254,-8.224910914016718],[116.2793699815079,-8.22626709887069],[116.26268718236454,-8.237740799622033],[116.26093108450557,-8.239207164411356],[116.17276041290076,-8.328022408061488],[116.16125308253976,-8.336707016103546],[116.13252230519127,-8.352299105620848],[116.13110608525642,-8.353197400430505],[116.11548124691572,-8.364671108499628],[116.11409097185184,-8.36586121567059],[116.11289548533776,-8.367243012353194],[116.10728038960028,-8.374811874583266],[116.10569736623877,-8.3776918141493],[116.09975101176677,-8.393179883303898],[116.09806907219271,-8.395338573848884],[116.09606458867249,-8.396111061607563],[116.07004512529012,-8.394103272913366],[116.06800758020461,-8.394113402630836],[116.06599966843338,-8.394456076618033],[116.06407646284352,-8.395121896173771],[116.04503588872404,-8.403522646827524],[116.0431486476771,-8.40456047134449],[116.04147387614252,-8.405908702238115],[116.04006315999744,-8.407525813749052],[116.0179527601919,-8.43789526591986],[116.01670791097317,-8.44003266980084],[116.01592431960292,-8.442374457273072],[116.01563418260878,-8.444824433694198],[116.01584942766713,-8.447281958435743],[116.02650177037587,-8.502677316924602],[116.02730986013117,-8.505265618534759],[116.02867683093025,-8.507613033834174],[116.03053497010194,-8.509603268064874],[116.0515956641455,-8.527639548073038],[116.06030331054967,-8.5786104406519],[116.05840351251283,-8.637039670031344],[116.05129909838276,-8.67056324081968],[116.05107150404557,-8.672154577718489],[116.04799218578577,-8.713002509170925],[116.04806686017261,-8.715520731466501],[116.048664469474,-8.717969815498446],[116.04975941618746,-8.720244819495342],[116.05130478996594,-8.722248259177974],[116.05145047253609,-8.722372533976081],[116.05097994378951,-8.722306870555864],[116.0416212446199,-8.721981874681646],[116.03915612288088,-8.722141335044167],[116.03677282239528,-8.72278396329557],[116.03456726993834,-8.723883894269264],[116.02708038511457,-8.728603765677988],[116.02494422177676,-8.730309384176358],[116.01994406548924,-8.735309438160957],[116.01687647372825,-8.734829237674136],[116.00670249013986,-8.731290527320336],[116.00494773928702,-8.730820777380215],[116.00314214444079,-8.730611508233116],[115.99635710311064,-8.730323960866135],[115.9888555142884,-8.726338776463836],[115.98676073271919,-8.72546171698605],[115.98453847773281,-8.724980518433345],[115.98226459908399,-8.724911605103788],[115.98001670808503,-8.725257329262648],[115.9778715293455,-8.726005890859579],[115.97590228272777,-8.727131740157828],[115.9620097146805,-8.736870400527012],[115.95121181267723,-8.741792793951696],[115.94149551165587,-8.742678648837725],[115.91907153697993,-8.741584125365657],[115.91795265153142,-8.741579783395531],[115.89953959406353,-8.742335426369984],[115.89910490264515,-8.741517591839049],[115.89645107156946,-8.730114930921818],[115.89583882186668,-8.728213702989843],[115.89492053942249,-8.72643688867474],[115.88987440605264,-8.7183800250997],[115.88845098705596,-8.716529138230582],[115.88669749222706,-8.71497954966331],[115.88467790735046,-8.713787801538636],[115.88246592517093,-8.71299737852789],[115.8801422568437,-8.712637121528724],[115.87779168761675,-8.712720175584222],[115.87549998405444,-8.713243510365958],[115.87335076549853,-8.714188030696146],[115.8673707138643,-8.717525559511284],[115.85203727380988,-8.7131084506387],[115.84977884736543,-8.712678947122612],[115.8474790175414,-8.712672069554444],[115.84521801396578,-8.713088057958577],[115.8430747122291,-8.713912400618145],[115.84112388302209,-8.715116340167693],[115.83943358427675,-8.716657876533686],[115.83806278718839,-8.718483231781041],[115.82329135296084,-8.742563841263719],[115.82223581707373,-8.744749080013804],[115.82163887610237,-8.747097612337086],[115.8185132127789,-8.768035523423046],[115.81843376713952,-8.768689953392524],[115.81637505675894,-8.790663897621624],[115.81646478479902,-8.793630088461681],[115.81727821997117,-8.796486658723406],[115.8279016034066,-8.821557974366955],[115.8290991245623,-8.823732187693102],[115.8307170687536,-8.825622000278306],[115.8326885092141,-8.827149232908585],[115.83493189236543,-8.82825070506461],[115.83735441178798,-8.828880849222063],[115.86334753214157,-8.832907174171428],[115.92220841365713,-8.865528482292024],[115.92399268278865,-8.86633972832585],[115.92588477088903,-8.866860443676671],[115.94199926888147,-8.869952532427465],[115.94441599139856,-8.870175503466463],[115.94683003461145,-8.869925904324862],[115.96123447050539,-8.866996805465792],[115.96324149445866,-8.866409211336201],[115.96511882357153,-8.86549431146039],[115.96681223813177,-8.864278529952307],[115.96790875209206,-8.863340779088496]],[[116.06032579199486,-8.727148841368361],[116.07211011183755,-8.732086156589151],[116.07105625832153,-8.732696271458],[116.06888299309053,-8.73429597105846],[116.06711634717169,-8.736326770055909],[116.06591296997101,-8.738065616834927],[116.06465980424703,-8.734981127918255],[116.06413115329804,-8.733850852364213],[116.06144605138184,-8.728804929047028],[116.06032579199486,-8.727148841368361]]]},"properties":{"i":7,"t":0.30000000000000004,"color":"#2f6f7e","alpha":0.78154760905204,"width":0.60435}},{"type":"Feature","geometry":{"type":"LineString","coordinates":[[116.01718066549402,-8.356265937852541],[116.01752572268947,-8.358638438614713],[116.01833407272393,-8.36089801933202],[116.01957436877888,-8.362957034941873],[116.02388730656355,-8.368735143463502],[116.02559499174335,-8.370588067113028],[116.02765026850365,-8.37205542359824],[116.02996589041425,-8.373074921467243],[116.03244355635692,-8.373603281210903],[116.03497808438466,-8.37361807299565],[116.03746187805241,-8.373118669081121],[116.03978949537326,-8.372126270442093],[116.04434757777767,-8.369603199910413],[116.04592948833373,-8.368561104604396],[116.0473302693091,-8.367290378800615],[116.05148025236946,-8.362895285410357],[116.05300354426925,-8.360907503666235],[116.05408519363665,-8.358654205604083],[116.05467976774723,-8.35623005368466],[116.05476229786395,-8.353736886194495],[116.05419204652308,-8.345680909114165],[116.05380500246504,-8.34338875464407],[116.05298467770486,-8.341211171870695],[116.0517609871813,-8.339227552938627],[116.05017855018293,-8.33751021719272],[116.04829506302926,-8.33612177492158],[116.04617919538,-8.335112845144494],[116.04390808688407,-8.334520210570272],[116.0353633444558,-8.33313624782229],[116.0329421602116,-8.332983932047702],[116.03053785048222,-8.333304745264883],[116.02824393465275,-8.334086209142493],[116.02614963937206,-8.335297927502452],[116.02433642866883,-8.336892768304073],[116.02287483563,-8.338808696492796],[116.02182171879313,-8.340971186506051],[116.01791544263432,-8.351551078777963],[116.0173122766094,-8.353872540478507],[116.01718066549402,-8.356265937852541]]},"properties":{"i":7,"t":0.30000000000000004,"color":"#2f6f7e","alpha":0.78154760905204,"width":0.60435}},{"type":"Feature","geometry":{"type":"LineString","coordinates":[[115.2165886477597,-8.747568468439393],[115.22136698399758,-8.738010709417313],[115.23567295048197,-8.732336276536577],[115.25725482195631,-8.72632903606524],[115.25930604014547,-8.725557140771807],[115.26118601697885,-8.724437538752573],[115.26283501654433,-8.723005806105025],[115.27772698859873,-8.707542468060064],[115.27965113653892,-8.704918587806317],[115.30092398185745,-8.665838882915633],[115.33068847378448,-8.633104588621922],[115.3695772885312,-8.607891634282916],[115.50300155006644,-8.55987107817004],[115.50491335712401,-8.558992581633582],[115.5066455019182,-8.557804338835343],[115.52381663253273,-8.54372499780523],[115.52550751276522,-8.542037239071705],[115.52683459621291,-8.540056780958674],[115.52774731695499,-8.53785909380286],[115.53313346265298,-8.520134610629766],[115.53680403347279,-8.51849372405298],[115.60578008459846,-8.513206327961754],[115.60823110773774,-8.512768191847922],[115.61054271559546,-8.511850926817296],[115.6126202101312,-8.510492110376573],[115.62328129441154,-8.501865900348948],[115.62453847726177,-8.500693627653275],[115.64770602253975,-8.475826014731469],[115.66467389936203,-8.466002693047665],[115.66624253703623,-8.464924564601164],[115.69846878905196,-8.438881930957574],[115.69946517474762,-8.437982151476845],[115.70971916255378,-8.427646924914633],[115.7115342007627,-8.425307291778902],[115.71272704219886,-8.422604484892661],[115.72599082150491,-8.378659101772008],[115.72643820882783,-8.376443782102346],[115.7264640446869,-8.374184823424466],[115.72606744620269,-8.371960055131995],[115.72526208443936,-8.369846127329895],[115.72407571245849,-8.36791587013486],[115.70096337347212,-8.3371544457043],[115.69960463397851,-8.33563027466839],[115.69800851310549,-8.334351057028577],[115.6601238722291,-8.308855348433076],[115.62813544053607,-8.280378266333697],[115.57473424051149,-8.21402983121387],[115.57342310899833,-8.212639042519509],[115.54363822000045,-8.185621659941942],[115.54221023462405,-8.184506803325794],[115.50933269159322,-8.162534367026266],[115.50723629141326,-8.161409350720964],[115.34268909326775,-8.092564322932665],[115.34041933675817,-8.091861324656877],[115.27333569393264,-8.077954883806209],[115.25877870152256,-8.069374560579679],[115.24348339628486,-8.058179327402682],[115.24087270780811,-8.056718705091264],[115.22020218470753,-8.048255951322043],[115.21789601757443,-8.047564732388055],[115.1955176561099,-8.043169872720783],[115.19297609934358,-8.042938148342047],[115.17271271588686,-8.04318214859648],[115.17006965565865,-8.043499428184987],[115.16755759258504,-8.044372778702135],[115.13061238878993,-8.061869303067484],[115.12887061791196,-8.062875599747745],[115.12731845558241,-8.064150319755464],[115.0552760277397,-8.13393226353748],[115.0175344471396,-8.161235671682824],[114.98314093442814,-8.168261253564928],[114.89293740854677,-8.168100432945643],[114.89076960418475,-8.16828690702912],[114.8886689553928,-8.168848705265566],[114.85750957768217,-8.180192567701573],[114.69551404962175,-8.123549325302287],[114.69405818100049,-8.123137791120284],[114.67574769425346,-8.11914992832261],[114.67431535437088,-8.118924649203121],[114.63616573804845,-8.11518907618446],[114.61795907974383,-8.11063769095721],[114.6047957802948,-8.10087140476693],[114.6025683282279,-8.09955704044852],[114.60011196637173,-8.098734439096313],[114.59753597655504,-8.098440196915513],[114.59495496116637,-8.098687403955495],[114.59248374595808,-8.09946506197049],[114.59023227295388,-8.100738573649355],[114.56553590557263,-8.118367413476092],[114.55590088860443,-8.121076964575975],[114.54705685134223,-8.117760676898644],[114.53715437448105,-8.10616456073454],[114.52799231896823,-8.09285260150964],[114.52662410937306,-8.091198155615569],[114.52498456382988,-8.08980628625236],[114.51188270434655,-8.080528525364901],[114.50982044063932,-8.079348944440829],[114.50756714879624,-8.078585194603818],[114.50520740526478,-8.078265942283167],[114.48193311158872,-8.0773709981565],[114.47909988487626,-8.07758737971028],[114.45004773598899,-8.0832022439552],[114.44767212229173,-8.083914026782812],[114.44548935719743,-8.08508373327259],[114.44358842049128,-8.0866636814433],[114.44204680596044,-8.088589465749578],[114.44092736251088,-8.090782581999738],[114.44027573172502,-8.093153627018129],[114.43579895233894,-8.119846458926988],[114.43563567050494,-8.122097678978625],[114.43589513410325,-8.124340042850102],[114.45640027413721,-8.221020542210361],[114.4571340468892,-8.223318340507374],[114.45831092107727,-8.225428010552248],[114.53895719352536,-8.34115199377683],[114.5398528189078,-8.342286743916894],[114.56499862581556,-8.370526321040032],[114.56653431464495,-8.371976608424328],[114.59680853625159,-8.395985203049332],[114.5985129804782,-8.397119326123043],[114.60038442836459,-8.397957090253833],[114.63489029317913,-8.410082477782376],[114.6369648217296,-8.410615367590378],[114.63910136541443,-8.410784013150716],[114.75474924687921,-8.409898601151525],[114.79275146577422,-8.417104645563072],[114.92084025180988,-8.478030989979727],[114.94543523901238,-8.49465728160685],[115.01426123189613,-8.557843507710961],[115.01613582401968,-8.559259113887215],[115.05104538185368,-8.580717532519973],[115.06699115509261,-8.593097151421128],[115.07344755696607,-8.605294073855326],[115.07854172802413,-8.619031038101706],[115.07952846214526,-8.621078089164016],[115.08088217195376,-8.622908620165338],[115.09414608470863,-8.637720928915492],[115.09572057552886,-8.639194390986566],[115.12420482491538,-8.661492947157855],[115.12694991936283,-8.66311746524361],[115.1349251065376,-8.666535567009012],[115.13611701989615,-8.66697555591856],[115.1439014259269,-8.669403927283554],[115.1466767413122,-8.670867683943849],[115.16121516986252,-8.70169065326405],[115.1620928282353,-8.703243597471596],[115.16621297392294,-8.70942453365921],[115.17345563889141,-8.724099681411781],[115.1700885314371,-8.742488653550991],[115.16029520782827,-8.762003527040248],[115.15146486190376,-8.77233650249296],[115.10954126600713,-8.792449987838554],[115.10761169264171,-8.793602247634794],[115.0869419504829,-8.808657865858107],[115.08514585628126,-8.81025734032012],[115.08370055799523,-8.81217273472712],[115.08266175721033,-8.814330237412223],[115.08206949292972,-8.816646705553657],[115.08194659770561,-8.819032868824245],[115.0826780995679,-8.834250884183367],[115.0830113469226,-8.8365424783105],[115.08377771950737,-8.838730247701692],[115.08494949297676,-8.840735026696262],[115.08648427147007,-8.842484270035511],[115.08832652108461,-8.843914678356187],[115.10680080794067,-8.855633996919872],[115.1085273742667,-8.85654644570321],[115.11037846859793,-8.85717702390319],[115.1314560825158,-8.862548198344435],[115.13395528925939,-8.862920394467652],[115.15682402882096,-8.863978437921663],[115.1580889789003,-8.863972675640357],[115.18160874043966,-8.862669643535076],[115.18384092623127,-8.862341311617344],[115.19800134893276,-8.858924210690432],[115.19964718859205,-8.858403715275733],[115.21779565331884,-8.851241508392427],[115.21972273614486,-8.850279600978173],[115.23551100925816,-8.840595341680324],[115.23774945090364,-8.838835991872854],[115.23951686684201,-8.836613917829983],[115.24602668703929,-8.826115741432464],[115.24694720862148,-8.824309626261295],[115.2475523796912,-8.822377827257466],[115.247825497415,-8.820373678152539],[115.25026495010897,-8.772847586703328],[115.25019156984011,-8.77076891808103],[115.24976114117722,-8.768732955460804],[115.24422661953022,-8.750504116740306],[115.2433575216644,-8.748387380535364],[115.24210353961057,-8.746468447273418],[115.24050885381288,-8.744814916662506],[115.23862964474162,-8.743485038045167],[115.23653211362087,-8.74252565882626],[115.23429015052949,-8.741970574561831],[115.23198273197963,-8.741839338764935],[115.22969113955862,-8.742136574301608],[115.2274960974881,-8.74285181060047],[115.2165886477597,-8.747568468439393]]},"properties":{"i":7,"t":0.30000000000000004,"color":"#2f6f7e","alpha":0.78154760905204,"width":0.60435}},{"type":"Feature","geometry":{"type":"LineString","coordinates":[[115.54461794250814,-8.6553146808201],[115.53333214759337,-8.660914979749032],[115.52003370127461,-8.658251561589463],[115.51783707730469,-8.658011659216903],[115.51563245986276,-8.658163865950762],[115.51349088546726,-8.658703277432512],[115.51148135984798,-8.659612512853478],[115.50966863501031,-8.66086227484536],[115.49908871106183,-8.669651062036362],[115.49732808536508,-8.671449702261553],[115.46168364872594,-8.716289824865479],[115.46064528059881,-8.717821985684607],[115.45985302093678,-8.719491629861302],[115.45675981149398,-8.727547538974566],[115.45615455690563,-8.729703293665475],[115.45595873627506,-8.73193213065887],[115.4561789734149,-8.734158739547],[115.45680783378003,-8.736307883912659],[115.45782407472025,-8.738306943611136],[115.45919336243053,-8.740088368811787],[115.46086943148507,-8.741591962844923],[115.46721750205555,-8.746312082557344],[115.46910976088934,-8.747470254006833],[115.4711820507742,-8.748272835734738],[115.48163772775696,-8.75127743058538],[115.4958117576125,-8.768578259427178],[115.49835071911313,-8.770910854969877],[115.55377148044911,-8.808997847730971],[115.555454521938,-8.809968676093971],[115.5572714616208,-8.810664996304359],[115.58534825565401,-8.818966247097135],[115.58766266965955,-8.819417401923559],[115.59002167346956,-8.819424224134382],[115.59233871643345,-8.818986463454005],[115.5945287878697,-8.818120181072327],[115.59651153688377,-8.816857160204602],[115.59821422098746,-8.815243739686332],[115.61604683538324,-8.794759264277097],[115.63305821351082,-8.777367999932595],[115.63464401083353,-8.775364123012634],[115.6357736557364,-8.773078219803091],[115.6363978000606,-8.770610166650702],[115.6364891840629,-8.76806779645996],[115.63604382577394,-8.765562187005129],[115.62756998561012,-8.736280446495543],[115.62658576535378,-8.733880788101631],[115.62511025086931,-8.731741221668177],[115.60854244660344,-8.712488924685536],[115.6007065002795,-8.691459683438897],[115.59938080674146,-8.688890439432273],[115.58331745812794,-8.665194857912997],[115.58190146151695,-8.663470055077303],[115.5801919549231,-8.662028401360098],[115.5782458846903,-8.660917918058715],[115.57612807520647,-8.660175594871756],[115.5531797413586,-8.65439777030005],[115.55101127299315,-8.65405163790856],[115.54881510233024,-8.654091978473522],[115.54666113724286,-8.65451750789675],[115.54461794250814,-8.6553146808201]]},"properties":{"i":7,"t":0.30000000000000004,"color":"#2f6f7e","alpha":0.78154760905204,"width":0.60435}},{"type":"Feature","geometry":{"type":"LineString","coordinates":[[113.48771853115547,-7.706424935820477],[113.48769677120254,-8.413798200237956],[113.48796569157288,-8.416330556118528],[113.4887615724565,-8.418752113041794],[113.49004957307406,-8.420956834612399],[113.49177330094392,-8.422848177443289],[113.49385728014569,-8.4243433192542],[113.52104970811473,-8.439838777656362],[113.52344603976098,-8.440885837241995],[113.5260122133576,-8.441407403729343],[113.53968363052228,-8.442709476407266],[113.54263883748676,-8.442638058080151],[113.57111415617402,-8.438528980777992],[113.57147676563049,-8.4386981959535],[113.58123747734842,-8.44998177270043],[113.58295447147724,-8.451615593628626],[113.58930151172767,-8.456579720002138],[113.5917586952573,-8.458074994396572],[113.59450043567959,-8.458963289207578],[113.62423658203345,-8.464895108147898],[113.63228183773842,-8.468342957488895],[113.64825623222576,-8.491763965449067],[113.64967210933415,-8.493479430719832],[113.65137892880205,-8.49491276065474],[113.66553907696073,-8.504760026660811],[113.6681791850143,-8.506155700693434],[113.67108201186326,-8.506879667702774],[113.6874395071647,-8.508913766269917],[113.69020330985215,-8.508948030218525],[113.69290514420952,-8.508371467753125],[113.70160954559607,-8.505470323291279],[113.70437486377674,-8.505075204460566],[113.70934182189504,-8.508355923246382],[113.70751981993014,-8.523206965432141],[113.70746399983487,-8.525573273581937],[113.70787251288267,-8.52790549050201],[113.70872991170346,-8.53011537915092],[113.71000376447815,-8.53211932911162],[113.71164588094952,-8.53384152022705],[113.71579689269753,-8.53742260671646],[113.71807283739976,-8.538977953585594],[113.72064268239964,-8.539991291965187],[113.72337654893424,-8.540411406649712],[113.74119910856061,-8.54114346766239],[113.74293657377673,-8.541093319686642],[113.75196985935717,-8.540198310539065],[113.75432126026521,-8.539733153635272],[113.75653680491408,-8.538825963561566],[113.75853237612392,-8.537511183363668],[113.76235741752944,-8.53441911013653],[113.76389208542625,-8.532940222547692],[113.76514404670782,-8.531220538959166],[113.76903073785162,-8.524761699954297],[113.7785861515205,-8.519325813431589],[113.79334271813073,-8.51496879537399],[113.80220176704753,-8.513843990331083],[113.80229097572638,-8.513921807410213],[113.80668088024173,-8.543527877631005],[113.80711875809499,-8.545416967345046],[113.81175733852521,-8.559984079280923],[113.81272989891897,-8.56222477291841],[113.81413476401997,-8.564228761717683],[113.81591553397313,-8.565915583859333],[113.81800071318189,-8.56721751086989],[113.8203065807377,-8.568082267565915],[113.82274055226095,-8.56847513153419],[113.82520489809318,-8.568380327745778],[113.82760066839347,-8.567801662224102],[113.82983166733408,-8.566762369275095],[113.83180831659972,-8.565304178407027],[113.83345125286117,-8.563485638442053],[113.83469451462756,-8.561379766183956],[113.83593999343164,-8.558680492302223],[113.83741194703235,-8.557811125678873],[113.8461208576546,-8.564641907898979],[113.84888290274552,-8.566276881375986],[113.87476247452365,-8.577345239565592],[113.87609852361999,-8.577828041314827],[113.90206021218384,-8.585559318579524],[113.90358219717196,-8.585910058352964],[113.9208347118719,-8.588758178644415],[113.92312486855045,-8.588921523538035],[113.92540587787474,-8.588661484397665],[113.93631121049081,-8.586383433511136],[113.93910749743284,-8.585440998572253],[113.95836638902531,-8.576269857760018],[113.96106798603448,-8.57566000629941],[113.96094679563274,-8.577663553087351],[113.95739336722455,-8.590248342034261],[113.95701943113845,-8.592140615117495],[113.95579810177112,-8.602719557782425],[113.95575151122425,-8.604987719817931],[113.95613156494636,-8.607225002933214],[113.95692506222166,-8.609353654389654],[113.95810443275784,-8.611299695442968],[113.97006720349943,-8.627412985156315],[113.9718292923966,-8.629322408438533],[113.97395958301301,-8.630820855206604],[113.97636197455245,-8.631840724939282],[113.97892808756355,-8.632336006767817],[113.98154215423153,-8.63228435581416],[113.99643562476844,-8.630413323788312],[113.99852316283172,-8.629966368702382],[114.00050113331623,-8.629169417644595],[114.0168779399417,-8.62086589337669],[114.0309973123012,-8.61699940116749],[114.03240463836497,-8.61762488568116],[114.03972821843078,-8.632466206181123],[114.04113393479501,-8.634676134590363],[114.04298412119591,-8.636538804959601],[114.04519363659121,-8.63796849534968],[114.0537388024154,-8.642281626539505],[114.05712148808941,-8.643413936816637],[114.09268554555409,-8.64984319487135],[114.09456611823494,-8.650037154341238],[114.1036814082184,-8.650281177475883],[114.10597394309595,-8.6501304956249],[114.10819823919938,-8.649561316972544],[114.15092590960408,-8.634295549818175],[114.16921147673328,-8.63256272924571],[114.17677782599911,-8.642283136172253],[114.17768013938219,-8.64331671099868],[114.18817809850749,-8.654058946016043],[114.19000586858617,-8.655596340928119],[114.19210067299974,-8.656753953227847],[114.19438289891353,-8.657487786455771],[114.19676580836338,-8.657769949984512],[114.19915883556159,-8.657589719368959],[114.20147102990612,-8.656953944118367],[114.2253156613018,-8.647839704974956],[114.22745739373096,-8.646773432769276],[114.2651591632171,-8.62319066722354],[114.29983652858903,-8.624019971468051],[114.34279639406887,-8.642824071061474],[114.37391225239628,-8.67095611842462],[114.37877214866735,-8.696861637055614],[114.36037510890492,-8.718503140049112],[114.35916057403533,-8.720209760724982],[114.35825880918176,-8.722096334341854],[114.35769632365582,-8.724107410828877],[114.35484786382972,-8.739244303074974],[114.35464383945171,-8.741763871357252],[114.35497082546358,-8.744270728265068],[114.35581472722852,-8.746656737254236],[114.3571391506882,-8.748818972709193],[114.35888697081036,-8.750664160219147],[114.3609827948338,-8.752112700793825],[114.36333621421097,-8.753102105305041],[114.38530980919677,-8.759775333600894],[114.3875422398508,-8.76023493117609],[114.38982216128429,-8.760279829343123],[114.44464206830986,-8.756324730487922],[114.46448438097208,-8.759945620197453],[114.55134860927593,-8.78943744270663],[114.55366768276092,-8.789983384602872],[114.55604976642775,-8.790077525904946],[114.59788111619632,-8.787717497529743],[114.60046046787087,-8.787297192389286],[114.60289194765409,-8.786348323884813],[114.60506598774624,-8.784913650260942],[114.60688462404268,-8.783057820958824],[114.63447132080971,-8.748145127139244],[114.63583250133676,-8.745991964393587],[114.63671206985913,-8.743606550855855],[114.63707175726765,-8.74109269833649],[114.63796696110138,-8.716515644237399],[114.63781310354861,-8.714111144992266],[114.63718304793144,-8.711783734288678],[114.63610149424537,-8.709624621916525],[114.6260102085723,-8.693674880979383],[114.6242391137644,-8.691484636336131],[114.61357271799461,-8.681032609013311],[114.6085584042507,-8.670522567584689],[114.60743729590551,-8.668634346380063],[114.59913613340161,-8.65715955243141],[114.5975109881121,-8.655331368424061],[114.59555037251631,-8.653859415529485],[114.59333269358545,-8.652802555801523],[114.54160286948593,-8.634186644285165],[114.51762046515792,-8.61825049292914],[114.51573559312797,-8.617222155194135],[114.51369833652032,-8.61653419689335],[114.50100269828235,-8.613441305606205],[114.49846167262982,-8.613094362231571],[114.48047241582728,-8.612509435765663],[114.46798771529127,-8.607865700763593],[114.45505095773358,-8.595194154766588],[114.44411416736436,-8.577467367702223],[114.43846392251514,-8.560587644550191],[114.43972250963344,-8.497078366628752],[114.43961977057181,-8.495252839880514],[114.4353877714808,-8.463432929571857],[114.43477461601074,-8.460922964328057],[114.4336398670094,-8.458597446473274],[114.43203461595256,-8.45656106273772],[114.41445655562391,-8.438576453393496],[114.41261304313761,-8.437028381362198],[114.410499023331,-8.435866859029721],[114.40819615667154,-8.435136752271351],[114.40579339623037,-8.434866262386883],[114.40338355246227,-8.435065837106288],[114.40105970920678,-8.435727767193766],[114.39891162916567,-8.436826484202829],[114.3970222875134,-8.438319547888177],[114.39546466737168,-8.440149285176089],[114.3942989408152,-8.442245017455983],[114.3935701442528,-8.444525790247775],[114.39330643800955,-8.446903499897504],[114.39282558598826,-8.490790324538855],[114.38963583410602,-8.51109946782182],[114.38807324835217,-8.512516252455072],[114.38565135195094,-8.497280893363117],[114.38388805682008,-8.452743856031807],[114.38350856578928,-8.450184465537486],[114.3825907599238,-8.447762222944355],[114.37188666835391,-8.426660368414298],[114.37030808065236,-8.41841670694374],[114.37086395602135,-8.410811885899104],[114.37557467370141,-8.388669324796922],[114.3757958631781,-8.387173765143018],[114.37818086788928,-8.358856878727611],[114.41676308754535,-8.161226661065305],[114.45859765352095,-8.017627359274119],[114.45907814904223,-8.014378646001877],[114.45956469258614,-7.966690570142671],[114.45918060910938,-7.963546404128862],[114.45739041371907,-7.9566284488229],[114.4568933377911,-7.955122802429545],[114.45424991304209,-7.948589600641231],[114.45258917700923,-7.942300959748542],[114.45269887325149,-7.934680665308782],[114.45564609748159,-7.92624371422204],[114.4674465750588,-7.9094807710127055],[114.4688802073478,-7.906772253624253],[114.47172902890149,-7.899204164944063],[114.47237261499843,-7.89672196505134],[114.47863739319216,-7.85448572574914],[114.47875942401473,-7.853167815462749],[114.47957277163067,-7.831438763634354],[114.47946032449165,-7.82928477260455],[114.47896581451538,-7.8271842520681645],[114.47188525360552,-7.805863432591564],[114.47077274770085,-7.803443073183226],[114.46915616539376,-7.801319869241271],[114.45491410225176,-7.7863461807019325],[114.45350558918963,-7.785078191231944],[114.45191631856318,-7.784040945187941],[114.4137899093942,-7.763157999090483],[114.39692054582216,-7.748831290708589],[114.3944604975909,-7.747206256691044],[114.38664764222656,-7.743299369790914],[114.38446650710742,-7.742456272427596],[114.3821635790969,-7.742038530123475],[114.37068991293054,-7.741062575131675],[114.36900180692008,-7.7410343557990124],[114.34772586647911,-7.742129152899057],[114.3369168932205,-7.741183670681474],[114.33047101577809,-7.739147856975243],[114.31774101535177,-7.731071972574997],[114.28217620209888,-7.696777938386012],[114.28004448342882,-7.695133020112363],[114.27760144682779,-7.6939897425126595],[114.26254680285803,-7.688862908390643],[114.2597552310694,-7.688260378061313],[114.25689876481727,-7.688313295917012],[114.23517039769897,-7.691243239833905],[114.23365343586205,-7.691545228881205],[114.1945268090593,-7.701910998923818],[114.17473842666291,-7.7013689274074775],[114.14689074618697,-7.690329725216268],[114.1258884689765,-7.672172043575336],[114.08696371048465,-7.62325726378279],[114.08542602319932,-7.621650092300653],[114.08361994876088,-7.620345696758251],[114.05188240517488,-7.601547215277286],[114.04982212502317,-7.600571848255354],[114.04761531610859,-7.59999137949792],[114.04533827729784,-7.5998258777235375],[114.04306973482007,-7.6000810645543275],[114.0136105645886,-7.60618493292304],[114.0116557608771,-7.606761401967222],[114.00982423510202,-7.607650633923193],[114.00816651945458,-7.608828094907852],[113.93862747152663,-7.667453000846282],[113.92747758040824,-7.671938363704302],[113.90958218051311,-7.673872432032186],[113.88872537785797,-7.671111322718901],[113.87327286968282,-7.666367867907966],[113.87044875741286,-7.6658493041244595],[113.8555561893998,-7.664873362959614],[113.85331633792637,-7.664929527154735],[113.85112410894871,-7.665388030295575],[113.84905247428999,-7.666233610033182],[113.83147484067524,-7.675347387770421],[113.82945390077894,-7.676661189715968],[113.8277318326518,-7.678341817597408],[113.80773768050801,-7.702129554612073],[113.79796108016235,-7.710714804671135],[113.7852889614837,-7.713925648856873],[113.76611382767318,-7.710991703229362],[113.7272245398684,-7.696843077667664],[113.72386417462256,-7.696127923281782],[113.70083484256519,-7.694500022021159],[113.69876432425922,-7.6945270089261],[113.69672785224817,-7.6948982867351186],[113.68769510100583,-7.697340232816193],[113.68588001553508,-7.697986462897148],[113.66738839311283,-7.706246596030343],[113.65876334784447,-7.707809312900188],[113.53043378768653,-7.68834396467876],[113.52863062647432,-7.688203670548513],[113.52682625944544,-7.6883273042282365],[113.5028199631202,-7.69174525736204],[113.50052947313392,-7.692297793407514],[113.49838778599656,-7.693273789849793],[113.49381987431151,-7.6959087270127835],[113.49175487124424,-7.697405478619936],[113.49004774682152,-7.699293740030465],[113.48877260368427,-7.701491551084445],[113.4879847970497,-7.703903514452813],[113.48771853115547,-7.706424935820477]]},"properties":{"i":7,"t":0.30000000000000004,"color":"#2f6f7e","alpha":0.78154760905204,"width":0.60435}},{"type":"Feature","geometry":{"type":"LineString","coordinates":[[117.49096197630676,-8.269750274481911],[117.49096086816049,-8.318791959425564],[117.48811527648581,-8.3251644133812],[117.47844657684986,-8.337572663461387],[117.47755230464277,-8.338971035890388],[117.47693378929735,-8.340508460755213],[117.47661221226613,-8.342132296569023],[117.47588004633093,-8.349293292592238],[117.47586089678921,-8.350880353175592],[117.47612569034122,-8.352445763019299],[117.47666608832502,-8.353940206073501],[117.47746506901508,-8.35531660148305],[117.48511498621475,-8.366140751911919],[117.48630030599386,-8.367502674233695],[117.48773699669935,-8.368602654265715],[117.49521309972779,-8.373218737310756],[117.49677741360134,-8.373987786649865],[117.49846205913272,-8.374444879659745],[117.50020413134247,-8.374572948658992],[117.5019385806186,-8.37436721184434],[117.50360064218262,-8.373835351830666],[117.50512825488887,-8.37299722867308],[117.50646437895325,-8.371884138104944],[117.50755912599702,-8.37053764272174],[117.50837162183075,-8.369008019796578],[117.50887153241682,-8.367352383731038],[117.50904019606281,-8.365632553290189],[117.50903576659866,-8.173159900028637],[117.50884879083286,-8.17135003450215],[117.50829554728354,-8.169615091282566],[117.50739894001906,-8.168026882312995],[117.50619608420357,-8.166651145250079],[117.50473676942866,-8.165544822801273],[117.50308139874272,-8.164753706139429],[117.50129848869483,-8.164310539871128],[117.49946183382714,-8.16423366693665],[117.49764745289147,-8.164526269486416],[117.4959304430697,-8.165176237133503],[117.48983752482756,-8.168218168101378],[117.48767555770137,-8.169726706548925],[117.48059555104156,-8.176399595655925],[117.47939936201057,-8.177782912943544],[117.47851106664841,-8.179377318199622],[117.47330284063702,-8.191503226389425],[117.47284329416499,-8.192869481797938],[117.47261129365069,-8.19429100865524],[117.47147096868991,-8.208451007923154],[117.47145477663135,-8.209629037052755],[117.473651836375,-8.251133160052746],[117.47388425012397,-8.252732455093328],[117.47440373173139,-8.254264255035435],[117.47635666349201,-8.258659301229875],[117.47714293262302,-8.260068703369559],[117.47817187179606,-8.261315769911938],[117.47941013291846,-8.262360080904804],[117.48081758237444,-8.263167787908902],[117.4849878593603,-8.265087408707622],[117.49096197630676,-8.269750274481911]]},"properties":{"i":8,"t":0.19999999999999996,"color":"#2f6f7e","alpha":0.8561302450242563,"width":0.6804}},{"type":"Feature","geometry":{"type":"LineString","coordinates":[[117.4187284515462,-8.464915765410652],[117.35772963415884,-8.438902999724181],[117.32145126393374,-8.412490575072905],[117.32025185842362,-8.41175273042253],[117.29212834639475,-8.397332236540569],[117.27908802686845,-8.387961292498026],[117.27726304842298,-8.386946186730418],[117.26546326939246,-8.382063276110268],[117.26405039115043,-8.381609437360643],[117.26258145465583,-8.381390585696385],[117.2303791226695,-8.379244005368465],[117.2208873506627,-8.37700044011849],[117.20233910504852,-8.352270682823425],[117.20104160060015,-8.350877368367716],[117.19947653039841,-8.349785691917026],[117.19771412672513,-8.349044641322527],[117.19583347547592,-8.348687470409681],[117.19391896783814,-8.348730206987614],[117.19205651410377,-8.349170933705253],[117.17106533678009,-8.356537180068475],[117.13862261496962,-8.363249521620626],[117.13637179364882,-8.36403338940953],[117.11358510895732,-8.375507132859289],[117.11200168762703,-8.376523022674984],[117.11066598518005,-8.3778419756687],[117.10963621410596,-8.37940651240582],[117.1089572561201,-8.381148450125519],[117.10865870570127,-8.382991873850871],[117.10875357956525,-8.38485644461678],[117.10923774844586,-8.386660900685008],[117.11491350660451,-8.40139662937741],[117.08578764542953,-8.417409250522327],[117.08475707691238,-8.418070175120146],[117.02698368520919,-8.460894106271626],[116.98081589341521,-8.487580615962672],[116.88815507741677,-8.517613437566267],[116.87903931089227,-8.519270765193257],[116.867923778333,-8.518744604267853],[116.86206566770983,-8.516312665940765],[116.84400992469554,-8.50110062690527],[116.8425897968295,-8.500119618921309],[116.84100658951407,-8.499424378014403],[116.8393183909293,-8.499040412624773],[116.83758714068327,-8.498981810530926],[116.8358763576983,-8.499250722045415],[116.83424881019837,-8.499837281104147],[116.83276421319947,-8.500719967146267],[116.83147703790068,-8.501866394524962],[116.83043451328733,-8.503234500516541],[116.82967489323244,-8.504774088379252],[116.82922605267521,-8.50642866888911],[116.82910446441547,-8.508137532824955],[116.83028038930333,-8.553401556796658],[116.8252493495849,-8.567096726242536],[116.78819320759642,-8.57495974118718],[116.78664240764377,-8.575436146838788],[116.78520276207978,-8.576179053082527],[116.78392067442384,-8.57716451468191],[116.78283747068495,-8.578360768093303],[116.78198806735413,-8.579729255104994],[116.74041265674919,-8.662568464518758],[116.7398042441979,-8.664134378742325],[116.73950234895746,-8.665785068643814],[116.73951759591813,-8.667462462022188],[116.73984945281806,-8.669107546467218],[116.74048624839138,-8.67066244550007],[116.74140558244969,-8.67207245485204],[116.74257511354377,-8.673287967224837],[116.7439536965496,-8.67426621778763],[116.76323498144505,-8.685399271670295],[116.76329150870008,-8.70399683141149],[116.75528958227291,-8.73604596920542],[116.7550289948287,-8.73795957627146],[116.75519007279348,-8.73988388233364],[116.75576531396167,-8.741729188107978],[116.7567279094359,-8.74340947560395],[116.76373083194983,-8.753035610924547],[116.76502382217403,-8.754461732191087],[116.76659435875314,-8.755583154378556],[116.7683704439291,-8.756348467201773],[116.77027065511491,-8.756722585673634],[116.77220787821905,-8.756688358812474],[116.78648660363787,-8.754912969332885],[116.78961442244666,-8.75922343800121],[116.79403333508117,-8.767851314078495],[116.79582924671548,-8.7741030470945],[116.79648877126947,-8.77575396155465],[116.79746521756178,-8.777243670485973],[116.80055819728946,-8.781068727501523],[116.80149233653967,-8.782059694254997],[116.80256718022413,-8.782899917638204],[116.80854876750129,-8.786887390070536],[116.81314133196845,-8.791753484423227],[116.81497746174387,-8.798533404319002],[116.81044501856509,-8.810365985516643],[116.77507700008061,-8.817588726602407],[116.77352490018372,-8.818052157925317],[116.77208140116224,-8.818781796236944],[116.77079282819605,-8.819754226309463],[116.76970053552485,-8.820938241054007],[116.75199322786162,-8.843977751087015],[116.7287570127063,-8.867094668951426],[116.72769025304792,-8.868373817591403],[116.72688073394009,-8.869825498177132],[116.72635626227535,-8.871399851383686],[116.72613485547035,-8.873042803903115],[116.72622412216128,-8.874697925561836],[116.72765689980318,-8.884321968709397],[116.72772086034492,-8.884696232162826],[116.73197536410521,-8.906730352170865],[116.73243095574149,-8.90829699337447],[116.73771582985495,-8.921716970465575],[116.72378090809543,-8.941395368968012],[116.72281342768954,-8.943151399755982],[116.72226505726574,-8.945075880304671],[116.71951666364257,-8.961649834821591],[116.71940997573252,-8.96356300336898],[116.71971833151204,-8.96545474043496],[116.72042758291931,-8.9672382114844],[116.72150517876747,-8.968831550486376],[116.73798439113412,-8.988302194135265],[116.75042985985952,-9.008583380868599],[116.75462953004131,-9.01889492940763],[116.75549691127738,-9.020519343475298],[116.75668196109449,-9.021934574950667],[116.75813471570146,-9.02308095154287],[116.7597939219444,-9.023910136660582],[116.76158962013604,-9.0243871678286],[116.76344609431297,-9.024491931127136],[116.76528506543264,-9.024220009431586],[116.77201835105667,-9.022511557521344],[116.80078141209067,-9.043502489248493],[116.80210548844937,-9.044305065443895],[116.80354897119511,-9.044872369252746],[116.82568445303944,-9.051463495697933],[116.82728570015365,-9.051788087501869],[116.84834253904228,-9.054128268502241],[116.903618654318,-9.071912350082519],[116.90621847235636,-9.072349826517272],[116.92802900256459,-9.07283781059133],[116.92984278535103,-9.072697863565955],[116.94773642866878,-9.069507978164987],[116.96573800556136,-9.07901954336036],[116.98526902964707,-9.091827984771667],[117.0027176827267,-9.112945831559077],[117.0039638612311,-9.114184411861782],[117.0054299956647,-9.115160395583553],[117.0070602178655,-9.115836591445554],[117.00879240569766,-9.116187231971285],[117.01056055071557,-9.116198955562131],[117.07212601548271,-9.11064474133757],[117.0730046986546,-9.110522302133667],[117.12850694630589,-9.100023983429042],[117.13030969055025,-9.099486013147848],[117.13196073067216,-9.098591573822842],[117.13338868322687,-9.09737933794331],[117.14755662387539,-9.082556099013914],[117.14801084204159,-9.082043008034667],[117.16050671246876,-9.06679078734112],[117.16119770076769,-9.065822595645733],[117.17761361792067,-9.03923921624943],[117.19415224676152,-9.032672608096854],[117.22460247650878,-9.03272128900116],[117.27087272849212,-9.048682448240987],[117.2715834947633,-9.048895712789072],[117.29779312123463,-9.055612832716674],[117.33099054629281,-9.067740939363146],[117.33299996642108,-9.068226238896555],[117.33506844344046,-9.068248700226219],[117.38980573090757,-9.06263347910584],[117.39133619367196,-9.062343255062611],[117.47633573555737,-9.038571796963405],[117.50242603997407,-9.031412692667468],[117.50399505867443,-9.030822566796854],[117.50542673491354,-9.02995655109156],[117.50667185205722,-9.028844417453511],[117.5076876080855,-9.027524398387902],[117.50843908696089,-9.026041872455929],[117.50890045870415,-9.02444780409997],[117.50905586694954,-9.022796991507553],[117.50904143403667,-8.418873079494716],[117.50886605441215,-8.41711946316565],[117.50834638055903,-8.415433907100482],[117.50750259693031,-8.413881865762086],[117.50636747288907,-8.412523608228705],[117.50498508980847,-8.411411878062578],[117.50340912915766,-8.410589845452959],[117.50170078806501,-8.410089431103625],[117.49992640327338,-8.409930066902309],[117.47038216177357,-8.410166514852724],[117.45991501621263,-8.406241216309867],[117.45231225520145,-8.401197570957569],[117.4506703434778,-8.400335849580799],[117.44888497175374,-8.399824435894876],[117.4470315976027,-8.399684944750877],[117.44518855224933,-8.399923272017489],[117.4434337306338,-8.40052934538061],[117.43887679791835,-8.40264529577937],[117.43723662641112,-8.403629229896572],[117.43584324694704,-8.404933273308693],[117.43475938675475,-8.406498723535888],[117.43403384153942,-8.408255109722417],[117.43369927835117,-8.410123364640599],[117.43246063667952,-8.427846560660296],[117.42936961746662,-8.438767224360769],[117.42338676986338,-8.448738559676112],[117.42246149205174,-8.45087028487027],[117.41904323298897,-8.46283322822414],[117.41871929145738,-8.464719938418893],[117.4187284515462,-8.464915765410652]]},"properties":{"i":8,"t":0.19999999999999996,"color":"#2f6f7e","alpha":0.8561302450242563,"width":0.6804}},{"type":"Feature","geometry":{"type":"LineString","coordinates":[[117.34035362916697,-8.159771044337038],[117.34042168277597,-8.161448287760185],[117.3408052463267,-8.163083383013154],[117.3414908083718,-8.164618716245805],[117.34245421554198,-8.166000188201796],[117.34366152324696,-8.16717912064267],[117.34507019155613,-8.16811397180353],[117.34663058414417,-8.168771800397844],[117.34828771747998,-8.16912942654814],[117.34998319859092,-8.169174248703397],[117.35531847367672,-8.168818367990758],[117.3573322591009,-8.170231660043026],[117.35864318981477,-8.170996218883156],[117.36006517899895,-8.171532214566726],[117.36779734012914,-8.173729251335955],[117.36927240483624,-8.17401948679782],[117.3707756895307,-8.17406355882598],[117.37842486013508,-8.173656536884314],[117.38011585956698,-8.173406207432667],[117.38172894362815,-8.172845099918524],[117.38320635046952,-8.171993307134649],[117.38449517761117,-8.170881330699851],[117.38622160477831,-8.16908017930519],[117.38781787924022,-8.169014542342287],[117.38967811016074,-8.168535290374802],[117.39942065279706,-8.164892274462291],[117.40744831969651,-8.16245232840566],[117.40881389800953,-8.161913434404486],[117.41007310576597,-8.161162506974676],[117.41544414242254,-8.157337432759387],[117.41661811169305,-8.156339811211721],[117.41760288347709,-8.155158580933993],[117.4177983746473,-8.154819409667706],[117.41854985001646,-8.154745270538124],[117.42025550329707,-8.154410571241137],[117.42186479917727,-8.153758700398217],[117.42331813200184,-8.152813802813263],[117.42456167388048,-8.151610876362316],[117.42830464186744,-8.147216813620684],[117.42927945445409,-8.145823204521616],[117.42997107105646,-8.144272591830617],[117.43035464743663,-8.142620684630854],[117.43041640693147,-8.140926830454408],[117.43015413485303,-8.13925188305788],[117.42957725746972,-8.137656016195397],[117.4287065028143,-8.1361965619286],[117.42757315558093,-8.134925951116527],[117.42621793294066,-8.133889830044717],[117.42468952169668,-8.133125420816787],[117.4230428293382,-8.13266018437175],[117.4213349627209,-8.132347091897639],[117.42105674113093,-8.132021029950803],[117.41984911723958,-8.130848670904982],[117.41844186083867,-8.129919672318877],[117.41688430166286,-8.12926659863749],[117.41273438608877,-8.127964620798886],[117.41047374864883,-8.12755868981518],[117.39940599876508,-8.126988684092227],[117.39737242605455,-8.127111594508388],[117.3842706998953,-8.129390522458918],[117.38255211815442,-8.129866540871191],[117.38096157329913,-8.130667611971818],[117.37956111924345,-8.131762483411613],[117.37840539506517,-8.133108440248058],[117.37212550300778,-8.142087102695518],[117.36280316452807,-8.141253793165605],[117.36123223234961,-8.141249070696249],[117.35968420661295,-8.1415137325595],[117.35065138207116,-8.143873667252793],[117.34879457634796,-8.144583161431003],[117.34713975194151,-8.14567780758408],[117.34576721192411,-8.147104488004304],[117.34474356350123,-8.148793972110761],[117.34116242617814,-8.15652590802031],[117.34060347942979,-8.158110751000587],[117.34035362916697,-8.159771044337038]]},"properties":{"i":8,"t":0.19999999999999996,"color":"#2f6f7e","alpha":0.8561302450242563,"width":0.6804}},{"type":"Feature","geometry":{"type":"LineString","coordinates":[[116.97249668809712,-8.414105092843535],[116.9726486550297,-8.415877196666296],[116.97582229064702,-8.43272328891197],[116.97632785926561,-8.434435597769092],[116.9771669718814,-8.436014600339975],[116.97830624578843,-8.437397471709437],[116.97970035412874,-8.438529190036475],[116.98129382917048,-8.43936472605382],[116.98302326936027,-8.439870834982612],[116.98481986230888,-8.440027379511042],[116.98661212325577,-8.439828131154652],[116.98832873995356,-8.439281018088254],[117.00265196972934,-8.433095873514597],[117.00389815972441,-8.432438668143956],[117.0050256730708,-8.431597541256068],[117.00762967817234,-8.42931850141412],[117.00890156217615,-8.427946680142634],[117.00970376435616,-8.42660368619985],[117.01119056644025,-8.426241814527401],[117.01284946753563,-8.425459513268272],[117.01431415608599,-8.424361579019454],[117.01952215792942,-8.419559497545665],[117.02065319682254,-8.41829959344757],[117.02152523409508,-8.416852210145413],[117.02210731739362,-8.415268726775293],[117.0223787879376,-8.413605353037141],[117.0223300133737,-8.411921133773289],[117.02159788202371,-8.406062158106058],[117.0212363652946,-8.404434612166982],[117.02057587166284,-8.402901658263744],[117.01963933583863,-8.40151651848865],[117.01845927534575,-8.400327282549227],[117.01707666134521,-8.399375238370888],[117.01553949615246,-8.398693438863951],[117.01390114683262,-8.398305554579157],[117.01221849270142,-8.398225052053892],[117.00680532616266,-8.398465971401269],[117.00036906213032,-8.39598040469787],[116.99852010875463,-8.395482020101687],[116.99660650015649,-8.395380312001961],[116.9947142088307,-8.395679850164283],[116.99454152356542,-8.395746308634065],[116.99344507323678,-8.394880355374276],[116.99204333445226,-8.39397010710307],[116.99049577741631,-8.393331563977869],[116.98885563290726,-8.392986689731469],[116.98717931582426,-8.392947346952187],[116.98552448509788,-8.393214889107316],[116.98394806084201,-8.393780113967615],[116.98250426688155,-8.39462358003754],[116.98124276592235,-8.395716275121742],[116.98020695145794,-8.397020614056405],[116.97776490325823,-8.40076456984564],[116.97708234900175,-8.402020728216565],[116.9732571911558,-8.410646657027314],[116.97270224482169,-8.4123382887388],[116.97249668809712,-8.414105092843535]]},"properties":{"i":8,"t":0.19999999999999996,"color":"#2f6f7e","alpha":0.8561302450242563,"width":0.6804}},{"type":"Feature","geometry":{"type":"LineString","coordinates":[[116.82914787968743,-8.447112651714956],[116.82950568255526,-8.448861389903643],[116.83020734410509,-8.450505081095425],[116.83122494093455,-8.451978303306868],[116.8325179735063,-8.45322241890703],[116.83403497781468,-8.454187908805233],[116.84241811463325,-8.458418989036433],[116.8437494926465,-8.458963488428111],[116.84515140922795,-8.459291939045876],[116.85743968789228,-8.461163967421506],[116.85910149388879,-8.461263730544115],[116.86075362088367,-8.461060472318204],[116.86234005965474,-8.460561083665262],[116.8719113573469,-8.456554947401537],[116.88194127120208,-8.454763480429921],[116.8889809681114,-8.457712123481269],[116.89070804328277,-8.458241345925387],[116.89250704874223,-8.458420144524561],[116.89885519548267,-8.458420136648812],[116.90063152210487,-8.458245856790066],[116.91829189746339,-8.454745756926837],[116.9196713431013,-8.4543576018692],[116.92097137905012,-8.453758611366856],[116.93448054641617,-8.446190449599644],[116.93452450162602,-8.446165662735428],[116.93685782449391,-8.444841293513631],[116.93702319570127,-8.444781851844246],[116.9389917703903,-8.446085025166024],[116.94068192018533,-8.446963909111597],[116.94252099155275,-8.447472144977192],[116.94442696259978,-8.44758706584299],[116.94631482725264,-8.447303546573348],[116.94810038727934,-8.446634232386607],[116.953308461063,-8.444030174421734],[116.95476259670072,-8.44312180076491],[116.95601651321515,-8.441957526940431],[116.95702484324264,-8.440579479068921],[116.95775110644479,-8.439037517534606],[116.95816902916206,-8.43738743273699],[116.96044768771225,-8.42249540025668],[116.9605371106308,-8.42068940859612],[116.96025743488347,-8.418902535611792],[116.95962009807894,-8.417207825840698],[116.95865115755146,-8.415674555458079],[116.9573902245734,-8.414365400637045],[116.9558888447699,-8.413333875794022],[116.95420839099324,-8.412622146379789],[116.95241755479294,-8.412259305561323],[116.95058953897411,-8.412260185183307],[116.93447690031981,-8.413887127606658],[116.93274257930044,-8.414234372723325],[116.9311098477489,-8.414909090198678],[116.91979799712597,-8.42093095922577],[116.9181735058006,-8.422037369157895],[116.916830219257,-8.42346587981629],[116.91360074450753,-8.427756920959697],[116.90719554133497,-8.427756879907394],[116.88355141648609,-8.425440421632823],[116.88194750322077,-8.425424646393338],[116.88036601131579,-8.42568944303932],[116.8565224920596,-8.431874279193659],[116.85638869269242,-8.431910067635961],[116.8357181032947,-8.437606919299373],[116.83403738620719,-8.438254826724991],[116.83252014496706,-8.439219828235135],[116.83122676506252,-8.440463518374818],[116.83020872405103,-8.441936399801985],[116.82950654269827,-8.44357985293692],[116.82914817190708,-8.445328468724199],[116.82914787968743,-8.447112651714956]]},"properties":{"i":8,"t":0.19999999999999996,"color":"#2f6f7e","alpha":0.8561302450242563,"width":0.6804}},{"type":"Feature","geometry":{"type":"LineString","coordinates":[[115.96770378806006,-8.859248410273413],[115.97520104285934,-8.864476484160706],[115.98043449825389,-8.871496466073568],[115.98787825611291,-8.892677664639494],[115.98872729927284,-8.894442636918525],[115.99442318727426,-8.903556751388164],[115.99540821241024,-8.904853234146803],[115.99661393197576,-8.90595276804557],[116.00401999389629,-8.91156887151899],[116.0063195789161,-8.912835787778159],[116.01608576947241,-8.916497864583418],[116.0176651708134,-8.916933166971845],[116.01929813799697,-8.917079886520428],[116.02995939362921,-8.917079881548194],[116.03152372066285,-8.916945325791518],[116.03304097238629,-8.916545750911204],[116.03446550205423,-8.915893178285009],[116.04480064117759,-8.910033056113857],[116.04629760565913,-8.908970456261121],[116.04754565779614,-8.907630313049914],[116.04849305604738,-8.906068189109462],[116.04910052554794,-8.904348849667128],[116.04934288594346,-8.902543577124192],[116.04921009461987,-8.90072721555773],[116.04588294984785,-8.882035236034072],[116.04536148111703,-8.873122806097872],[116.04565045308516,-8.872714920597707],[116.05165539417122,-8.871483121183841],[116.05355527292136,-8.870870771892472],[116.06243724835812,-8.86688892500138],[116.06882591440407,-8.865000118679433],[116.07276112639319,-8.865974936641631],[116.07417322162152,-8.867638544322698],[116.07405041726352,-8.868415984188948],[116.07049352519628,-8.871848806765511],[116.0608541784169,-8.875663254418551],[116.05934467101771,-8.876429917753613],[116.05800654851582,-8.877461512719035],[116.0568868524825,-8.878721774965657],[116.05602494714482,-8.880166401218627],[116.05545113542475,-8.881744606505821],[116.05518559332714,-8.883400909291577],[116.0552376601797,-8.88507708179213],[116.05560550974127,-8.886714196932168],[116.05627621381896,-8.888254699991249],[116.05722619623896,-8.889644432106154],[116.05842206128565,-8.890834534473406],[116.07136114217845,-8.901495724997348],[116.07285225676182,-8.902493789307982],[116.0745138485605,-8.903180469943488],[116.07628014594668,-8.90352858551032],[116.08978946632362,-8.904830609008378],[116.0918478988869,-8.90479659855492],[116.09384530921535,-8.904303995448583],[116.09567839596744,-8.9033782761951],[116.10633950836203,-8.896379136796588],[116.10755653856789,-8.895421503863014],[116.10858960602907,-8.894272118848676],[116.10940819574928,-8.89296493463417],[116.10998812918422,-8.89153856510222],[116.11238416941636,-8.883773738814904],[116.15139148759395,-8.88459070074007],[116.16323276988217,-8.886855137566785],[116.17167618857444,-8.89383097903283],[116.18894004843723,-8.919297850874198],[116.19000643537592,-8.920591250726929],[116.19129739836457,-8.921666530182922],[116.19959848896646,-8.927362637859964],[116.20104379087235,-8.928171110186279],[116.20261427000383,-8.928705152217235],[116.20425706903191,-8.928946789783465],[116.20591689608246,-8.928887890164516],[116.20753788608297,-8.928530435855265],[116.21470002992525,-8.926252381070256],[116.21612153750968,-8.925664074193639],[116.21742142015448,-8.924846091860541],[116.22871466814749,-8.916322210141969],[116.23551913271685,-8.91494144311608],[116.23695014153718,-8.915418664389335],[116.2419171564244,-8.922504646371566],[116.24296522672844,-8.923743763008163],[116.2442217452442,-8.924776526440093],[116.2456457549662,-8.925569271969957],[116.25150486047852,-8.92817332490263],[116.25317565364416,-8.928729894968937],[116.25492395322722,-8.928955989794316],[116.25668344408585,-8.928843033460026],[116.27377383413886,-8.926075958171587],[116.2756497946529,-8.925562682363006],[116.31266233874379,-8.91104483842039],[116.32682518191781,-8.908199106574154],[116.33102117955113,-8.910076408395936],[116.3351586776585,-8.91636742382665],[116.33919582641855,-8.925051471390482],[116.34037623056284,-8.926933776558405],[116.34436320300964,-8.931816849582743],[116.34574238913987,-8.93317617218286],[116.34738402050165,-8.934212561221576],[116.34921208083607,-8.934878025471653],[116.35114191943815,-8.935141749713967],[116.35308417169809,-8.934991521930364],[116.3622803783927,-8.93328247582992],[116.36395946159273,-8.932800688280071],[116.36551345956754,-8.932009036153373],[116.36688440902358,-8.930937048253599],[116.36802117562019,-8.929624709600096],[116.37454572426265,-8.920423597249279],[116.37483273683563,-8.920448345299267],[116.37952196510307,-8.92643631957364],[116.3791455256909,-8.937288362313756],[116.37917160533287,-8.938338759151957],[116.38014832861434,-8.949894790843096],[116.38045122106892,-8.951558458028694],[116.38106559542808,-8.953136132128675],[116.38196950901506,-8.954571456215854],[116.38313067531223,-8.95581315775335],[116.38450761699958,-8.956816880353923],[116.38605114751938,-8.957546768512985],[116.39996742718608,-8.962592870937234],[116.40167399427357,-8.963030988685944],[116.40343415048056,-8.963134086204757],[116.40518114044598,-8.962898253599484],[116.40684870831652,-8.962332435147777],[116.40837361105703,-8.961458089988708],[116.4096980173721,-8.960308378094453],[116.41077170118221,-8.958926902429337],[116.41155394642091,-8.9573660550443],[116.41201509090696,-8.955685029880005],[116.41213765077504,-8.953947577688329],[116.41105772587244,-8.915793633798229],[116.41098994987078,-8.914923214120916],[116.40677985584021,-8.881978578344693],[116.40675647768751,-8.859779172508246],[116.42648096357216,-8.845098860088896],[116.45439286494383,-8.842748817962393],[116.45954686293949,-8.844559087123255],[116.45202515761402,-8.860842210066483],[116.4516646416196,-8.86175088858885],[116.44483990525116,-8.882166229954008],[116.42579908997531,-8.905021013982074],[116.42476493950173,-8.906563293933738],[116.42407411373827,-8.908282792194152],[116.42375617615811,-8.910105936166415],[116.42382473614421,-8.911954717433794],[116.42427686575569,-8.913750029479404],[116.42509322405738,-8.915415052582118],[116.42623888385413,-8.916878541043895],[116.42766482559611,-8.918077872052297],[116.44148698327287,-8.927453048537817],[116.44308260355064,-8.9283162479664],[116.4448206916027,-8.92884690297683],[116.44663106792555,-8.929023587164934],[116.47561776349389,-8.928960560919249],[116.47743890656437,-8.928773635352302],[116.4791847112949,-8.92822856110363],[116.48078377114796,-8.927347632995579],[116.51055321173166,-8.906790996577547],[116.52103808307457,-8.910441939223949],[116.5224810888572,-8.9108156475249],[116.52396661409115,-8.910950183252305],[116.52545432184768,-8.910841893427966],[116.56677726361256,-8.904417707493279],[116.56850927433356,-8.90397136747386],[116.57011850781669,-8.903197078333314],[116.57154204827522,-8.902125112867788],[116.57272424135385,-8.900797381867587],[116.59623289534154,-8.86842795174529],[116.597111679792,-8.866930424997493],[116.59768199032915,-8.865293668880172],[116.59792246468771,-8.863579003807505],[116.5978240982741,-8.861850668159912],[116.59739058084469,-8.860173411603856],[116.59663815759474,-8.85861006938554],[116.59559501996283,-8.857219208464981],[116.59430024906077,-8.8560529336479],[116.59280235137285,-8.855154935865254],[116.59115744160829,-8.854558855670987],[116.57607884465575,-8.85068115845327],[116.56577832097094,-8.842004385858488],[116.5641191294054,-8.840894596750282],[116.56225351977979,-8.840172631430654],[116.5528053626528,-8.837665093316808],[116.54831117583197,-8.831052390402869],[116.54725350053731,-8.829770414764182],[116.5459750231812,-8.82870278922533],[116.54451946702483,-8.827886024816985],[116.54293661007617,-8.82734805338975],[116.54128058297415,-8.827107272557654],[116.53960801815741,-8.827171916643437],[116.53797611355625,-8.827539775119497],[116.53644067695839,-8.828198268166432],[116.52479783647631,-8.834514132046872],[116.52334549817824,-8.835494602417878],[116.5221125144949,-8.836734125239664],[116.52114545108631,-8.838185890412362],[116.51574033311067,-8.84832530415125],[116.51535431881733,-8.846990041978778],[116.51726451052559,-8.834251315048128],[116.51734986152914,-8.83247275359473],[116.51707694541945,-8.8307127161481],[116.51030924036841,-8.804710465115075],[116.52612732771121,-8.784589790522555],[116.56152698292051,-8.751466283077496],[116.56246299868803,-8.750443971991546],[116.56322888957745,-8.749291613442407],[116.58952347795065,-8.702167385852846],[116.60733334887558,-8.67091143340903],[116.62671048851382,-8.639519590385307],[116.62728650951118,-8.638422268180866],[116.63540167430433,-8.6199384031065],[116.67522553917716,-8.580113643108639],[116.67623845858395,-8.578904516245661],[116.6884452591906,-8.561407294286647],[116.689255113453,-8.559983690332876],[116.68978960292633,-8.558438182599154],[116.69003090229228,-8.556822324031167],[116.69416092987349,-8.482851831068881],[116.69909447712531,-8.472797045471777],[116.70843513787543,-8.463890397918625],[116.70966753065952,-8.462435441082462],[116.74262595296867,-8.413850842348557],[116.74331202589028,-8.412647926259284],[116.7513687275358,-8.395557773776527],[116.75199119105989,-8.393759259024966],[116.75221531345495,-8.391871230546483],[116.75203097412609,-8.38997899424509],[116.74397314642292,-8.351161214180319],[116.7433062073281,-8.349170450050403],[116.74218898752056,-8.347388086665681],[116.7132987997419,-8.31149961035739],[116.7116051165023,-8.3098821710121],[116.67360148013985,-8.282050668371276],[116.67165152463551,-8.28096358800085],[116.63673916447634,-8.266803860036473],[116.63446044215358,-8.266208175746383],[116.59294419083558,-8.260938813541378],[116.57705424960947,-8.255977909244928],[116.55963816447179,-8.24390917937578],[116.5584079530235,-8.24319281397475],[116.54302720555842,-8.235786956172054],[116.54177601460651,-8.235294847774572],[116.54046483133837,-8.234992159169089],[116.4993001130814,-8.228640652426822],[116.42804921128723,-8.209353290572633],[116.39812661436157,-8.193247255102074],[116.39663492869433,-8.192608904929783],[116.3950518422714,-8.192245328109152],[116.39342855779731,-8.192168284098786],[116.37585095342003,-8.19290125362363],[116.37438468286302,-8.19308203784301],[116.37296777705261,-8.193496913606454],[116.28312634320861,-8.227920129110442],[116.28123060855906,-8.228916760797492],[116.26454775616325,-8.240390540869322],[116.26325724462369,-8.241468140191637],[116.17492343289815,-8.330448225364979],[116.16303626635684,-8.33941953386471],[116.13409068018532,-8.355128252738822],[116.13304993377632,-8.355788390405522],[116.11742505257104,-8.367262175856562],[116.11640337504946,-8.368136759476004],[116.11552484577902,-8.36915221053375],[116.10990977540669,-8.376721109289722],[116.10874646489151,-8.378837508356167],[116.10262892463001,-8.394771763877866],[116.1000985570384,-8.398019396985779],[116.09655410816725,-8.399385359694783],[116.06979137009343,-8.397320246633141],[116.0682940199954,-8.397327691027021],[116.06681844743662,-8.397579515335977],[116.06540512526381,-8.398068812453408],[116.04636443826121,-8.40646962919574],[116.04497754829399,-8.407232304494968],[116.04374680082108,-8.408223089940284],[116.04271010522592,-8.409411468572792],[116.02059981134919,-8.439781065986601],[116.019685012636,-8.44135179360174],[116.01910918454244,-8.443072715183783],[116.01889598543033,-8.444873139159958],[116.0190541782174,-8.446679107173598],[116.0297069603834,-8.502074370694913],[116.0303008177018,-8.50397643981529],[116.03130537631164,-8.505701485618374],[116.03267087438087,-8.50716404760606],[116.05461770215187,-8.525959061661718],[116.06357542570457,-8.578391366706812],[116.06165647068437,-8.637425288960412],[116.05449383216543,-8.671224969173071],[116.05432658891796,-8.672394401521437],[116.05124762014432,-8.71324235121056],[116.05130251218428,-8.71509292504851],[116.05174169334425,-8.716892687976852],[116.05254635032965,-8.718564521724486],[116.05368200831731,-8.720036788738973],[116.05510000756409,-8.721246402109507],[116.05673958816594,-8.722141529188661],[116.07936960284674,-8.731622848003008],[116.07270630277473,-8.73548056921198],[116.07110922344665,-8.736656153903288],[116.06981096521888,-8.73814854217515],[116.06515939234257,-8.744869901694278],[116.06163028112769,-8.736183474884129],[116.06124179458047,-8.735352862393091],[116.05855671967319,-8.730306918742503],[116.05750093511625,-8.728746126224177],[116.05613877369031,-8.727437562780626],[116.05453026063621,-8.726438889245692],[116.05274627467502,-8.725794111054128],[116.05086542509848,-8.725531639516248],[116.04150664619998,-8.725206642549153],[116.03969507854741,-8.725323827018483],[116.03794364127849,-8.72579608151438],[116.03632283051748,-8.726604397764257],[116.02883591516004,-8.731324303257574],[116.0272661022524,-8.732577725164678],[116.02188710051692,-8.737956642913025],[116.02085286302012,-8.738718664169598],[116.01607276652436,-8.737970396358106],[116.00561881069238,-8.734334309518474],[116.00432928102038,-8.733989100168689],[116.00300238626455,-8.733835312764832],[115.99547024667078,-8.733516097711687],[115.98730998614411,-8.729181000555592],[115.98577057679606,-8.728536468076094],[115.98413748768446,-8.728182845396903],[115.9824664605365,-8.728132202657033],[115.98081453176066,-8.728386268496088],[115.97923808605121,-8.728936371053585],[115.97779093221119,-8.729763733893268],[115.96365168447154,-8.739675343706098],[115.9520700559163,-8.744955016295252],[115.94156536646223,-8.745912756066367],[115.91891046535699,-8.744806970924559],[115.91808821917435,-8.744803780209585],[115.89761042112572,-8.745644105545091],[115.89601808507712,-8.742648233055496],[115.89326955037559,-8.730838250013834],[115.89281963452287,-8.729441084447998],[115.89214482040164,-8.728135345759142],[115.88709872237249,-8.720078446012105],[115.88605269330652,-8.718718271516455],[115.88476409472425,-8.717579512998427],[115.8832799483463,-8.71670372279666],[115.88165441004504,-8.716122857534058],[115.87994679395139,-8.715858112255953],[115.8782194085158,-8.715919147192007],[115.87653528341666,-8.716303735330571],[115.87495587017536,-8.716997843653488],[115.8677780125353,-8.72100387269115],[115.85112385988927,-8.71620633797429],[115.84946418895677,-8.715890704842096],[115.8477740908286,-8.715885650845966],[115.84611252610671,-8.71619135235324],[115.8445374602048,-8.716797144717567],[115.84310384155887,-8.717681894244185],[115.84186168498141,-8.718814735316908],[115.84085432697098,-8.720156146996207],[115.82608300781125,-8.744236860022749],[115.82530733231118,-8.745842739559055],[115.82486866982926,-8.747568616883875],[115.82174318235091,-8.768506551574028],[115.82168480394594,-8.768987475194006],[115.81962628189304,-8.790961434243014],[115.81969223936495,-8.793141208268107],[115.8202900271466,-8.795240420864445],[115.83091357410326,-8.820311652844161],[115.8317936089402,-8.821909417900045],[115.83298259552612,-8.823298183366793],[115.83443135076253,-8.824420498657371],[115.83607994373808,-8.825229935295367],[115.83786017506455,-8.825693007896753],[115.86443310825905,-8.829809127683694],[115.92380572398122,-8.862714044241748],[115.92511692771541,-8.863310202949256],[115.92650736224243,-8.863692859879468],[115.94262172815883,-8.866784925090952],[115.94439769820373,-8.866948779455381],[115.94617169946666,-8.866765357464597],[115.96057601975397,-8.863836284824366],[115.9620509173485,-8.86340448119692],[115.96343050874816,-8.862732150817644],[115.96467495022895,-8.86183871146645],[115.96770378806006,-8.859248410273413]]},"properties":{"i":8,"t":0.19999999999999996,"color":"#2f6f7e","alpha":0.8561302450242563,"width":0.6804}},{"type":"Feature","geometry":{"type":"LineString","coordinates":[[116.02043889808665,-8.356123087965717],[116.02069248542706,-8.357866573375436],[116.02128653158728,-8.359527074381637],[116.02219799889981,-8.361040183693877],[116.0265109531926,-8.36681826344299],[116.02776588673099,-8.368179920189302],[116.0292762498465,-8.369258234358265],[116.03097792831898,-8.370007430812175],[116.03279868503566,-8.370395705503062],[116.03466122695266,-8.370406575820013],[116.03648648688342,-8.370039580415106],[116.03819698066887,-8.369310298773593],[116.04275504122188,-8.366787246946801],[116.04391754101427,-8.366021444165554],[116.04494693696134,-8.365087627256461],[116.04909692452108,-8.360692558629163],[116.05021635567721,-8.35923179784827],[116.05101124093578,-8.35757591464783],[116.0514481913481,-8.355794473015631],[116.05150885577297,-8.353962310674941],[116.05093867106557,-8.34590632750562],[116.0506542560079,-8.344221881548929],[116.05005143168464,-8.342621629028399],[116.04915218026815,-8.341163913818825],[116.04798929039077,-8.339901882407437],[116.04660516140032,-8.338881546445668],[116.0450502574341,-8.33814010546497],[116.04338126768151,-8.337704590866617],[116.03483645698866,-8.336320618246251],[116.03305717848063,-8.336208684815182],[116.03129030113023,-8.336444444133843],[116.02960455201068,-8.337018725867482],[116.02806550316394,-8.337909191948736],[116.02673302140576,-8.339081205297662],[116.02565893984624,-8.340489176886768],[116.02488504165106,-8.34207833879898],[116.02097883868859,-8.352658259643174],[116.02053560099361,-8.354364243369924],[116.02043889808665,-8.356123087965717]]},"properties":{"i":8,"t":0.19999999999999996,"color":"#2f6f7e","alpha":0.8561302450242563,"width":0.6804}},{"type":"Feature","geometry":{"type":"LineString","coordinates":[[115.21278806955426,-8.752733891053358],[115.2123914357268,-8.748679772514715],[115.21899300121372,-8.735475400339517],[115.23461959279388,-8.729277176360783],[115.25636985716564,-8.72322307113882],[115.25787723257217,-8.722655830152245],[115.2592587710589,-8.721833070233153],[115.26047057511259,-8.72078093457268],[115.2753625546044,-8.70531768616276],[115.27677656593009,-8.703389475790333],[115.29823503641938,-8.663969266438595],[115.32854449644725,-8.630635854831764],[115.36810493342192,-8.604987542088157],[115.50188493172544,-8.556839074191647],[115.50328985953759,-8.556193495310467],[115.50456276215445,-8.555320293233214],[115.52173385815288,-8.541241042636369],[115.52297644123462,-8.540000760856657],[115.52395168534396,-8.538545381505944],[115.52462243005783,-8.536930364721586],[115.53043616184577,-8.517799239286093],[115.53598158304409,-8.515320234385994],[115.60552765551029,-8.50998919527677],[115.6073288329856,-8.509667223378209],[115.60902756116545,-8.508993154922013],[115.61055425075884,-8.507994603769811],[115.6212153127018,-8.499368449436833],[115.62213918238315,-8.498506982605614],[115.64563719584389,-8.473284787672378],[115.66302586594166,-8.463217894472054],[115.66417861206263,-8.462425611956254],[115.69640479728507,-8.436383146340916],[115.69713701395827,-8.435721926375214],[115.70739100501527,-8.425386759888275],[115.70872483316654,-8.423667434280434],[115.7096014330345,-8.421681219799416],[115.7228655360539,-8.377735938202454],[115.72319432193477,-8.37610796119024],[115.72321332186505,-8.37444791254634],[115.72292188514857,-8.372812987018937],[115.72233005651627,-8.37125951306826],[115.72145822954711,-8.369841012240586],[115.69834598036506,-8.33907943521455],[115.69734748028839,-8.337959356323433],[115.69617453081722,-8.337019287289117],[115.65810712423783,-8.311400485173618],[115.62575346368448,-8.282598120120975],[115.57218396006691,-8.216040088139884],[115.57122044513754,-8.215018028782415],[115.54143552667325,-8.188000482536287],[115.54038613563215,-8.187181198781277],[115.50750847145096,-8.165208613066062],[115.50596787493693,-8.164381862556773],[115.34141966909317,-8.095536312048381],[115.33975167385398,-8.09501969321586],[115.27213557304296,-8.081002815021694],[115.25697197722613,-8.072064928102101],[115.24154604662371,-8.060774047760212],[115.23962751211388,-8.059700667581314],[115.2189568626101,-8.051237848550352],[115.21726210995435,-8.050729886047433],[115.19488357925856,-8.046334989187159],[115.19301584200298,-8.046164699544343],[115.17275229514723,-8.046408699730607],[115.17080996517245,-8.046641861745575],[115.16896390443094,-8.047283668578055],[115.13201848959037,-8.064780319007607],[115.13073850245445,-8.065519824802248],[115.12959785724313,-8.066456588488462],[115.05738824824745,-8.136400802059336],[115.01888644685093,-8.164254230670705],[114.9834710284658,-8.171488572479918],[114.89293120423702,-8.171327173827452],[114.89133812960512,-8.171464209484546],[114.88979440728288,-8.171877063063517],[114.85753222699132,-8.183622359804504],[114.6944278379954,-8.126591571421397],[114.69335795134752,-8.126289143269352],[114.67504732857229,-8.122301244107339],[114.67399473195124,-8.12213569086641],[114.63560322385396,-8.118376409307213],[114.61652740686404,-8.113607728999988],[114.60284109705265,-8.103453379681342],[114.60120419492648,-8.102487481271751],[114.59939906803712,-8.101882968310663],[114.59750602678224,-8.10166673527226],[114.5956092920172,-8.101848402087061],[114.5937932488031,-8.102419886272761],[114.59213869287167,-8.103355762484883],[114.5669776616146,-8.121316312932555],[114.55575457479083,-8.124472450342683],[114.54511275638284,-8.120482036258009],[114.53455607108211,-8.108119745260057],[114.52529884837114,-8.09466938083359],[114.52429339052921,-8.093453566347746],[114.5230885306385,-8.092430712150172],[114.50998663389883,-8.08315288788183],[114.50847112457221,-8.082286038832478],[114.50681522951132,-8.081724774620467],[114.50508110330303,-8.081490162149978],[114.4818066224337,-8.080595203212749],[114.47972454276389,-8.080754216882157],[114.4506721683044,-8.08636911710304],[114.44892638039349,-8.086892190946736],[114.44732231580767,-8.087751782968159],[114.44592536480519,-8.08891285200882],[114.44479247602027,-8.09032806699535],[114.4439698350012,-8.091939736107172],[114.44349098121022,-8.093682158313147],[114.4390144084324,-8.120375034825567],[114.43889443026997,-8.122029398122912],[114.43908511648968,-8.123677250743258],[114.4595910148993,-8.22035761784162],[114.46013025725672,-8.222046205043714],[114.46099511908314,-8.223596539655022],[114.54164184982191,-8.339319997080652],[114.54230002356566,-8.340153890633866],[114.56744588172437,-8.368393314732744],[114.56857441849087,-8.36945908599446],[114.59884858136277,-8.393467522937652],[114.60010112781266,-8.394300953957693],[114.60147639720034,-8.39491659962575],[114.63598203265914,-8.40704188437854],[114.6375065373632,-8.40743348742024],[114.63907661371404,-8.407557419110168],[114.75504639735898,-8.40666946559846],[114.79378270934613,-8.41401469351444],[114.92247684563532,-8.475228879848071],[114.94747695355545,-8.492128975190488],[115.01648111398451,-8.555478461932637],[115.01785869834136,-8.556518746339622],[115.05292002747866,-8.578070380446574],[115.06955757907565,-8.590986992537733],[115.07643806576708,-8.60398489104931],[115.08160589292574,-8.61792018097872],[115.08233102670923,-8.619424499134665],[115.08332583657823,-8.620769701156906],[115.09658977249396,-8.635581928041839],[115.09774682341086,-8.636664729576061],[115.12623100669464,-8.658963138262127],[115.12824829453687,-8.660156944771687],[115.13622343207379,-8.663575019548203],[115.13709933160429,-8.663898353082695],[115.14517156300737,-8.666416506250929],[115.14917461058668,-8.668527783018213],[115.16417370204147,-8.700326965248022],[115.1648186758526,-8.701468178075768],[115.16905464108737,-8.707822791341474],[115.17685838082807,-8.723634509688695],[115.17321871671187,-8.743512963689563],[115.16304447969583,-8.763787185210637],[115.15351296283299,-8.774940722024478],[115.11096701669992,-8.795352868785022],[115.10954901777028,-8.796199639862992],[115.08887920724595,-8.81125535928318],[115.08755930355721,-8.812430777847856],[115.08649719637246,-8.813838357406528],[115.08573381868176,-8.815423854639501],[115.08529859265248,-8.817126169201732],[115.08520829529944,-8.818879698136453],[115.08593992923596,-8.834097709447162],[115.08618483806305,-8.835781739255427],[115.08674803662919,-8.83738946857868],[115.08760914936643,-8.83886272128547],[115.08873701959678,-8.840148186665925],[115.0900908365975,-8.84119934871199],[115.10856504739438,-8.852918582795306],[115.10983384838163,-8.853589112068939],[115.11119415877859,-8.854052503393135],[115.13227160987705,-8.85942363157005],[115.13410819532604,-8.859697146124697],[115.15697673873885,-8.860755178054523],[115.1579063089238,-8.860750943440934],[115.18142586848566,-8.859447919851624],[115.18306622882065,-8.859206639301465],[115.1972265394159,-8.855789565142745],[115.19843601427199,-8.85540706987063],[115.21658435575432,-8.84824491785539],[115.21800050950297,-8.847538042893135],[115.23378871019926,-8.837853852359729],[115.23543367724206,-8.836560961403906],[115.23673250829806,-8.834928026766297],[115.24324237619089,-8.824429897133486],[115.24391885059515,-8.823102636202838],[115.2443635852779,-8.821683012102278],[115.24456430461268,-8.820210217975308],[115.24700416755444,-8.77268415069782],[115.24695025550511,-8.771156592065333],[115.24663395705208,-8.769660414808314],[115.24109957367617,-8.751431533306832],[115.24046090721566,-8.74987599534416],[115.23953939520915,-8.748465815954654],[115.23836750384471,-8.747250673253285],[115.23698651854133,-8.746273374112446],[115.23544508945011,-8.745568346379454],[115.23379751771508,-8.74516042627041],[115.2321018428431,-8.745063983622144],[115.23041779851097,-8.745282415788559],[115.22880470875512,-8.74580802799182],[115.21278806955426,-8.752733891053358]]},"properties":{"i":8,"t":0.19999999999999996,"color":"#2f6f7e","alpha":0.8561302450242563,"width":0.6804}},{"type":"Feature","geometry":{"type":"LineString","coordinates":[[115.54608222101139,-8.658198554903768],[115.53378891019483,-8.664298796468673],[115.51938556085517,-8.6614141091947],[115.51777130691002,-8.661237809865712],[115.51615117858066,-8.66134966348805],[115.51457738045123,-8.661746065858976],[115.51310062453668,-8.662414243873929],[115.51176849650982,-8.663332667027518],[115.50118855238918,-8.672121510629411],[115.49989471588613,-8.673443291180618],[115.4642503949118,-8.718283646395374],[115.46348733019599,-8.719409595904771],[115.46290512706632,-8.720636577398583],[115.45981197313611,-8.728692510616186],[115.45936719972035,-8.730276720992752],[115.45922331025344,-8.731914635254126],[115.4593851705356,-8.733550909621291],[115.45984731525897,-8.735130255026496],[115.4605941321607,-8.736599305345415],[115.46160038910601,-8.73790842074158],[115.4628320863513,-8.739013365170997],[115.46918013821382,-8.743733453137706],[115.4705707027428,-8.744584556477873],[115.47209356329313,-8.745174347842088],[115.48353137315164,-8.748461154518845],[115.49834912113754,-8.766547608868912],[115.5002149348754,-8.768261760857044],[115.55563549436071,-8.80634849034978],[115.55687231076206,-8.807061921137477],[115.55820752236762,-8.807573624357207],[115.58628410581558,-8.81587480863535],[115.58798489341504,-8.816206347636502],[115.58971844778469,-8.81621136110494],[115.59142116730803,-8.81588966511876],[115.59303058189597,-8.815253062226375],[115.59448764536664,-8.814324908339925],[115.59573890208117,-8.813139255681223],[115.61363339293428,-8.792583851332436],[115.63071068724295,-8.775125313823763],[115.6318760514944,-8.773652725526695],[115.63270620746265,-8.771972882152498],[115.63316488877363,-8.770159179114627],[115.63323206050376,-8.768290859324265],[115.63290479363398,-8.766449550803575],[115.62443117617123,-8.737167741460736],[115.6237079105359,-8.735404290707855],[115.62262360006375,-8.733831972785444],[115.60567979101171,-8.714142567914566],[115.59764338512146,-8.692574922741237],[115.59666917875337,-8.690686846435826],[115.58060592251053,-8.66699115396359],[115.57956534707314,-8.665723635536674],[115.57830907388382,-8.664664195824669],[115.57687895159383,-8.663848125289784],[115.57532261884927,-8.663302607454174],[115.55237410844525,-8.657524736388188],[115.55078054574773,-8.657270370825144],[115.5491666246948,-8.657300016306996],[115.54758372044296,-8.657612729149669],[115.54608222101139,-8.658198554903768]]},"properties":{"i":8,"t":0.19999999999999996,"color":"#2f6f7e","alpha":0.8561302450242563,"width":0.6804}},{"type":"Feature","geometry":{"type":"LineString","coordinates":[[113.49097467504617,-7.7064249888440575],[113.49095868422444,-8.413798714510845],[113.4911563222106,-8.415659675107124],[113.49174120728865,-8.417439209352816],[113.49268773357724,-8.419059394536317],[113.49395445820072,-8.420449284543661],[113.49548591541821,-8.421548016792988],[113.522678229902,-8.437043353630182],[113.52443922049295,-8.4378128032522],[113.52632501907769,-8.438196084382303],[113.53999632559953,-8.439498137787178],[113.54216801062206,-8.439445653436914],[113.57161654765291,-8.435196081346716],[113.57350111095136,-8.436075528942117],[113.58371632395831,-8.447884440748556],[113.58497809781944,-8.449085085115012],[113.59132512740213,-8.454049177977012],[113.59313083950128,-8.455148007070045],[113.5951456582595,-8.455800785151704],[113.62521848343398,-8.46179973153431],[113.63445357638734,-8.465757473666454],[113.65096102883082,-8.489959816266909],[113.6520015229862,-8.491220459674352],[113.65325581798547,-8.49227376892383],[113.66741592686434,-8.502120964389134],[113.66935606300824,-8.50314659994037],[113.67148925780363,-8.503678618655202],[113.68784662173896,-8.50571269108316],[113.68987764998853,-8.505737869367746],[113.69186314034144,-8.505314171301887],[113.70084900569502,-8.502319208953468],[113.70514670782578,-8.501705129602625],[113.7124008080432,-8.506496502465033],[113.71269235780947,-8.507834860396889],[113.71075891016845,-8.523595421161716],[113.71071790408561,-8.525334359453556],[113.71101812363726,-8.527048242185746],[113.71164821483629,-8.528672226523701],[113.71258434266059,-8.530144870006168],[113.71379109227716,-8.531410455325394],[113.71794210091477,-8.534991518880249],[113.71961462726712,-8.536134493744],[113.72150312653295,-8.536879162609413],[113.72351215655924,-8.537187890096162],[113.74133456775841,-8.537919934930239],[113.74261137403147,-8.537883082105473],[113.7516445838695,-8.536988075385803],[113.75337255190999,-8.536646245819123],[113.75500068565653,-8.535979580370872],[113.7564671713023,-8.535013389654061],[113.76029220173272,-8.531921335845249],[113.76141998714886,-8.530834547115958],[113.76234002355214,-8.529570803775158],[113.76666345432612,-8.522386262237823],[113.77728855828593,-8.516341867239394],[113.79266379302685,-8.511802178298758],[113.80325202628072,-8.510457801674445],[113.80534580795974,-8.512284206548445],[113.80990936942771,-8.543059733749176],[113.81023116542212,-8.544447973680256],[113.81486985711726,-8.559015055955665],[113.81558457705934,-8.560661677418134],[113.81661698132028,-8.562134348882864],[113.81792562215085,-8.563373942152],[113.81945795928324,-8.564330686560792],[113.82115246934262,-8.564966167602805],[113.82294111623243,-8.56525486960112],[113.82475208326395,-8.565185200429521],[113.82651265724884,-8.564759957094996],[113.82815214864438,-8.56399621346146],[113.82960473038413,-8.562924634619334],[113.83081208130208,-8.56158824544971],[113.8317257279332,-8.560040702866667],[113.8333284881213,-8.556567155238822],[113.83374112209871,-8.556221080767026],[113.83668003064948,-8.554485299563277],[113.83757504909627,-8.553820692821088],[113.84814888865658,-8.56211423220768],[113.85017863395191,-8.563315721629312],[113.87605805409517,-8.574383984826751],[113.87703987469378,-8.574738779802214],[113.90300138064097,-8.582469983535285],[113.90411983854551,-8.582727730250362],[113.9213722167355,-8.585575818640626],[113.92305517810301,-8.585695854622784],[113.92473141722931,-8.58550475952466],[113.93563666163026,-8.583226722136054],[113.93769156351526,-8.582534156337475],[113.95728163306416,-8.573205299992036],[113.96304410434982,-8.571904472930202],[113.96451627818828,-8.57269715897391],[113.96418350273335,-8.578199528424882],[113.96053659122661,-8.591115779061377],[113.9602618064309,-8.592506363120332],[113.95904056437978,-8.60308532100219],[113.95900634035247,-8.6047521340946],[113.95928564540058,-8.60639625249484],[113.95986877678419,-8.60796053798625],[113.96073547226553,-8.609390626090004],[113.9726983038269,-8.62550383899151],[113.97399321853356,-8.626907015612582],[113.97555870807058,-8.628008176530217],[113.9773241513022,-8.628757645307038],[113.97920990491448,-8.629121610917565],[113.98113089682776,-8.629083653390389],[113.99602424256837,-8.627212629860992],[113.99755830643826,-8.626884176442006],[113.99901185437393,-8.626298522281694],[114.01568539415071,-8.617844542607683],[114.03126130697052,-8.613579162473096],[114.03482008312854,-8.615160852403417],[114.04266155203155,-8.6310514679663],[114.04369458351125,-8.63267547879681],[114.04505423751873,-8.634044297763484],[114.04667794594351,-8.635094931543078],[114.05522306779369,-8.63940802794165],[114.05770889684368,-8.640240125174607],[114.0932726738464,-8.646669314792677],[114.09465464536203,-8.646811848655044],[114.10376985843472,-8.64705586565522],[114.10545456715305,-8.646945133744941],[114.10708913040617,-8.646526862206107],[114.15020424619728,-8.631122635185488],[114.17069716050484,-8.629180590781807],[114.17936448554613,-8.64031535592872],[114.18002757334769,-8.641074898503625],[114.19052554332937,-8.651817071204166],[114.19186872132349,-8.652946854558706],[114.19340813023858,-8.653797546483425],[114.19508526579656,-8.654336816141504],[114.1968363883198,-8.65454416818673],[114.19859494557036,-8.654411721875825],[114.20029410260143,-8.653944510674066],[114.22413856655204,-8.644830334956737],[114.22571245935056,-8.644046765267886],[114.26424971798184,-8.619941365927692],[114.30056444649257,-8.620809828976496],[114.34460555184542,-8.640087163566132],[114.37692220469035,-8.66930464694948],[114.38226274293861,-8.697770894295381],[114.36287439175065,-8.720578799356552],[114.36198186627757,-8.721832955752847],[114.3613191911833,-8.723219353866865],[114.36090584653279,-8.72469724429507],[114.3580575086012,-8.739834165130876],[114.35790759214882,-8.741685730791044],[114.35814790108499,-8.743527951980202],[114.35876807497078,-8.745281362249328],[114.35974136657417,-8.746870325034307],[114.36102579485761,-8.74822629657167],[114.36256595538607,-8.749290782996324],[114.36429541014482,-8.750017863996382],[114.38626884733365,-8.756691031746602],[114.38790938843955,-8.7570287744691],[114.38958482786502,-8.757061768067773],[114.4448226088425,-8.75307647131096],[114.46531600401681,-8.756816169868399],[114.55240924550236,-8.786385723161311],[114.5541134578633,-8.786786917601015],[114.55586397297598,-8.786856098434573],[114.59769496475505,-8.784496077589456],[114.59959044605537,-8.784187208545958],[114.60137726358118,-8.78348991533904],[114.60297490106649,-8.78243561896821],[114.6043113685029,-8.781071827316394],[114.63189814574288,-8.746159317454444],[114.63289844767979,-8.744577022636857],[114.63354483113376,-8.742824051063288],[114.63380917109768,-8.740976690340606],[114.63470458602221,-8.716399650546297],[114.63459153531996,-8.714632647531236],[114.63412853759631,-8.712922292010955],[114.63333374214278,-8.711335612142987],[114.62324253217113,-8.695385802517407],[114.6219410061337,-8.693776241705374],[114.61086588858335,-8.682923622532957],[114.60560614265762,-8.67189898601248],[114.6047822770561,-8.670511376807532],[114.59648115760953,-8.659036528229406],[114.59528688402412,-8.657693037075845],[114.59384607615789,-8.65661133070192],[114.59221635377872,-8.655834666424969],[114.54011239610342,-8.637084050865731],[114.51579975497279,-8.620928418843683],[114.51441460595125,-8.62017271499993],[114.51291747000269,-8.619667148351876],[114.50022173588465,-8.616574228250984],[114.49835438860342,-8.616319266107823],[114.47982700545754,-8.615716823700627],[114.46618602906194,-8.610642993901855],[114.45247185640449,-8.59720989601063],[114.4411335999214,-8.57883217422588],[114.43519043676172,-8.561076935374505],[114.43646052066252,-8.497015206451994],[114.43638503177615,-8.495673675215542],[114.43215329754439,-8.46385374108009],[114.43170272035601,-8.462009231348896],[114.4308688339026,-8.460300264367438],[114.42968918209853,-8.458803772651532],[114.41211113773234,-8.440819059746607],[114.41075638764042,-8.439681415498228],[114.40920284343242,-8.438827837121714],[114.40751051632512,-8.438291296348735],[114.40574477734319,-8.438092518287226],[114.40397383259572,-8.438239181038083],[114.40226608915881,-8.438725619198012],[114.4006875132146,-8.439533042685657],[114.39929908239462,-8.44063026244208],[114.39815443064764,-8.44197489499649],[114.39729777654486,-8.443514999405835],[114.39676221502266,-8.445191083384655],[114.39656843856697,-8.446938401182107],[114.39608542089636,-8.49105672760653],[114.39268426896378,-8.512712935209189],[114.3882688574572,-8.516716355352493],[114.38507221799917,-8.514414788508638],[114.38239869308853,-8.49759566421025],[114.38062831334837,-8.45287013168611],[114.38034945094104,-8.450989302054015],[114.37967499227317,-8.449209255722812],[114.3687665051349,-8.427704109081875],[114.36702394066155,-8.41860373668813],[114.36762649660342,-8.410361237039755],[114.3723828862852,-8.388004866289396],[114.37254544134021,-8.386905820962598],[114.37494528798409,-8.358415511100043],[114.4135902779227,-8.16047196959032],[114.45546658130638,-8.016733290047664],[114.45581970306237,-8.014345900600846],[114.45630663275502,-7.966657844779835],[114.45602439833192,-7.964347279281039],[114.4542342547344,-7.957429312116713],[114.45386897465893,-7.956322850135085],[114.45114956767924,-7.949601728544574],[114.44932516552933,-7.942693129509253],[114.44944870754841,-7.934115804935764],[114.45271506817859,-7.924765472308567],[114.46477417897496,-7.907635308588398],[114.46582772681653,-7.905644899034442],[114.468676595696,-7.8980768338583145],[114.46914956289957,-7.896252735355796],[114.47541466506566,-7.854016559437639],[114.47550434986233,-7.853048063236816],[114.47631787044799,-7.8313190251159295],[114.47623524864191,-7.829736114232941],[114.47587185795673,-7.828192495176068],[114.46879144572048,-7.806871627814432],[114.46797390537336,-7.805092964532636],[114.46678592689875,-7.803532671029325],[114.45254388046986,-7.788558899922965],[114.45150880108594,-7.787627082572052],[114.45034088444626,-7.786864832718058],[114.41192321295499,-7.765822269735839],[114.39480128126563,-7.7512810001391],[114.39299345141006,-7.750086797591509],[114.38518055770804,-7.746179880714047],[114.38357769000686,-7.745560305791647],[114.3818853170656,-7.745253315080454],[114.37041156242579,-7.744277348158864],[114.36917100848918,-7.744256609906303],[114.34766704844921,-7.745363126515264],[114.33627162060732,-7.744366339592298],[114.32907515074663,-7.74209345920683],[114.31570699714298,-7.733612703661901],[114.27990537647554,-7.699090142942547],[114.27833883006686,-7.697881328415521],[114.27654349820581,-7.697041157533852],[114.26148875987433,-7.691914279446629],[114.25943729349078,-7.6914714917151334],[114.25733813604586,-7.691510379121348],[114.23560960119742,-7.694440337898705],[114.23449481790018,-7.694662262943629],[114.19491049333294,-7.705149255368544],[114.17406835697746,-7.704578306274604],[114.14516752599796,-7.693121592885608],[114.12351974118071,-7.674405744541136],[114.08440747243645,-7.625254946781031],[114.08327746835423,-7.6240738727325],[114.08195022908158,-7.623115300709329],[114.05021256450667,-7.6043166817904755],[114.04869851185285,-7.60359990484624],[114.04707677577397,-7.60317332982235],[114.04540342776909,-7.6030517052297295],[114.04373632339359,-7.603239235974547],[114.01427693324813,-7.609343139224756],[114.01284038985936,-7.609766773647708],[114.01149444257636,-7.610420250823845],[114.01027622700498,-7.611285540989269],[113.94033791458287,-7.670247177564882],[113.92828207305558,-7.67509698650149],[113.90954289949732,-7.6771222392269465],[113.88802350703837,-7.674273404593247],[113.8723097236164,-7.66944973883087],[113.87023434370127,-7.6690686560788635],[113.85534166120239,-7.668092699318424],[113.85369564106993,-7.66813397235839],[113.85208461820982,-7.668470915973962],[113.85056221926718,-7.669092314027243],[113.832984488533,-7.678206150673188],[113.83149934715179,-7.679171634879714],[113.83023384389874,-7.680406690659028],[113.81008198134022,-7.7043822043623535],[113.79953137675905,-7.7136471627030145],[113.78545070054028,-7.7172149022026915],[113.76529651019332,-7.714131149300066],[113.7261024084687,-7.699871603994037],[113.72363294812075,-7.699346050654735],[113.70060343904407,-7.697718123220957],[113.69908185829652,-7.697737954463937],[113.69758529774761,-7.698010797988797],[113.68855248057517,-7.700452758358522],[113.68721861345479,-7.700927658618268],[113.66836499977462,-7.709349481263927],[113.65881177825628,-7.711080361673028],[113.52994098985357,-7.6915329182845635],[113.52861588450342,-7.691429818205602],[113.52728989275388,-7.6915206732071395],[113.50328340993566,-7.694938638756458],[113.50160017723864,-7.6953446849868765],[113.50002629866628,-7.696061923326813],[113.49545836356992,-7.698696877144516],[113.49394084212165,-7.699796806853638],[113.49268632216265,-7.701184447511334],[113.49174925968786,-7.7027995674797225],[113.4911703326921,-7.704572060586619],[113.49097467504617,-7.7064249888440575]]},"properties":{"i":8,"t":0.19999999999999996,"color":"#2f6f7e","alpha":0.8561302450242563,"width":0.6804}},{"type":"Feature","geometry":{"type":"LineString","coordinates":[[117.4941419872341,-8.268224818954492],[117.49414123638496,-8.319455930394039],[117.49086905234903,-8.326783832160311],[117.48096556384644,-8.339493523165173],[117.48038594167421,-8.340399888081222],[117.47998505498633,-8.341396379320312],[117.47977663171493,-8.342448876732453],[117.4790445241604,-8.349609874161741],[117.47903212066664,-8.350638533995765],[117.47920375547389,-8.351653159396129],[117.47955402287975,-8.352621786189651],[117.48007188942033,-8.353513899100498],[117.48772183576877,-8.364337996601733],[117.48849010673436,-8.365220727875077],[117.48942130112042,-8.365933680476394],[117.49689736789654,-8.370549734297148],[117.49791127882659,-8.371048193881881],[117.49900318112648,-8.371344459057049],[117.50013230386672,-8.371427467579704],[117.50125648620057,-8.371294120098256],[117.50233375183345,-8.370949395874632],[117.5033238765882,-8.37040616681666],[117.5041898904986,-8.369684716772115],[117.50489945831447,-8.368811984047388],[117.50542608685532,-8.367820555452113],[117.50575011412772,-8.366747449450406],[117.50585944328809,-8.365632733872115],[117.50585657230934,-8.173159958422563],[117.50573539220849,-8.17198688435189],[117.5053768122227,-8.170862369880942],[117.50479567653342,-8.169832960782053],[117.50401604079629,-8.16894126592925],[117.50307017625745,-8.168224193770751],[117.50199723394249,-8.167711424770038],[117.50084162421298,-8.167424183016283],[117.4996511787468,-8.167374357824087],[117.49847517098303,-8.167564011662279],[117.49736227691746,-8.167985294770395],[117.49126932991362,-8.171027250022732],[117.4898680377825,-8.172005022614428],[117.48278803345946,-8.178677950734903],[117.48201272041013,-8.179574558521212],[117.48143697348326,-8.180607982965041],[117.47622882697665,-8.19273392346439],[117.47593097622934,-8.19361946975447],[117.47578061135263,-8.194540839332523],[117.47464040072344,-8.208700838871717],[117.47462991191752,-8.209464383299505],[117.47682730249545,-8.250968463062994],[117.47697795040582,-8.25200505145048],[117.47731466104938,-8.252997891347432],[117.47926761682572,-8.257392921290764],[117.47977724458464,-8.258306427674304],[117.48044415712506,-8.259114715176226],[117.48124673959823,-8.2597915859681],[117.48215897947681,-8.260315101551093],[117.48666587879845,-8.262389669898022],[117.4941419872341,-8.268224818954492]]},"properties":{"i":9,"t":0.09999999999999998,"color":"#2f6f7e","alpha":0.9288661845793069,"width":0.77805}},{"type":"Feature","geometry":{"type":"LineString","coordinates":[[117.50586960044068,-9.022797018555513],[117.50586024567824,-8.418872723141549],[117.5057465815908,-8.41773610730972],[117.5054097599979,-8.416643603483822],[117.50486286241629,-8.415637636752187],[117.50412712775838,-8.414757271437383],[117.5032311274034,-8.41403669422943],[117.50220965563675,-8.413503886748193],[117.50110237855107,-8.413179539060707],[117.49995229386359,-8.41307624632358],[117.46981176808595,-8.413317462577005],[117.45844607203988,-8.409055204448993],[117.45054029067714,-8.403810532608421],[117.44947607223804,-8.403252000505026],[117.4483188670167,-8.40292052350532],[117.44711758461274,-8.4028301116961],[117.44592299738058,-8.402984586511407],[117.44478559480855,-8.403377419212148],[117.44022863842328,-8.405493387059822],[117.43916555000973,-8.406131133067388],[117.43826242511584,-8.406976359585675],[117.43755992063844,-8.407991017454917],[117.4370896629616,-8.40912942990367],[117.43687282401253,-8.41034034863484],[117.43561188511565,-8.428384710720735],[117.43231995893404,-8.44001551493951],[117.42612278000753,-8.450344204782064],[117.42552306618656,-8.451725895703698],[117.42210489826157,-8.463688858997502],[117.421894943949,-8.464911739545629],[117.42195291359101,-8.466150800879964],[117.4222761547642,-8.467349295486349],[117.42344701392257,-8.470353631585303],[117.35613627257399,-8.441649862452357],[117.31956529940884,-8.415024371057406],[117.31878789565083,-8.414546130718676],[117.29045205122831,-8.400016739914296],[117.27721833054355,-8.390506798702626],[117.276035456335,-8.389848849168464],[117.26423559957017,-8.384965907107837],[117.26331982965993,-8.384671747678485],[117.26236772436482,-8.384529897374659],[117.2298991661153,-8.3823655772789],[117.21902246801126,-8.379794649052645],[117.19978469088026,-8.35414544112372],[117.19894370775512,-8.353242353197203],[117.19792929657517,-8.352534773829163],[117.19678697941094,-8.352054455497402],[117.19556801744795,-8.351822952365278],[117.19432711089365,-8.351850653144185],[117.19311994464465,-8.35213631493908],[117.17192652095676,-8.35957354634519],[117.13927365232283,-8.366329395638648],[117.13781476332112,-8.366837467481087],[117.11502796770603,-8.378311301181204],[117.11400166268498,-8.378969759373296],[117.11313592180606,-8.37982464948567],[117.11246847565015,-8.38083871512896],[117.1120284137179,-8.381967762619686],[117.11183491647456,-8.383162586843234],[117.11189641911814,-8.38437111558016],[117.11221024356904,-8.385540678862357],[117.11886698947592,-8.402822827685963],[117.08733305341796,-8.420159545832103],[117.08666508358509,-8.420587930113168],[117.02874616631088,-8.463519900745865],[116.98212899811088,-8.490466241495099],[116.88894176289325,-8.520669767975125],[116.87925382146875,-8.522431124838445],[116.86721032170684,-8.521861040189744],[116.86037835338993,-8.519024814480288],[116.84194639921597,-8.503495779539419],[116.84102593343768,-8.5028599307989],[116.83999976410419,-8.50240930429792],[116.83890554226855,-8.502160433883528],[116.83778341558643,-8.502122450835632],[116.8366745554577,-8.50229674886559],[116.83561964662553,-8.502676932973293],[116.83465739461452,-8.503249054039957],[116.83382310573656,-8.503992120556719],[116.83314739173942,-8.504878868726285],[116.83265504661016,-8.505876762698644],[116.83236413674473,-8.506949188259167],[116.83228533787866,-8.508056796187779],[116.83347711305545,-8.553916135139513],[116.82763928045154,-8.569807807432246],[116.78886092524823,-8.578036371283257],[116.78785576050849,-8.57834515846581],[116.78692264325863,-8.578826680156878],[116.78609165073124,-8.579465415671402],[116.78538956878202,-8.580240776790978],[116.78483902851504,-8.581127771308582],[116.74326411410517,-8.66396725892032],[116.74286977582086,-8.664982215835606],[116.742674109714,-8.666052118988587],[116.74268400115027,-8.667139328463],[116.74289910387925,-8.668205595172756],[116.74331185197346,-8.669213406511998],[116.74390772578403,-8.670127306137687],[116.74466576258848,-8.670915141445729],[116.74555929398774,-8.67154919484077],[116.76641288411204,-8.683590008556429],[116.76647622977448,-8.704374796886803],[116.75838068093874,-8.73680000800218],[116.75821179026165,-8.738040321805215],[116.75831620391226,-8.739287568011882],[116.75868905741318,-8.74048360787631],[116.75931297291329,-8.741572689059678],[116.76631592270445,-8.751198776768073],[116.76715398070989,-8.75212311852271],[116.76817192723709,-8.752849968648988],[116.76932309729666,-8.753346006185732],[116.7705547178267,-8.753588491254511],[116.77181032721867,-8.753566307639343],[116.7879694418017,-8.751557081230475],[116.79234461645193,-8.75758651481793],[116.7970126617372,-8.766700688638617],[116.79889233996529,-8.773243845090775],[116.79931982047353,-8.77431388908607],[116.79995271199994,-8.77527944607257],[116.80304569886563,-8.779104483026797],[116.80365116553527,-8.779746778923231],[116.80434782819236,-8.780291370029797],[116.81063003882728,-8.78447923083859],[116.8160119444901,-8.790181638172706],[116.81831877377135,-8.79869935953515],[116.81280375120674,-8.813097382266685],[116.77572156909466,-8.820670287584441],[116.774715561578,-8.820970665361873],[116.77377994647908,-8.821443587373818],[116.77294475027895,-8.822073876465982],[116.77223677715445,-8.822841305088401],[116.75440185684481,-8.84604705716217],[116.73101688641661,-8.86931212926288],[116.73032546355353,-8.870141219392584],[116.7298007753625,-8.871082136127084],[116.72946084429444,-8.872102562445622],[116.7293173473871,-8.873167450181716],[116.72937521500006,-8.874240223764522],[116.7308080708834,-8.883864251739725],[116.73084952914081,-8.884106831838183],[116.73510420751745,-8.906140909641428],[116.73539950865414,-8.907156332451436],[116.74130154014962,-8.922143096521221],[116.72639125852423,-8.943199168450219],[116.7257641882061,-8.944337351817193],[116.72540876914705,-8.945584714797215],[116.72266051400766,-8.962158685332339],[116.72259137434119,-8.963398714122938],[116.72279124641418,-8.964624849859044],[116.72325095829949,-8.965780810723498],[116.72394941045084,-8.966813535578998],[116.74058371136559,-8.986467266178535],[116.75328902574056,-9.007171660937715],[116.75758556683697,-9.017720865537957],[116.75814776921104,-9.018773732421366],[116.75891586596777,-9.01969101608299],[116.75985747261134,-9.02043404048234],[116.76093288809034,-9.020971476825448],[116.76209676879478,-9.021280664642891],[116.76330004059939,-9.021348567351495],[116.76449196829579,-9.021172321987281],[116.77269307601007,-9.019091423132506],[116.80267492220115,-9.040971851254778],[116.80353312394287,-9.041492041101563],[116.80446871720793,-9.041859739058287],[116.82660402948447,-9.048450821002955],[116.82764187647838,-9.048661205321457],[116.84902106750806,-9.051037211428122],[116.90460536327524,-9.068920485728356],[116.9062904330215,-9.069204036426827],[116.92810077663499,-9.069692026103546],[116.92927637819777,-9.069601320082807],[116.94826158895185,-9.066216822747654],[116.96737480924106,-9.076315776129816],[116.987433597059,-9.089470282823319],[117.00518706996299,-9.11095692105914],[117.00599478562587,-9.11175970769699],[117.00694506301147,-9.112392291739724],[117.00800169155107,-9.112830568121089],[117.00912440759775,-9.113057835985954],[117.0102704288734,-9.113065435159008],[117.07183537814953,-9.107511296319768],[117.0724048959054,-9.10743193773045],[117.12790670447808,-9.096933731180775],[117.12907515287257,-9.09658504662939],[117.13014527681683,-9.096005316344245],[117.13107080967808,-9.095219605293876],[117.1452387712269,-9.080396450436737],[117.14553317549333,-9.080063890025608],[117.15802909153152,-9.064811746984846],[117.1584769612818,-9.064184212095496],[117.17544353959852,-9.036709383486293],[117.19353782482231,-9.029525137168081],[117.2251452118486,-9.029575688238985],[117.27192309563513,-9.045712011982085],[117.27238377839686,-9.045850239470877],[117.29874835054402,-9.052607076241085],[117.33209586611926,-9.064790033857285],[117.33339827026673,-9.065104581061101],[117.33473895145897,-9.065119140115403],[117.38947578583146,-9.059503996806706],[117.39046775432408,-9.05931588888521],[117.47547449428026,-9.035542480895522],[117.50157243225553,-9.028381302195525],[117.5025893922735,-9.027998812950138],[117.50351733601663,-9.027437505285304],[117.50432436399227,-9.026716675409723],[117.50498273391287,-9.025861103279512],[117.5054698143656,-9.0249002006521],[117.50576886270528,-9.023866999928194],[117.50586960044068,-9.022797018555513]]},"properties":{"i":9,"t":0.09999999999999998,"color":"#2f6f7e","alpha":0.9288661845793069,"width":0.77805}},{"type":"Feature","geometry":{"type":"LineString","coordinates":[[117.34352810770929,-8.15994028976733],[117.34357222556909,-8.161027401575284],[117.3438208415111,-8.162087193358682],[117.34426519697959,-8.16308232279017],[117.34488963610849,-8.163977725703464],[117.34567215721249,-8.164741851679755],[117.34658518795122,-8.165347775844387],[117.347596556863,-8.165774147683457],[117.34867062703357,-8.16600594343245],[117.34976955193996,-8.166034995512197],[117.35623417108941,-8.165603778472946],[117.35917128430178,-8.167665072510015],[117.36002096558651,-8.168160621591761],[117.3609426279862,-8.168508027413358],[117.36867473241169,-8.170705051241722],[117.36963079480971,-8.170893167698742],[117.37060514772979,-8.17092173351898],[117.37825425829288,-8.170514719298255],[117.37935027890333,-8.170352469050528],[117.38039580008264,-8.169988787962128],[117.3813533841443,-8.169436698805482],[117.38218874264331,-8.16871597075461],[117.38501533089237,-8.165767049795988],[117.38610409358837,-8.16595381428943],[117.38734890140375,-8.16590263046619],[117.38855461011673,-8.165592004204825],[117.39839125747096,-8.161913808792512],[117.4065150965378,-8.159444640055808],[117.40740019711718,-8.159095356512683],[117.40821635520815,-8.158608643151187],[117.41358737896783,-8.154783595051887],[117.41434829177015,-8.154136986212338],[117.4149865780819,-8.153371370326855],[117.41548351950452,-8.152509200873817],[117.4157884523029,-8.151855783829587],[117.41823464107335,-8.151614454200486],[117.41934015986492,-8.151397519680401],[117.42038322627765,-8.150975010290344],[117.42132520750265,-8.150362575064161],[117.42213121518014,-8.149582897392575],[117.42587419443659,-8.145188856727344],[117.42650602726484,-8.144285586652883],[117.42695430804305,-8.143280552924738],[117.4272029329556,-8.142209863236474],[117.42724297143212,-8.141111983768564],[117.42707298676159,-8.140026357204103],[117.42669908746238,-8.138991985708802],[117.4261347075985,-8.13804602978214],[117.4254001239662,-8.137222473309897],[117.42452172752218,-8.136550902764728],[117.4235310752425,-8.13605544439707],[117.42246375647711,-8.1357538975816],[117.41963910000915,-8.135236068269268],[117.41862806375818,-8.134051180048079],[117.4178453361326,-8.133291306011083],[117.41693321270441,-8.132689167708397],[117.41592366730748,-8.132265872448958],[117.41177372203445,-8.13096388681515],[117.41030846855817,-8.130700779615808],[117.39924063069374,-8.130130775907471],[117.39792255127965,-8.130210442245453],[117.38482072879403,-8.132489395541887],[117.38370681495823,-8.132797931937215],[117.38267589142283,-8.13331715381573],[117.38176817945205,-8.13402680419794],[117.3810190938311,-8.134899196495107],[117.3736846778225,-8.145385625960921],[117.3625170569485,-8.144387402310617],[117.36149884222478,-8.144384341987383],[117.36049547508259,-8.144555885654697],[117.35146258882072,-8.146915843321613],[117.35025908490653,-8.14737570909042],[117.34918649991046,-8.148085213838522],[117.34829688323948,-8.149009928133946],[117.34763340641214,-8.150104978902569],[117.3440523173948,-8.15783693736575],[117.34369004077116,-8.158864162596714],[117.34352810770929,-8.15994028976733]]},"properties":{"i":9,"t":0.09999999999999998,"color":"#2f6f7e","alpha":0.9288661845793069,"width":0.77805}},{"type":"Feature","geometry":{"type":"LineString","coordinates":[[116.97567748092013,-8.414152230969092],[116.97577598813947,-8.415300826634834],[116.97894975197556,-8.432146886439181],[116.97927744619169,-8.433256724080668],[116.97982132567397,-8.4342801574777],[116.98055975249885,-8.435176467034756],[116.98146334764425,-8.4359099908372],[116.98249615982687,-8.436451543669062],[116.98361709595432,-8.436779578339484],[116.98478155626654,-8.436881043088748],[116.98594320907952,-8.436751900941672],[116.98705583447601,-8.436397290333872],[117.00137898339196,-8.430212196637138],[117.00218670321122,-8.429786229326703],[117.0029175043827,-8.4292410528251],[117.00552150769107,-8.426962027002894],[117.0063458863913,-8.426072879734402],[117.00696632057799,-8.425034201824396],[117.00735593511097,-8.423890988352037],[117.00739724538052,-8.423542205569357],[117.00777338443729,-8.42360452043495],[117.00896371681809,-8.423560160090647],[117.01012038727494,-8.423278640074686],[117.01119560578472,-8.422771592072987],[117.01214494812926,-8.422059965825587],[117.01735294932851,-8.417257913020844],[117.01808603879591,-8.416441304883158],[117.01865125833827,-8.415503180579327],[117.01902854538706,-8.414476841215297],[117.01920450885211,-8.413398719016909],[117.01917290426671,-8.412307084036597],[117.01844081912868,-8.406448099802482],[117.01820650823018,-8.405393196370948],[117.01777841206759,-8.404399601985418],[117.01717139508825,-8.403501813262974],[117.01640653327402,-8.402731000341815],[117.01551038231489,-8.402113924774095],[117.01451405561346,-8.401672010487088],[117.0134521441301,-8.401420600053017],[117.01236151555888,-8.401368422075596],[117.00627568897947,-8.401639276686698],[116.99921218575987,-8.398911489772992],[116.9980137694922,-8.398588457573256],[116.99677344556424,-8.398522535061879],[116.9955469392078,-8.398716684144526],[116.99438935500001,-8.399162182225936],[116.9940494333285,-8.399384117832286],[116.99146030815447,-8.397339286694894],[116.99055176097525,-8.39674930145943],[116.98954869847425,-8.396335424172547],[116.98848562330713,-8.396111891096083],[116.98739910216106,-8.396086391196508],[116.9863265081245,-8.396259801689025],[116.98530473533252,-8.396626157854987],[116.98436893007106,-8.397172858171993],[116.98355128196022,-8.397881097706906],[116.98287991677543,-8.398726514874724],[116.98043788552897,-8.402470486219777],[116.9799954894774,-8.403284673724814],[116.97617038715701,-8.411910627587616],[116.97581070414812,-8.413007068496997],[116.97567748092013,-8.414152230969092]]},"properties":{"i":9,"t":0.09999999999999998,"color":"#2f6f7e","alpha":0.9288661845793069,"width":0.77805}},{"type":"Feature","geometry":{"type":"LineString","coordinates":[[116.83231348114953,-8.446799302879331],[116.83254540119245,-8.447932753055383],[116.83300019249215,-8.448998115132856],[116.83365975538598,-8.449952986142025],[116.8344978394476,-8.450759360554134],[116.83548108817048,-8.451385143083211],[116.84386417684385,-8.455616195079678],[116.84472710978424,-8.455969112423723],[116.84563576130607,-8.456181997828427],[116.85792394190098,-8.458054016216725],[116.85900104011397,-8.458118678060458],[116.86007186521029,-8.457986936835725],[116.86110011568839,-8.457663258722357],[116.87099747315308,-8.453520652498566],[116.88230885733856,-8.45150029575023],[116.89022160168066,-8.454814634568397],[116.89134100502069,-8.455157650224859],[116.89250702901245,-8.455273538899517],[116.89885512411041,-8.455273533794854],[116.90000644902756,-8.455160574930197],[116.91766669228723,-8.451660510210008],[116.91856077992408,-8.451408928087687],[116.91940339947658,-8.451020692837558],[116.932912507949,-8.443452587996935],[116.93294099759078,-8.443436522401223],[116.93551276016854,-8.44197682080958],[116.93745238226848,-8.441279633375743],[116.94076130262859,-8.443470106209734],[116.9418567746034,-8.444039754999832],[116.94304876804462,-8.444369168254928],[116.9442841216584,-8.444443654677707],[116.94550774014425,-8.444259892397179],[116.94666505169997,-8.44382607711569],[116.95187309951937,-8.441222039549084],[116.95281560058635,-8.440633277354632],[116.95362833209235,-8.43987865256585],[116.95428188898693,-8.438985468773971],[116.954752625902,-8.437986042625637],[116.95502351255976,-8.436916534474996],[116.95730229125641,-8.422024513409],[116.95736026068826,-8.420853951807747],[116.95717899655779,-8.4196957801962],[116.95676591075399,-8.41859734303005],[116.95613789134119,-8.417603542535451],[116.95532061194393,-8.416755003277164],[116.95434748210205,-8.416086411628747],[116.95325828152534,-8.415625097999373],[116.9520975340778,-8.415389919746838],[116.95091268793907,-8.415390490417458],[116.9347999221776,-8.41701745309563],[116.93367580597062,-8.417242523810609],[116.93261753761735,-8.417679848552444],[116.92130563444358,-8.423701763653868],[116.92025271002119,-8.424418893126285],[116.9193820541877,-8.42534479369654],[116.91519853853598,-8.430903510767857],[116.9070384274956,-8.430903476866071],[116.88323777768974,-8.428571698678581],[116.88219818576205,-8.428561474252241],[116.8811731269631,-8.4287331051632],[116.85732943859695,-8.434917998954756],[116.85724271533142,-8.43494119560707],[116.83657198149675,-8.440638099451924],[116.83548261061559,-8.44105804704289],[116.83449920048264,-8.44168352150541],[116.83366089076861,-8.442489629473366],[116.83300104684685,-8.443444288288257],[116.8325459318199,-8.444509502752132],[116.8323136610968,-8.445642877221085],[116.83231348114953,-8.446799302879331]]},"properties":{"i":9,"t":0.09999999999999998,"color":"#2f6f7e","alpha":0.9288661845793069,"width":0.77805}},{"type":"Feature","geometry":{"type":"LineString","coordinates":[[116.63405601989882,-8.269329335920627],[116.59225803284518,-8.264024213456226],[116.57563096393139,-8.258833171701337],[116.55781415995611,-8.246486743531532],[116.55701678908382,-8.246022425054251],[116.54163595277814,-8.238616517230437],[116.54082498254475,-8.238297552816356],[116.53997512691572,-8.23810136257447],[116.4986336856483,-8.231722590558656],[116.42685428434845,-8.21229215692295],[116.39660749924862,-8.196011620465656],[116.39564065061064,-8.195597868132065],[116.39461455847491,-8.195362212629949],[116.39356241108084,-8.19531227610583],[116.37598466753984,-8.196045256351713],[116.37503429045402,-8.196162433629832],[116.37411591041774,-8.196431339480112],[116.28427392563448,-8.230854830950792],[116.28304519089723,-8.231500806947937],[116.2663622865675,-8.242974664388951],[116.26552583456751,-8.243673119495066],[116.177032922279,-8.332813966465226],[116.16477532262901,-8.342064880284807],[116.13562024448326,-8.357887342536962],[116.13494567752258,-8.3583152166681],[116.11932075451712,-8.369789077596668],[116.11865854884259,-8.370355946335373],[116.11808912744547,-8.371014118875012],[116.11247408182233,-8.378583053252886],[116.1117200840632,-8.379954811803724],[116.10543560219756,-8.396324208258486],[116.10207781882164,-8.400633831251767],[116.09703151615592,-8.402578584065555],[116.06954389508664,-8.40045756670763],[116.06857337313185,-8.40046239203565],[116.06761696689458,-8.4006256145393],[116.06670090982786,-8.400942757187993],[116.04766011271694,-8.409343638396246],[116.0467611895846,-8.40983797335694],[116.0459634736222,-8.410480159398574],[116.04529153615067,-8.411250416323812],[116.02318134562873,-8.441620155385102],[116.02258841975899,-8.442638233472985],[116.0222152020414,-8.443753659120027],[116.02207702547706,-8.444920612834611],[116.0221795682636,-8.446091158031148],[116.0328327789603,-8.50148632888257],[116.03321769884306,-8.502719160329569],[116.03386881309869,-8.503837251827791],[116.03475386737021,-8.50478521267787],[116.05756488814177,-8.524320163097237],[116.0667665183568,-8.578177691099567],[116.06482889064232,-8.637801333822448],[116.05760947379788,-8.671870287674588],[116.0575010805259,-8.672628261189173],[116.05442245259859,-8.713476228619719],[116.05445804111709,-8.714675685788764],[116.0547427071697,-8.715842207720856],[116.05526425533789,-8.716925810274752],[116.05600033956553,-8.717880061917773],[116.05691942040693,-8.71866407339722],[116.0579821163438,-8.71924424996758],[116.08400914928642,-8.730148655980578],[116.08281905043765,-8.733272746906454],[116.0743155157216,-8.738195919442076],[116.07328035881666,-8.738957884934955],[116.07243888880159,-8.739925188136798],[116.06527962234152,-8.750270064861544],[116.06258030807538,-8.746966718516898],[116.05867575184176,-8.737356029138816],[116.05842395570775,-8.736817662040613],[116.05573890714882,-8.731771698561996],[116.05505459938445,-8.730760059284092],[116.05417170789296,-8.729911903116065],[116.05312913838992,-8.729264604046664],[116.05197283203809,-8.72884668515646],[116.05075374117926,-8.728676561891668],[116.04139488450564,-8.728351563858078],[116.04022069925043,-8.728427518307472],[116.03908548911127,-8.728733614737783],[116.03803494778452,-8.729257532441945],[116.03054800264766,-8.733977471181722],[116.02953051936927,-8.734789887359799],[116.02398263239297,-8.740337718181848],[116.02168008566996,-8.742034224836578],[116.01528894757577,-8.741033777340204],[116.0045619477099,-8.737302723870704],[116.00372612704571,-8.73707897324694],[116.00286608728703,-8.73697929457992],[115.99460533573105,-8.736629194290083],[115.9858027043172,-8.731952844576771],[115.98480492293997,-8.731535084957747],[115.98374642074931,-8.73130588116651],[115.98266332810593,-8.731273056744403],[115.98159261462473,-8.731437732131068],[115.98057082744606,-8.73179428642095],[115.97963284391615,-8.732330549195073],[115.96525302259899,-8.742410828331238],[115.95290706342007,-8.748038938685582],[115.94163349369094,-8.749066785452902],[115.91875338013938,-8.747950017493896],[115.91822043318562,-8.747947949470536],[115.895728983615,-8.74887085183501],[115.89300768068394,-8.743750856033062],[115.89016679326672,-8.731543634792201],[115.88987518473998,-8.730638053377001],[115.88943780554034,-8.729791729824477],[115.88439174199017,-8.721734794802545],[115.88371375594735,-8.720853187266073],[115.88287854387701,-8.720115091394858],[115.88191658328599,-8.719547440168585],[115.88086297619705,-8.719170946979897],[115.87975616837039,-8.718999349894194],[115.8786365465863,-8.719038910413806],[115.87754496514567,-8.719288185025556],[115.87652125532071,-8.719738077862944],[115.86817523440304,-8.724396060915055],[115.85023304874068,-8.7192275185048],[115.84915731718557,-8.719022937958457],[115.84806186350578,-8.719019662280592],[115.84698490453052,-8.71921780577172],[115.8459640119636,-8.719610455858966],[115.84503480179063,-8.720183914219435],[115.84422969187054,-8.72091817461102],[115.84357677103245,-8.721787620750993],[115.82880556413133,-8.745868434752518],[115.82830281277838,-8.746909296301801],[115.82801850031748,-8.748027933486147],[115.82489318434389,-8.768965891174698],[115.82485534870231,-8.769277604231535],[115.82279701032313,-8.791251577710183],[115.82283977278514,-8.792664407452657],[115.82322724164267,-8.794025018304959],[115.8338509480345,-8.819096168677339],[115.83442135182067,-8.820131763085158],[115.83519200028817,-8.82103189281954],[115.83613101494254,-8.821759321809953],[115.83719955170524,-8.822283957995943],[115.83835340783945,-8.822584098294907],[115.86549178849955,-8.826787787423015],[115.92536346178377,-8.859969286903198],[115.92621331912322,-8.860355687017611],[115.92711452867326,-8.860603705952204],[115.94322876581514,-8.863695748213551],[115.94437985916588,-8.863801950438049],[115.94552967654761,-8.863683065785617],[115.95993388411826,-8.86075401870901],[115.9608898386325,-8.860474145591294],[115.96178402196844,-8.860038374962718],[115.96259060980871,-8.85945929216531],[115.96700170710339,-8.855686863912272],[115.96788708563832,-8.855524584561516],[115.9774591973616,-8.862199532802075],[115.98328499621081,-8.870013995544307],[115.99088716437915,-8.891645488851152],[115.99143748210501,-8.892789459332155],[115.99713340952641,-8.9019035335277],[115.99777186028315,-8.90274385040019],[115.99855335190271,-8.903456513894],[116.00595939203878,-8.909072580955812],[116.00744987058175,-8.90989373264405],[116.0172159940797,-8.913555782419845],[116.01823968235247,-8.91383792350973],[116.01929808847925,-8.91393301982744],[116.02995925414723,-8.913933016604691],[116.0309731712739,-8.913845804573324],[116.03195657739116,-8.913586820543228],[116.03287988723432,-8.913163855960232],[116.04321497740287,-8.907303776781765],[116.04418523858548,-8.90661505262091],[116.04499417016648,-8.905746437652853],[116.0456082354647,-8.90473394425234],[116.04600197749531,-8.90361954960356],[116.04615907419047,-8.902449455243097],[116.04607301478849,-8.901272171517508],[116.04271390028035,-8.882399688536278],[116.04211798493105,-8.872213378648016],[116.04376578185055,-8.869887526573681],[116.05100784886938,-8.868401968232607],[116.0522392551217,-8.868005074587591],[116.06131757124042,-8.86393521126941],[116.06875135093294,-8.861737413153984],[116.07453757377405,-8.863170756790744],[116.07754313562361,-8.866711618041968],[116.0770338981683,-8.869935632143592],[116.07226591406081,-8.874537334521536],[116.06203840983096,-8.878584542184774],[116.06106001069178,-8.879081462176167],[116.06019269858818,-8.879750099416714],[116.05946696401026,-8.880566948397693],[116.05890832086439,-8.881503293141312],[116.05853640947933,-8.882526216610666],[116.05836430601475,-8.883599757826156],[116.05839806256745,-8.884686176023493],[116.05863649416999,-8.885747277421125],[116.05907122020295,-8.886745757958183],[116.05968695879929,-8.887646514796588],[116.06046206392142,-8.88841788047292],[116.07340111635895,-8.89907900395372],[116.07436758508224,-8.89972589945332],[116.07544454617147,-8.900170971334711],[116.07658937055496,-8.900396602362983],[116.09009857818263,-8.901698617590847],[116.09143274924203,-8.901676573989816],[116.0927273698822,-8.90135729385351],[116.09391548687022,-8.900757289328864],[116.10457655971801,-8.893758198984607],[116.10536538155257,-8.893137508974766],[116.10603497001433,-8.892392534010806],[116.10656554653245,-8.891545280328678],[116.10694143921198,-8.890620775268223],[116.11004078036154,-8.880576975799977],[116.15173014733823,-8.881450232776553],[116.1646451782485,-8.883919997764831],[116.1740690483278,-8.891705852146712],[116.19158663613784,-8.917546783973394],[116.19227782120313,-8.918385102437774],[116.19311456281653,-8.919082045256099],[116.20141562154045,-8.924778115041672],[116.2023523955376,-8.925302126343928],[116.20337030128925,-8.925648265553422],[116.20443508005486,-8.92580488296743],[116.20551089532627,-8.925766707467226],[116.20656153911197,-8.925535023942256],[116.2137236323339,-8.923256988437007],[116.21464498306237,-8.922875677770406],[116.21548750443148,-8.922345502659343],[116.22735980685458,-8.913384582548293],[116.2357217508554,-8.911687771393181],[116.23896830324863,-8.912770449887805],[116.2445359105688,-8.92071318878905],[116.2452152233369,-8.921516323466602],[116.24602963953687,-8.922185709488115],[116.24695261294416,-8.922699527472428],[116.25281168132676,-8.925303561777124],[116.25389460553916,-8.925664302542305],[116.2550277643368,-8.925810845972979],[116.25616817667162,-8.925737633690085],[116.27325842945508,-8.922970584896879],[116.27447433268091,-8.922637905793456],[116.31174986900795,-8.908016914822067],[116.32720018967852,-8.904912479917236],[116.33318428841989,-8.90758978240393],[116.33795633572657,-8.914845560508647],[116.34209053936988,-8.923738237127175],[116.34285562864417,-8.924958256155664],[116.3468426107922,-8.929841303485818],[116.34773653605646,-8.930722349349544],[116.34880056196404,-8.931394085002015],[116.34998541910984,-8.931825405542506],[116.35123624228109,-8.931996338512741],[116.35249511129514,-8.931898968835013],[116.36169124524889,-8.930189938958053],[116.36277954261043,-8.929877668939294],[116.36378676803454,-8.92936456002156],[116.36467535313429,-8.928669750849204],[116.3654121552379,-8.927819157217082],[116.37299134057213,-8.91713082294932],[116.3764988414431,-8.917433265014875],[116.3827448988319,-8.925409193953277],[116.38232918943046,-8.937396275414562],[116.38234609886773,-8.938077094470135],[116.38332291951538,-8.949633115022104],[116.38351924925749,-8.950711426450724],[116.38391746545993,-8.951733999685747],[116.38450334492566,-8.952664307194269],[116.38525596045805,-8.953469117045822],[116.38614842828581,-8.954119680091438],[116.38714886835442,-8.954592757024603],[116.40106504960396,-8.959638823403147],[116.40217116008031,-8.959922789386537],[116.40331200355078,-8.959989612271254],[116.40444431367473,-8.95983675787671],[116.40552514780796,-8.95947002324207],[116.40651351580789,-8.95890331673591],[116.40737193473825,-8.958158130510576],[116.40806785047887,-8.9572627253219],[116.40857487230805,-8.9562510586482],[116.40887377363399,-8.955161496779345],[116.40895322093735,-8.954035359738178],[116.40787362145304,-8.915881396068313],[116.40782969688169,-8.915317229165531],[116.40359500374288,-8.882177895089683],[116.40356997130351,-8.85821096092291],[116.42529699670074,-8.842040319841127],[116.45480950230558,-8.839555531954499],[116.4638862604599,-8.842743576351],[116.45492253135141,-8.862148910972959],[116.45468886537809,-8.8627378766283],[116.44767755093088,-8.883711826300132],[116.42825843375098,-8.907020914287996],[116.42758814881819,-8.908020554296696],[116.42714039467941,-8.909135057865297],[116.42693433173643,-8.910316738058931],[116.42697877932713,-8.911515033151641],[116.42727183797815,-8.912678670022268],[116.42780097028007,-8.913757858069708],[116.42854353699273,-8.914706419769061],[116.42946776549998,-8.91548376668845],[116.44328986769823,-8.92485888106867],[116.4443240704468,-8.925418363768415],[116.44545061156963,-8.925762307757292],[116.4466240052493,-8.925876825802781],[116.47561045602743,-8.925813808791785],[116.47679082832425,-8.92569265349802],[116.47792237147446,-8.92533936426511],[116.47895880430094,-8.924768391084536],[116.51006898705486,-8.903285913255612],[116.52209677093563,-8.907474145430546],[116.52303205431676,-8.9077163644677],[116.52399489605565,-8.907803563986272],[116.52495915246114,-8.907733376336656],[116.56628176279445,-8.901309255834738],[116.56740436494478,-8.901019961202474],[116.56844739109127,-8.900518106197595],[116.56937006296852,-8.899823311656199],[116.57013630829918,-8.898962741524063],[116.59364508407769,-8.866593462738887],[116.59421467718782,-8.865622837920181],[116.59458433422697,-8.864561969692003],[116.59474020799992,-8.863450602778236],[116.59467646076608,-8.862330373440594],[116.59439548266296,-8.861243249597369],[116.59390780187725,-8.860229958571104],[116.59323168997139,-8.85932846136367],[116.59239247718784,-8.858572530606818],[116.59142160340852,-8.857990485446416],[116.59035544033416,-8.857604130736206],[116.57456914965009,-8.85354442632549],[116.56371219411892,-8.844398920012878],[116.56263677730013,-8.843679600549647],[116.561427565881,-8.843211652264644],[116.55082683260238,-8.840398204909928],[116.54566736864618,-8.832806570526753],[116.5449818331746,-8.831975647939549],[116.5441531805285,-8.83128365742449],[116.54320975038696,-8.830754264347807],[116.5421838072581,-8.83040557334961],[116.54111043715392,-8.830249509253864],[116.54002634783076,-8.830291409299257],[116.53896861360141,-8.830529840628452],[116.53797340761686,-8.830956649274427],[116.52633051101571,-8.837272561039741],[116.52538916837207,-8.837908061704287],[116.52459000504547,-8.838711468543815],[116.52396320269665,-8.839652440694431],[116.51675218651535,-8.853179590285357],[116.51371353463193,-8.852771368684087],[116.51210315709726,-8.847200807452495],[116.51411425049486,-8.83378995830236],[116.5141695808627,-8.832637175866207],[116.51399269825642,-8.831496397999967],[116.50683607615115,-8.803998898568356],[116.52376172938163,-8.782469657009393],[116.55933778048056,-8.749181310672222],[116.55994446431204,-8.748518698802464],[116.56044088315787,-8.747771795719416],[116.58674265321733,-8.700635333512182],[116.60458704988147,-8.669319198316185],[116.62399334319082,-8.637880504242508],[116.62436669783989,-8.63716927248077],[116.63271929451571,-8.618144922289854],[116.6729622537246,-8.577901376862012],[116.67361878388533,-8.577117679895156],[116.68582565467369,-8.559620536030797],[116.68635057019952,-8.558697824258289],[116.68669700908815,-8.557696098861264],[116.68685341683242,-8.556648773804648],[116.69101931339776,-8.48204689136247],[116.69647901706479,-8.470919950410426],[116.7062268816886,-8.461625088670386],[116.70702566478138,-8.460682056726297],[116.739984290421,-8.412097668650754],[116.74042897572181,-8.411317996146524],[116.74848578236613,-8.394227897306253],[116.74888924308853,-8.393062184623583],[116.74903451887941,-8.391838451244025],[116.74891504826734,-8.390611988448242],[116.74085751175689,-8.351794130966688],[116.74042524072284,-8.350503804663218],[116.73970111414714,-8.349348552793643],[116.71081099238813,-8.3134598922327],[116.70971322305398,-8.312411535722212],[116.67170945874152,-8.284579858113517],[116.67044557997086,-8.283875257508306],[116.63553299472538,-8.26971543385118],[116.63405601989882,-8.269329335920627]]},"properties":{"i":9,"t":0.09999999999999998,"color":"#2f6f7e","alpha":0.9288661845793069,"width":0.77805}},{"type":"Feature","geometry":{"type":"LineString","coordinates":[[116.02361645321737,-8.355983749479222],[116.02378082581654,-8.357113795829303],[116.02416586656173,-8.358190053911697],[116.02475664239707,-8.359170778320072],[116.02906961278006,-8.36494883000947],[116.02988300422754,-8.365831389092136],[116.03086194955155,-8.366530298727819],[116.03196489338012,-8.367015890312002],[116.03314501602331,-8.367267550486151],[116.03435222115009,-8.367274596274294],[116.03553526264223,-8.367036728627568],[116.03664392028473,-8.366564045112758],[116.04120195953001,-8.364041011524188],[116.04195543627313,-8.363544656430008],[116.04262264335857,-8.362939402451023],[116.04677263530057,-8.358544357971654],[116.04749820238543,-8.357597563911781],[116.04801341705345,-8.356524299417456],[116.04829663706855,-8.355369652103729],[116.04833596661602,-8.354182128040925],[116.04776584689476,-8.346126138941978],[116.04758151043764,-8.345034356177933],[116.04719079383189,-8.343997142336402],[116.04660794395853,-8.343052313700616],[116.04585421234803,-8.342234317986284],[116.04495708023514,-8.341572978491566],[116.04394925657286,-8.341092406865215],[116.04286748554105,-8.340810124114943],[116.03432260825683,-8.339426141863777],[116.03316935176368,-8.339353591322043],[116.03202413346818,-8.339506401172885],[116.03093150049659,-8.339878627407504],[116.0299339547659,-8.340455791050179],[116.02907029989338,-8.341215441293464],[116.02837413187831,-8.342128028701321],[116.02787253224632,-8.343158054533067],[116.0239664006822,-8.353738003234643],[116.02367912240578,-8.354843746220935],[116.02361645321737,-8.355983749479222]]},"properties":{"i":9,"t":0.09999999999999998,"color":"#2f6f7e","alpha":0.9288661845793069,"width":0.77805}},{"type":"Feature","geometry":{"type":"LineString","coordinates":[[115.2100902287709,-8.757854860338012],[115.20913494248471,-8.748089832334575],[115.21667782950678,-8.73300285305296],[115.23359233258617,-8.726293818194186],[115.25550681798714,-8.72019400937687],[115.25648382354572,-8.719826352353682],[115.25737926974632,-8.719293080543865],[115.25816470473903,-8.71861113830732],[115.27305669146442,-8.703147977305857],[115.27397319308447,-8.701898205163419],[115.29561269568258,-8.66214592494037],[115.32645363138633,-8.628228236842395],[115.36666905575544,-8.602155351216446],[115.50079597830857,-8.553882140827533],[115.5017065832292,-8.55346370908133],[115.50253161784967,-8.552897743041765],[115.51970268007987,-8.538818580627126],[115.52050806592516,-8.538014691054343],[115.52114017837403,-8.537071384669167],[115.52157493118233,-8.536024607569956],[115.52780567886046,-8.51552167495554],[115.53517950995264,-8.512225319951582],[115.60528148094424,-8.5068517199349],[115.60644891311813,-8.506643034112809],[115.60754994440336,-8.506206136949766],[115.6085394713172,-8.505558925956613],[115.61920051147062,-8.496932825931797],[115.61979932135065,-8.496374465665417],[115.64361962053825,-8.470806471890109],[115.66141866161294,-8.460502041906674],[115.66216581660738,-8.45998852389426],[115.69439193667453,-8.433946222124144],[115.69486652573397,-8.433517652024904],[115.70512051994888,-8.423182544120461],[115.70598504964511,-8.422068161007239],[115.70655322958957,-8.420780791332714],[115.719817648255,-8.376835608781661],[115.7200307603956,-8.37578042983392],[115.72004308403592,-8.374704461945033],[115.71985419622868,-8.373644776142532],[115.71947060639134,-8.372637882180493],[115.71890553182227,-8.371718470685073],[115.69579337026956,-8.340956744839607],[115.69514618892482,-8.340230756858016],[115.69438593481819,-8.33962144314007],[115.6561402866887,-8.313882593630789],[115.62343043971111,-8.284762995872006],[115.56969680062964,-8.218000554714061],[115.56907229462624,-8.21733809877994],[115.53928734745071,-8.190320392899308],[115.53860717836805,-8.18978936716043],[115.50572939603323,-8.167816635703893],[115.50473084664851,-8.167280769931992],[115.3401816578668,-8.098434709531144],[115.33910053204946,-8.098099858151986],[115.27096514956042,-8.083975274613517],[115.25520996436397,-8.074688672994485],[115.23965664195909,-8.063304512561627],[115.23841312962372,-8.062608791573833],[115.21774235682183,-8.054145908882731],[115.21664388792854,-8.053816668144929],[115.19426519214899,-8.049421735003579],[115.19305460061065,-8.049311360029634],[115.17279089435793,-8.04955536014991],[115.17153195488591,-8.0497064862093],[115.17033541458392,-8.050122479168884],[115.13338979388895,-8.067619252568472],[115.13256016072673,-8.068098569773147],[115.13182084495627,-8.06870574101522],[115.05944819407945,-8.138808208305935],[115.0202049894833,-8.16719804489773],[114.98379295337132,-8.174635981509015],[114.89292515221535,-8.174474019289523],[114.8918925856908,-8.174562840072673],[114.89089200801273,-8.174830434846811],[114.85755431439499,-8.186967228867578],[114.69336850393759,-8.129558486950089],[114.69267504740503,-8.129362465140337],[114.6743642919358,-8.125374530506287],[114.67368204162035,-8.125267225422087],[114.63505462733943,-8.121484821709526],[114.61513116067755,-8.116504222061025],[114.60093478698012,-8.105971413826783],[114.59987381727615,-8.105345358042165],[114.59870380875374,-8.104953537055826],[114.59747681627404,-8.10481338320743],[114.59624742960739,-8.104931131951474],[114.59507034499394,-8.105301544487409],[114.59399793197646,-8.105908140822184],[114.56838373820125,-8.124192192216093],[114.55561187923112,-8.127783862358855],[114.54321677099453,-8.123136003625474],[114.53202207742713,-8.110026501507436],[114.52267204491925,-8.096441157676589],[114.52202035485466,-8.095653118202597],[114.5212394186366,-8.094990146655917],[114.50813748556419,-8.085712260566154],[114.507155197311,-8.08515040446125],[114.50608191474126,-8.084786615555863],[114.50495792464122,-8.084634548905008],[114.48168326116358,-8.08373957552189],[114.48033374141913,-8.083842641329799],[114.45128114691681,-8.089457576647208],[114.45014959877665,-8.089796611540349],[114.44910991177811,-8.090353763610885],[114.44820446978005,-8.09110632018279],[114.44747018461524,-8.092023602682968],[114.4469369913723,-8.09306821715711],[114.44662662796566,-8.09419757854871],[114.44215025669966,-8.120890498533791],[114.44207250073788,-8.121962782428751],[114.44219610327784,-8.123030844815663],[114.46270274120022,-8.219711082835396],[114.46305226128665,-8.220805545813754],[114.46361283055354,-8.221810398408545],[114.5442600080474,-8.337533343049627],[114.54468660784102,-8.338073832237031],[114.56983251594202,-8.36631310711003],[114.57056398198478,-8.367003887460188],[114.60083808756299,-8.391012170647315],[114.60164992839742,-8.391552358955877],[114.6025413103675,-8.39195138932457],[114.63704672219845,-8.404076573868364],[114.63803482963965,-8.404330390902455],[114.63905247351855,-8.404410716862767],[114.75533618399338,-8.403520284405012],[114.7947884017753,-8.411001246928393],[114.92407289297324,-8.472496144092226],[114.94946808794455,-8.489663259994538],[115.01864600400573,-8.553171963162171],[115.01953888918365,-8.553846223742264],[115.05474823054654,-8.575488763944787],[115.07206042971909,-8.58892906553808],[115.07935450848144,-8.602708102004542],[115.084594170584,-8.616836805937375],[115.08506417502787,-8.617811833122245],[115.08570896832404,-8.618683727658018],[115.09897292680641,-8.633495874709851],[115.099722874169,-8.634197693187609],[115.12820699297548,-8.656495958060697],[115.1295145013177,-8.65726972359646],[115.13748959045476,-8.660687772058028],[115.13805730489624,-8.660897340471928],[115.14641023113985,-8.66350305077607],[115.15161060161921,-8.666245803340155],[115.16705895914883,-8.698997021011575],[115.16747700558798,-8.699736700282738],[115.17182592412185,-8.706260688750058],[115.1801768614226,-8.723180827334533],[115.17627141359668,-8.744511887664242],[115.16572570329198,-8.765526661044985],[115.15551037873703,-8.777480450075283],[115.11235748576082,-8.798183868531366],[115.11143839917393,-8.798732710756381],[115.0907685219803,-8.813788528883249],[115.0899130193913,-8.81455038627139],[115.08922461249044,-8.815462719729336],[115.08872983178192,-8.816490370520363],[115.08844774646886,-8.817593735618004],[115.0883892293703,-8.818730293816168],[115.08912099210762,-8.833948301162234],[115.08927973983182,-8.835039811437214],[115.089644786899,-8.83608186566722],[115.0902029257305,-8.837036757118385],[115.09093396130031,-8.83786993276829],[115.09181144174637,-8.838551243698474],[115.11028557837153,-8.85027039540755],[115.11110795313665,-8.85070499872808],[115.11198963829358,-8.851005345454698],[115.13306693064123,-8.856376428523456],[115.13425731209702,-8.856553706630315],[115.15712566426735,-8.857611727323645],[115.15772816426167,-8.857608982598132],[115.18124752689795,-8.856305967311151],[115.18231072511172,-8.856149581416954],[115.19647092640214,-8.852732533356834],[115.19725484725001,-8.852484619222457],[115.21540306856242,-8.845322520704354],[115.21632094973756,-8.844864359855302],[115.23210907981507,-8.83518023637141],[115.23317526985603,-8.83434224868591],[115.23401711555236,-8.833283860212521],[115.24052702994233,-8.822785776188564],[115.24096549461697,-8.821925509333122],[115.24125375804844,-8.821005375954178],[115.24138386300311,-8.820050779010323],[115.24382412602377,-8.772524735357413],[115.24378919100755,-8.771534641232646],[115.24358418842576,-8.770564885739349],[115.2380499399191,-8.752335962531102],[115.23763599202312,-8.751327730649466],[115.23703871375461,-8.750413712592566],[115.23627914768265,-8.749626108012077],[115.23538405306206,-8.748992662991785],[115.2343849631036,-8.748535692685275],[115.23331707415055,-8.7482712952774],[115.23221800588514,-8.748208784945346],[115.23112647621998,-8.748350363782986],[115.23008093752749,-8.748691044238283],[115.21201514529325,-8.756502938192103],[115.2109549177581,-8.757098073329411],[115.2100902287709,-8.757854860338012]]},"properties":{"i":9,"t":0.09999999999999998,"color":"#2f6f7e","alpha":0.9288661845793069,"width":0.77805}},{"type":"Feature","geometry":{"type":"LineString","coordinates":[[115.5475102648306,-8.661011017812516],[115.5342343710706,-8.66759882798917],[115.51875345831714,-8.664498349814748],[115.51770716397913,-8.66438407970176],[115.51665706201005,-8.664456578718905],[115.51563699014073,-8.664713510710225],[115.51467981856213,-8.66514659647165],[115.51381639086391,-8.665741880500342],[115.50323642707676,-8.674530779123618],[115.50239782151972,-8.675387501912969],[115.4667536134157,-8.720228083986099],[115.46625903241885,-8.72095787649049],[115.46588167957117,-8.721753152768283],[115.46278857979034,-8.729809109487935],[115.46250030556642,-8.730835924741813],[115.46240705176062,-8.731897546917729],[115.46251197098488,-8.732958104596728],[115.46281151970108,-8.733981762034583],[115.46329557773814,-8.734933930050001],[115.46394779005922,-8.735782434828923],[115.46474611925612,-8.736498605144067],[115.47109415287241,-8.741218662155802],[115.47199544954883,-8.74177030473602],[115.47298249194485,-8.742152577717853],[115.48537810390374,-8.745714601781698],[115.50082363220383,-8.764567222241485],[115.50203296668231,-8.765678250862509],[115.55745332931504,-8.803764723647912],[115.55825497354546,-8.804227133720579],[115.55912039115769,-8.804558793915948],[115.58719676928037,-8.812859913342232],[115.58829913365393,-8.813074800122413],[115.58942273526559,-8.813078049628755],[115.59052635180673,-8.812869542650812],[115.5915694942754,-8.812456928814532],[115.59251389260852,-8.811855345898453],[115.5933248998535,-8.811086864397279],[115.61127973526611,-8.790462288073988],[115.6284213137049,-8.772938143874084],[115.62917665222747,-8.771983684010213],[115.62971472780492,-8.770894889927522],[115.63001203313662,-8.769719332520461],[115.63005558094132,-8.768508373039879],[115.6298434710079,-8.767314918999705],[115.62137007076589,-8.738033042552587],[115.62090129030315,-8.736890050568832],[115.62019849337668,-8.735870941017556],[115.60288799192796,-8.715755246284964],[115.59465609662794,-8.693662525361503],[115.59402466712065,-8.69243875576371],[115.5779615010003,-8.66874295508756],[115.5772870491913,-8.667921403161248],[115.57647278872052,-8.667234718350773],[115.57554584416489,-8.666705774887339],[115.57453709331064,-8.666352192382494],[115.55158841068142,-8.660574275962029],[115.55055552774735,-8.660409406481962],[115.54950944902876,-8.660428621505552],[115.54848347464903,-8.660631309357976],[115.5475102648306,-8.661011017812516]]},"properties":{"i":9,"t":0.09999999999999998,"color":"#2f6f7e","alpha":0.9288661845793069,"width":0.77805}},{"type":"Feature","geometry":{"type":"LineString","coordinates":[[113.4941501954897,-7.70642501553002],[113.49413983096063,-8.413799190260752],[113.49426794073239,-8.415005379882546],[113.49464704505009,-8.416158790667065],[113.49526054588272,-8.41720891705207],[113.49608158087335,-8.418109775664876],[113.49707419934404,-8.418821918980266],[113.52426640316592,-8.434317137283594],[113.5254077908374,-8.434815855287287],[113.52663007062269,-8.435064277992202],[113.54030126927003,-8.436366312604152],[113.54170884519374,-8.436332294057307],[113.572106487198,-8.431945704631286],[113.57547530366676,-8.433517788334525],[113.5861337657925,-8.445839022770224],[113.58695159046151,-8.4466172212064],[113.59329860963803,-8.451581281391185],[113.594468985698,-8.452293487104487],[113.59577489097572,-8.452716584228565],[113.62617605389741,-8.458780994273654],[113.63657151147694,-8.463235994017277],[113.65359882802342,-8.48820031904419],[113.65427323128138,-8.489017406620999],[113.65508620737178,-8.489700109388606],[113.66924627794275,-8.499547236070521],[113.6705037800761,-8.500212001137694],[113.67188640998478,-8.500556828025163],[113.6882436458404,-8.502590874965609],[113.68956005517268,-8.50260719351027],[113.69084694953482,-8.502332573217027],[113.70010730555558,-8.499246116907798],[113.70589942371049,-8.498418496827457],[113.7152399444681,-8.50458793591292],[113.71591549127805,-8.507688917926407],[113.71391780546202,-8.523974233468854],[113.71389123642932,-8.525101334902955],[113.71408583402506,-8.526212194681428],[113.71449423776875,-8.527264784772866],[113.71510099778514,-8.52821928135939],[113.71588315910181,-8.529039571595376],[113.72003416470305,-8.53262061278626],[113.72111821699744,-8.533361431844165],[113.72234224892459,-8.533844088128973],[113.72364440068014,-8.534044188930874],[113.74146666716572,-8.534776217988693],[113.74229422805341,-8.534752331406851],[113.75132736404353,-8.533857327053134],[113.75244734538262,-8.533635769884432],[113.75350262048653,-8.533203670501893],[113.75445312551832,-8.532577433671452],[113.75827814524358,-8.529485398797473],[113.7590091236036,-8.528780995921688],[113.75960545140072,-8.527961899107042],[113.76435481194599,-8.520069629555133],[113.77602311036338,-8.513431801949741],[113.7920016857897,-8.508713967532326],[113.80427625907112,-8.507155452589181],[113.80832497538692,-8.510687129028938],[113.81305791225478,-8.542603155429791],[113.81326649283913,-8.543502948127166],[113.81790529302627,-8.5580700014649],[113.81836854899083,-8.559137263503132],[113.81903771035113,-8.560091777873158],[113.81988591193573,-8.560895221036828],[113.8208790995023,-8.561515334668302],[113.82197739696778,-8.56192722095223],[113.82313670750946,-8.562114342358665],[113.82431048423594,-8.562069185729994],[113.82545159929923,-8.561793563997671],[113.82651423635663,-8.56129854340369],[113.82745573034886,-8.560603999147414],[113.8282382806806,-8.55973781730705],[113.82883046898527,-8.558734775095619],[113.83072815464925,-8.554622112611707],[113.83188331378369,-8.553653290091749],[113.83504814131287,-8.551784080717427],[113.8360370918194,-8.551049723812941],[113.83747491936221,-8.5497257650596],[113.85012667697112,-8.55964913115238],[113.85144226022057,-8.560427876100261],[113.87732153251218,-8.571496046676053],[113.87795789987833,-8.571726006598329],[113.90391922777226,-8.579457138635304],[113.90464415592825,-8.579624196659221],[113.92189640102261,-8.582472253944246],[113.92298721113916,-8.582550054638533],[113.92407366414585,-8.582426195976515],[113.93497882253658,-8.580148171747066],[113.93631070682163,-8.579699285040926],[113.95622374997879,-8.570216620034486],[113.96350921809695,-8.568571978245402],[113.96781370640947,-8.57088969945136],[113.96734007628746,-8.578722207761984],[113.9636020012236,-8.591961714697797],[113.96342390512238,-8.592863029757382],[113.96220274823091,-8.603442002468356],[113.96218057470527,-8.604522355488808],[113.96236161615543,-8.60558799720363],[113.96273958251629,-8.606601893352702],[113.96330133974081,-8.607528807694734],[113.97526423059013,-8.623641945687076],[113.97610353684564,-8.624551415932755],[113.97711821306815,-8.625265133364403],[113.97826248635063,-8.625750900855527],[113.97948473670255,-8.625986804359055],[113.98072982592608,-8.625962201630546],[113.9956230499913,-8.624091186383373],[113.99661735250312,-8.6238782990974],[113.99755946974923,-8.623498707267082],[114.01452239180558,-8.614897999264162],[114.03151875710725,-8.610243609856736],[114.03717568873304,-8.61275781367986],[114.04552223356744,-8.629671737069264],[114.04619180250391,-8.63072434260921],[114.04707306905883,-8.631611543673701],[114.04812547929342,-8.632292511776999],[114.05667055826505,-8.636605574252258],[114.05828174885103,-8.637144897042777],[114.09384525240563,-8.643574019932256],[114.09474097621565,-8.643666402754237],[114.10385611430168,-8.643910413772431],[114.10494805676639,-8.643838642503495],[114.1060074981066,-8.643567539664893],[114.14950046037498,-8.6280282825295],[114.17214602979055,-8.625882188773323],[114.18188707162224,-8.638396281089474],[114.18231685599388,-8.638888579403897],[114.19281483654963,-8.649630691335794],[114.19368542229964,-8.650362960831284],[114.19468319251038,-8.650914336427714],[114.1957702280549,-8.651263863375913],[114.19690521688112,-8.651398257990033],[114.19804502421961,-8.651312412562715],[114.19914633211299,-8.651009589520921],[114.22299063279601,-8.641895475643373],[114.22401075245604,-8.641387604882466],[114.26336280333831,-8.61677251733346],[114.30127432664115,-8.617679169089335],[114.3463698874192,-8.637418013922188],[114.37985760355855,-8.667694043351736],[114.38566692460944,-8.698657608800579],[114.36531181676538,-8.7226030503157],[114.36473332488599,-8.72341594130114],[114.3643038140861,-8.72431454476553],[114.36403590987231,-8.725272448409502],[114.36118769082935,-8.74040939711233],[114.36109053169994,-8.741609498837244],[114.36124629887155,-8.742803541866468],[114.36164827549527,-8.743940019808633],[114.36227912383987,-8.744969908952804],[114.36311163284391,-8.745848783062618],[114.36410989168787,-8.746538729911364],[114.36523083879767,-8.747009986857915],[114.38720412213168,-8.753683095574377],[114.38826743803621,-8.753902002925749],[114.38935337256238,-8.753923387323168],[114.4449986739473,-8.74990864015475],[114.46612702047587,-8.753764203790954],[114.5534436016654,-8.783409562083953],[114.55454818621392,-8.783669595677015],[114.55568278098757,-8.783714434842585],[114.59751342373139,-8.781354421336196],[114.59874197846162,-8.781154227774996],[114.59990010439795,-8.780702277261309],[114.60093561595299,-8.780018934888604],[114.6018018532462,-8.779134992298394],[114.62938870891244,-8.744222661833918],[114.6300370632032,-8.743197094988792],[114.6304560270533,-8.742060902093309],[114.63062736981526,-8.740863528709333],[114.63152299059975,-8.716286502892247],[114.63144972584392,-8.715141211750256],[114.63114964028118,-8.714032635147978],[114.63063449614124,-8.713004218004551],[114.62054336002312,-8.697054341394054],[114.61969977294936,-8.696011092179337],[114.60822605478857,-8.684767794987648],[114.60272695934157,-8.673241301744275],[114.60219297168778,-8.67234191310186],[114.59389189425103,-8.660867011246756],[114.59311782208609,-8.659996216847548],[114.59218395379197,-8.659295099420481],[114.59112763623703,-8.658791697120947],[114.53865880404999,-8.639909710259822],[114.51402410032645,-8.623540029210593],[114.51312630560719,-8.623050212748614],[114.51215592381702,-8.622722524706585],[114.49946009617024,-8.619629576499186],[114.49824975718884,-8.619464319957363],[114.47919756321483,-8.618844793984138],[114.46442892652557,-8.613351511219097],[114.44995658765546,-8.599175709411707],[114.43822681169635,-8.580163165102398],[114.43199799575399,-8.561554084725527],[114.4332793008947,-8.49695358432591],[114.43323037959209,-8.49608406478786],[114.42899890367985,-8.464264107448404],[114.42870686921638,-8.463068578366864],[114.42816638859139,-8.461960900193343],[114.42740179488797,-8.460990937725326],[114.40982376611144,-8.4430061238152],[114.40894567769236,-8.442268750041185],[114.40793873651914,-8.441715495314867],[114.40684183983058,-8.441367731038541],[114.40569735927106,-8.44123889074],[114.40454950430792,-8.441333951230712],[114.40344261470636,-8.441649240396826],[114.40241944797958,-8.442172579041081],[114.40151952792402,-8.442883751298043],[114.40077761799668,-8.443755285460941],[114.40022237847934,-8.444753515074042],[114.39987525929156,-8.44583987932203],[114.39974967122922,-8.446972412505028],[114.3992645452869,-8.491316508785918],[114.39565724737558,-8.514286430929019],[114.38850042091057,-8.520775472394376],[114.38213355288879,-8.51619135227163],[114.37922656624602,-8.49790261526801],[114.37744928039899,-8.4529932548299],[114.3772685442641,-8.451774185729262],[114.37683139875826,-8.45062043784773],[114.36572358200598,-8.428721981997548],[114.36382111425641,-8.418786109226554],[114.36446920519167,-8.409921721351301],[114.36927013922987,-8.387356835840109],[114.3693755055668,-8.386644485801018],[114.37178982936653,-8.357985046905835],[114.41049603987481,-8.15973594091698],[114.45241304899491,-8.015861335493069],[114.45264193804326,-8.014313940663348],[114.45312924432099,-7.9666259044358725],[114.45294632440101,-7.96512830019581],[114.45115623132112,-7.958210321472842],[114.45091947835276,-7.957493161654723],[114.4481259729344,-7.950588772226934],[114.44614196616133,-7.943075563363948],[114.44627902596112,-7.9335649059627436],[114.44985663255426,-7.923323812696211],[114.4621679752849,-7.905835524562536],[114.46285084306108,-7.9045454367322865],[114.46569975808416,-7.896977394483401],[114.46600632202771,-7.89579509958814],[114.47227174011732,-7.853558985527235],[114.4723298745142,-7.852931251060299],[114.47314356378304,-7.831202226330851],[114.47309002006115,-7.830176255515283],[114.47285449407406,-7.8291757504693775],[114.46577422685694,-7.807854836424676],[114.46524434118886,-7.806701984433385],[114.4644743507471,-7.805690668600031],[114.4502323206366,-7.790716816964453],[114.44956142896443,-7.790112851864698],[114.44880443613036,-7.789618792873773],[114.41010271178828,-7.768420562677154],[114.39273446488863,-7.753670042050898],[114.39156270825428,-7.752896009142974],[114.3837497771575,-7.748989063024555],[114.38271086532978,-7.748587479568843],[114.38161393846006,-7.748388500278855],[114.3701400975133,-7.747412521720722],[114.36933602082385,-7.747399079741194],[114.34760968353099,-7.7485170255784634],[114.33564231326645,-7.747470202883442],[114.32771382662509,-7.744966121601206],[114.31372331632942,-7.736090514266702],[114.27769075159955,-7.70134508297987],[114.27667538566276,-7.700561579525563],[114.27551172750887,-7.700017014879656],[114.2604568971303,-7.694890093906471],[114.2591272209083,-7.69460309640681],[114.25776663234585,-7.694628301124005],[114.23603793387613,-7.697558274399896],[114.23531537683087,-7.6977021169409765],[114.19528468056632,-7.708307331229502],[114.17341486576481,-7.707708218008584],[114.14348694890059,-7.695844324521334],[114.12120963802566,-7.676584123540763],[114.08191450305857,-7.627203149576517],[114.0811820867883,-7.626437627099865],[114.0803218287394,-7.62581632032333],[114.0485840461584,-7.60701756734508],[114.04760270142832,-7.606552981608742],[114.04655155909987,-7.606276492602477],[114.04546696310697,-7.606197659982761],[114.04438641388717,-7.606319209328848],[114.01492680921749,-7.612423146609006],[114.01399570083919,-7.612697728818552],[114.01312331426502,-7.6131212856448975],[114.01233371963535,-7.613682130721992],[113.94200602628251,-7.672972163865879],[113.92906665493027,-7.678177399753301],[113.90950458721937,-7.680291579830443],[113.88733900132468,-7.677357190186183],[113.8713704085778,-7.672455298262646],[113.87002523244294,-7.672208295244603],[113.8551324382614,-7.671232323272514],[113.85406555487903,-7.671259074239496],[113.85302135561906,-7.671477466910201],[113.85203459983691,-7.671880231340972],[113.83445677437479,-7.680994125450267],[113.8334941693516,-7.681619912179264],[113.83267392705264,-7.68242042351886],[113.81236825935468,-7.706579066330628],[113.8010628108713,-7.716506910037348],[113.78560843373985,-7.720422712410244],[113.76449941447594,-7.717192858977732],[113.72500804243225,-7.702825138648786],[113.7234074398092,-7.70248449550459],[113.70037775804762,-7.700856542542052],[113.69939153120154,-7.70086939579781],[113.69842152161314,-7.7010462413851375],[113.68938864012766,-7.703488215694366],[113.6885240824919,-7.703796026277154],[113.66931743599342,-7.712375536609629],[113.65885900640497,-7.714270417997446],[113.52946038263994,-7.6946429109345855],[113.52860150331999,-7.694576085115254],[113.52774204930138,-7.694634973123659],[113.50373538455925,-7.698052950788001],[113.50264438189804,-7.698316132836478],[113.50162425941218,-7.698781016902477],[113.49705630148186,-7.701415986966026],[113.49607270967124,-7.702128915562655],[113.49525958723147,-7.70302832579697],[113.49465223001557,-7.704075177446046],[113.4942770029618,-7.705224030117007],[113.4941501954897,-7.70642501553002]]},"properties":{"i":9,"t":0.09999999999999998,"color":"#2f6f7e","alpha":0.9288661845793069,"width":0.77805}},{"type":"Feature","geometry":{"type":"LineString","coordinates":[[117.49725193040983,-8.266732941377608],[117.49725156258467,-8.320105251008293],[117.49356219503744,-8.328367560573225],[117.48342909157577,-8.341372055650028],[117.48315718422094,-8.341797246509527],[117.48296912545185,-8.342264716442461],[117.4828713548222,-8.342758459027],[117.48213930436548,-8.349919457824189],[117.48213348954144,-8.350402017137142],[117.48221400949848,-8.350877992042383],[117.48237832790052,-8.351332387784872],[117.48262126843917,-8.351750889375705],[117.4902712432777,-8.362574935115024],[117.49063165087618,-8.362989035255026],[117.49106848653788,-8.363323489883888],[117.49854451786251,-8.367939515129589],[117.49902015571332,-8.368173348451037],[117.49953237949421,-8.36831233005614],[117.50006206351459,-8.368351270597806],[117.50058943011533,-8.368288716122201],[117.50109478818403,-8.368127002356028],[117.50155926843613,-8.367872167483949],[117.50196552799895,-8.367533726674582],[117.5022983979851,-8.367124316776946],[117.50254544987109,-8.366659224457724],[117.50269745953415,-8.366155815402157],[117.50274875162242,-8.365632885895124],[117.50274740480293,-8.173159991148067],[117.50269056158592,-8.172609683958736],[117.50252234974539,-8.172082156050308],[117.50224973235939,-8.17159924298247],[117.50188399396933,-8.171180933539132],[117.50144027344905,-8.170844542377464],[117.50093693736333,-8.170603993368825],[117.50039481975489,-8.170469243289599],[117.49983635982265,-8.170445869711006],[117.49928467317652,-8.170534840141988],[117.49876259510036,-8.170732471978749],[117.4926696199637,-8.173774450985036],[117.49201225145657,-8.174233141656599],[117.4849322494256,-8.180906107935138],[117.48456853959814,-8.181326722006093],[117.48429845078705,-8.181811518362043],[117.47909038205114,-8.193937490452404],[117.47895065876487,-8.194352914143455],[117.47888012371851,-8.194785142542903],[117.47774002490719,-8.208945142333015],[117.47773510727403,-8.20930333215153],[117.47993282138934,-8.250807369588342],[117.4800034961816,-8.251293647723088],[117.48016145503416,-8.251759402223245],[117.48211443429096,-8.256154416271116],[117.48235351001985,-8.2565829538631],[117.48266636904533,-8.256962131562696],[117.48304287146037,-8.257279659829852],[117.48347081451993,-8.257525247227244],[117.48830691775902,-8.259751347968004],[117.49725193040983,-8.266732941377608]]},"properties":{"i":10,"t":0,"color":"#2f6f7e","alpha":1,"width":0.9}},{"type":"Feature","geometry":{"type":"LineString","coordinates":[[117.50275351649202,-9.022797019742924],[117.50274912803181,-8.418872350000461],[117.5026958106526,-8.418339145943614],[117.502537806017,-8.417826634767646],[117.50228125034131,-8.41735471893316],[117.50193610679429,-8.416941724391249],[117.50151577855992,-8.416603688952842],[117.5010365883373,-8.416353739517573],[117.50051714449161,-8.41620158234142],[117.49997761846808,-8.416153126133013],[117.46925393310663,-8.416399005581738],[117.45700946613884,-8.411807206352991],[117.44880733603304,-8.406365933742089],[117.44830809262554,-8.406103916427039],[117.44776522657334,-8.405948414765076],[117.44720168275381,-8.405906001244587],[117.44664127997514,-8.405978468557148],[117.44610770430923,-8.406162753825903],[117.44155072477136,-8.408278738741366],[117.44105201243761,-8.408577917010088],[117.44062834326866,-8.408974427572469],[117.44029879000043,-8.409450420597397],[117.44007818868484,-8.409984468080337],[117.43997647075909,-8.41055252844684],[117.43869373089204,-8.428910982360694],[117.4352053334498,-8.441236287368536],[117.42879854813616,-8.451914463143329],[117.4285172176808,-8.45256263653949],[117.42509913889906,-8.464525619324311],[117.42500065073281,-8.465099291132137],[117.42502784975602,-8.465680552599348],[117.42517949084345,-8.466242782726969],[117.42901219743011,-8.47607680943483],[117.35457798818713,-8.444336216559705],[117.31772085471208,-8.417502349191318],[117.31735616137937,-8.417277998167815],[117.28881265924689,-8.40264210756796],[117.27538979582503,-8.392996229231649],[117.27483488911983,-8.392687573426668],[117.26303495631946,-8.387804600610293],[117.26260535206684,-8.387666605228015],[117.26215870189765,-8.387600060863237],[117.22942977722708,-8.385418391568114],[117.21719863908837,-8.38252730438342],[117.19728651914713,-8.355978890626504],[117.19689200157978,-8.355555236427907],[117.19641612445207,-8.35522329843884],[117.19588024316464,-8.354997972576804],[117.19530840570019,-8.354889370470834],[117.19472627350895,-8.354902365718306],[117.19415997000793,-8.355036375187431],[117.17276875219227,-8.362543029209277],[117.1399103625576,-8.369341428897455],[117.139225971922,-8.369579774964382],[117.11643906780948,-8.38105369694344],[117.1159576113453,-8.38136259158465],[117.11555147975487,-8.381763635428173],[117.11523837296491,-8.382239350565369],[117.11503193693153,-8.382769004752738],[117.11494116888554,-8.383329514920044],[117.11497002514872,-8.383896453143858],[117.1151172486249,-8.38444511124899],[117.12273341935528,-8.404217571942555],[117.08884444490342,-8.42284925442611],[117.08853108932345,-8.423050217242157],[117.03046985120696,-8.466087849009366],[116.98341320102539,-8.49328830127277],[116.88971113501417,-8.523658775717896],[116.87946361322608,-8.525521872270746],[116.8665125715226,-8.524908831020978],[116.85872818380177,-8.521677217899027],[116.83992830285096,-8.505838166026074],[116.83949649707777,-8.505539878105802],[116.83901510287741,-8.50532848115713],[116.83850178334824,-8.50521173165366],[116.83797537291147,-8.505193913316697],[116.83745518629,-8.50527567994621],[116.83696030986832,-8.50545403143048],[116.836508901427,-8.505722423814863],[116.83611752393769,-8.506071009392688],[116.83580053785683,-8.506486998011882],[116.8355695742132,-8.506955126344126],[116.83543310782117,-8.507458217902183],[116.83539614628363,-8.50797781326116],[116.83660343227045,-8.554419353662434],[116.8299766039286,-8.572459157137281],[116.78951394813512,-8.581045232134024],[116.78904240732508,-8.581190090031907],[116.78860466610523,-8.581415980688352],[116.7882148344193,-8.581715622902792],[116.78788547800933,-8.58207935819092],[116.78762721338101,-8.582495462094812],[116.74605278436275,-8.665335221741362],[116.74586779765347,-8.665811354275183],[116.74577601174742,-8.666313262216784],[116.74578065611904,-8.666823288050324],[116.74588156775788,-8.667323488595342],[116.74607519685033,-8.667796266266643],[116.74635473161648,-8.668224988185232],[116.74671033791822,-8.66859457135762],[116.74712950521288,-8.668892013333695],[116.76952075997649,-8.681820573904053],[116.76959080850537,-8.70474441183638],[116.76140370532852,-8.73753741381018],[116.76132448090615,-8.738119263783071],[116.76137346759889,-8.738704364840608],[116.76154838254152,-8.739265443348229],[116.76184107281826,-8.7397763453355],[116.76884404927101,-8.749402386480686],[116.76923719498599,-8.749836006553014],[116.7697147270604,-8.750176980577471],[116.77025475456772,-8.750409677584665],[116.77083252150227,-8.750523430241472],[116.77142154170237,-8.750513023889694],[116.7894195954792,-8.748275107686286],[116.79501465139957,-8.755985630198163],[116.79992634677231,-8.765575386517234],[116.8018879504287,-8.772403545892674],[116.8020884909552,-8.772905517746452],[116.80238539135682,-8.77335847277138],[116.80547838519776,-8.77718349010685],[116.80576241865208,-8.777484798966768],[116.80608923247765,-8.777740273152835],[116.81266544262174,-8.782124105700127],[116.81881930469223,-8.788644395132193],[116.82158649097268,-8.798861631631324],[116.8151105641097,-8.81576860031982],[116.77635195306625,-8.823683970798127],[116.77588001679965,-8.82382488370289],[116.77544110370384,-8.824046740117952],[116.77504929992557,-8.824342419999635],[116.77471717981227,-8.824702434058448],[116.75675745873536,-8.848070767954429],[116.73322700992534,-8.871480732682372],[116.73290265420948,-8.871869673090243],[116.73265651760389,-8.872311072673321],[116.73249705438111,-8.872789770819491],[116.73242974193928,-8.873289325772006],[116.73245689262716,-8.873792579341844],[116.73388982502253,-8.883416592469514],[116.73390927459856,-8.883530390191787],[116.73816412372791,-8.905564426699389],[116.73830265725488,-8.906040775359418],[116.74480827747713,-8.92255980423931],[116.7289441371191,-8.94496321838228],[116.72864997208791,-8.945497158982997],[116.72848324418082,-8.946082316508685],[116.72573512448625,-8.96265630269324],[116.72570269489742,-8.963238018602581],[116.72579646238978,-8.963813216090502],[116.72601212345182,-8.964355492694363],[116.72633977935497,-8.964839956967669],[116.74312575339873,-8.98467273976094],[116.75608519337197,-9.005791017015465],[116.76047647443859,-9.016572641383929],[116.76074021436018,-9.017066554849464],[116.76110054058717,-9.017496863945416],[116.76154226096197,-9.01784542554464],[116.7620467513413,-9.01809754320488],[116.76259274085814,-9.01824258684605],[116.76315720880757,-9.018274440971352],[116.76371635533211,-9.018191762528831],[116.7733529299401,-9.015746622045386],[116.8045267012951,-9.03849694683821],[116.80492929449693,-9.038740974001023],[116.80536819217312,-9.038913465397414],[116.82750333865155,-9.045504503833667],[116.82799020417278,-9.045603197635595],[116.84968464185154,-9.048014239172446],[116.90557032538237,-9.065994520289111],[116.9063608101896,-9.066127537387898],[116.92817097136388,-9.066615532544722],[116.92872245896407,-9.066572981587907],[116.94877517576391,-9.06299816002808],[116.96897553859344,-9.073671558217427],[116.98955046124014,-9.087164502761489],[117.00760204034079,-9.109011805657806],[117.0079809515007,-9.109388402605045],[117.00842673878299,-9.109685155245291],[117.00892241556231,-9.109890755822285],[117.00944909406634,-9.1099973699236],[117.00998670513208,-9.110000935026372],[117.07155115039687,-9.104446869900041],[117.07181831747755,-9.104409642034952],[117.127319696746,-9.093911545148682],[117.12786782938234,-9.09374797356589],[117.12836983805413,-9.093476015586853],[117.1288040187953,-9.093107429203009],[117.14297200076541,-9.07828435655999],[117.14311011050687,-9.078128348366867],[117.15560607112896,-9.062876281265586],[117.15581617465895,-9.0625818966696],[117.17332129154669,-9.034235260802868],[117.1929369499224,-9.026446992697581],[117.2256759870071,-9.026499374142087],[117.27295031350513,-9.042807002594522],[117.27316642497904,-9.042871846754547],[117.29968252755916,-9.049667525025221],[117.333176825548,-9.061904124815667],[117.3337877978301,-9.062051682720051],[117.33441672600891,-9.062058512883306],[117.3891531173772,-9.056443445660332],[117.38961846093055,-9.056355202404024],[117.47463224043578,-9.032579887470476],[117.5007376437611,-9.025416680086611],[117.50121471181625,-9.0252372503053],[117.50165002232669,-9.024973934524056],[117.50202861099177,-9.024635784613269],[117.50233746350844,-9.02423442493657],[117.50256596294967,-9.023783652728595],[117.50270625471252,-9.023298963780729],[117.50275351649202,-9.022797019742924]]},"properties":{"i":10,"t":0,"color":"#2f6f7e","alpha":1,"width":0.9}},{"type":"Feature","geometry":{"type":"LineString","coordinates":[[117.34663266597245,-8.160105782812273],[117.34665336626405,-8.160615762612347],[117.34676999913421,-8.161112925495951],[117.34697845533262,-8.161579753783078],[117.34727139011575,-8.16199979858684],[117.34763848200775,-8.162358259412832],[117.34806679646363,-8.162642505681099],[117.34854124162362,-8.162842521791262],[117.34904510009899,-8.162951260045357],[117.3495606180491,-8.16296488898996],[117.35712968820954,-8.16245999440367],[117.36096978141437,-8.165155011659403],[117.36136837752122,-8.165387479636303],[117.36180074015164,-8.165550451859268],[117.36953278913381,-8.167747463035774],[117.36998128879108,-8.167835710816693],[117.37043836862514,-8.167849111621642],[117.3780874204851,-8.167442104950883],[117.3786015762274,-8.16736599182825],[117.37909204274716,-8.167195385131082],[117.3795412578899,-8.16693639382358],[117.37993313668262,-8.16659829164939],[117.38367713192527,-8.16269227319056],[117.3839875148936,-8.162291837018758],[117.38573044458505,-8.1627844893328],[117.386306310951,-8.162883272880263],[117.38689026426182,-8.162859262311802],[117.38745587629927,-8.162713544323568],[117.39738455448018,-8.159000944866156],[117.40560244618186,-8.156503197670697],[117.40601765764235,-8.156339344964254],[117.4064005281057,-8.15611102216609],[117.41177153925199,-8.15228599960368],[117.41212849443994,-8.151982667657714],[117.41242792496436,-8.151623507638282],[117.412661049635,-8.151219052603027],[117.41371137452516,-8.14896841979806],[117.41792638361127,-8.148552598441835],[117.41844499519368,-8.14845083230899],[117.41893431040278,-8.148252628546485],[117.41937620641103,-8.14796532810565],[117.41975431676798,-8.14759957180828],[117.42349730703957,-8.143205552732095],[117.42379371087988,-8.142781817134805],[117.42400400896787,-8.1423103422065],[117.42412064634675,-8.141808066419046],[117.42413943301949,-8.141293034741738],[117.42405969442963,-8.14078375034419],[117.42388429564159,-8.140298509847982],[117.42361953835942,-8.139854746008728],[117.4232749344909,-8.139468401441803],[117.42286286439746,-8.13915335588864],[117.42239813211103,-8.138920927596093],[117.42189743349738,-8.138779466718663],[117.4179805706366,-8.138061405247653],[117.41625285938385,-8.136036600489838],[117.41588566988281,-8.13568013034952],[117.41545777747024,-8.13539765663952],[117.41498418179586,-8.135199081349299],[117.41083420747185,-8.133897088089695],[117.41014683019708,-8.133773660042943],[117.39907890626719,-8.133203658303772],[117.39846057100536,-8.133241031607442],[117.38535865429067,-8.135520009696098],[117.38483609740116,-8.135664750039426],[117.3843524736947,-8.135908326585003],[117.38392665190334,-8.136241236194403],[117.3835752457299,-8.136650490353544],[117.3752095384213,-8.14861148632115],[117.3622372505613,-8.147451988880924],[117.36175958726318,-8.14745055349778],[117.36128888949271,-8.147531028046041],[117.35225594285542,-8.149891008185016],[117.35169135812185,-8.150106739845384],[117.35118819114909,-8.150439581313055],[117.35077085936612,-8.150873380793996],[117.35045961506219,-8.151387087221652],[117.3468785732979,-8.159119067737807],[117.34670862727123,-8.159600955317307],[117.34663266597245,-8.160105782812273]]},"properties":{"i":10,"t":0,"color":"#2f6f7e","alpha":1,"width":0.9}},{"type":"Feature","geometry":{"type":"LineString","coordinates":[[116.97878821249702,-8.41419830613857],[116.97883442790207,-8.414737128774476],[116.98200831711978,-8.431583156836421],[116.98216204684657,-8.432103796751697],[116.98241719101739,-8.432583902614203],[116.98276359860684,-8.433004372558099],[116.98318748738106,-8.433348477388844],[116.98367199223229,-8.433602526212216],[116.9841978361981,-8.433756411178852],[116.98474409746505,-8.433804009665584],[116.98528904183327,-8.43374342788804],[116.98581098751231,-8.43357707624959],[117.00013405736445,-8.427392032299341],[117.00051296896477,-8.427192206227263],[117.00085579787432,-8.426936457522581],[117.00345979942716,-8.424657445409705],[117.00384652833783,-8.424240335455702],[117.00413758561388,-8.423753078091238],[117.00432036331559,-8.42321678086141],[117.00438694418176,-8.422654675575298],[117.00433444452234,-8.422091111912907],[117.00416513904935,-8.421550502624463],[117.00388636225439,-8.421056266015608],[117.00351019061883,-8.420629811526263],[117.00225025543588,-8.419470837300008],[117.00278700896446,-8.419184594867039],[117.00742167526062,-8.420442299740241],[117.0079727932955,-8.420533604164579],[117.00853119146527,-8.420512794489621],[117.00907379891994,-8.420380730518248],[117.0095781972714,-8.42014286864414],[117.01002354688207,-8.419809036397483],[117.01523154744666,-8.415007011627301],[117.01557545129609,-8.414623930632311],[117.01584060631218,-8.41418384428961],[117.016017600543,-8.413702374407357],[117.01610015156683,-8.413196611725642],[117.016085329455,-8.412684509235481],[117.01535328951414,-8.406825516628965],[117.01524337437016,-8.406330644755455],[117.01504255074649,-8.405864533311407],[117.01475779141407,-8.405443365391498],[117.01439898324632,-8.405081763635469],[117.01397858393338,-8.404792282558942],[117.01351118945716,-8.404584972689708],[117.01301302734394,-8.404467031638994],[117.01250139328565,-8.404442554219395],[117.00575771250507,-8.404742684707516],[116.99808077707306,-8.401778010784575],[116.99751857816368,-8.401626470674675],[116.99693671924975,-8.401595545469275],[116.99636134267834,-8.401686624638447],[116.99581829958227,-8.401895616113176],[116.9953319884794,-8.40221313012179],[116.99398826921954,-8.40330922103922],[116.99264533426383,-8.402213413244697],[116.99261123044344,-8.402186034996278],[116.98951923814452,-8.399744047981828],[116.98909302339469,-8.399467275440605],[116.98862246892652,-8.399273118227725],[116.98812376085517,-8.399168254954644],[116.9876140536688,-8.399156292710721],[116.98711088018581,-8.399237642991952],[116.98663154850077,-8.399409507544439],[116.98619254665743,-8.399665974609755],[116.9858089755202,-8.399998222262967],[116.98549402934789,-8.40039482185121],[116.98305201468712,-8.404138808408959],[116.98284448222454,-8.404520757141782],[116.97901943421908,-8.413146735500174],[116.97885070522969,-8.413661093219483],[116.97878821249702,-8.41419830613857]]},"properties":{"i":10,"t":0,"color":"#2f6f7e","alpha":1,"width":0.9}},{"type":"Feature","geometry":{"type":"LineString","coordinates":[[116.83540935030034,-8.446492831886044],[116.83551815133671,-8.44702454911264],[116.83573150353521,-8.447524324552429],[116.8360409156243,-8.447972266610417],[116.83643407292432,-8.44835054665709],[116.83689532745834,-8.448644108654625],[116.84527836905349,-8.452875133044301],[116.84568318108812,-8.453040690715165],[116.84610943978784,-8.453140557803966],[116.85839752449719,-8.455012566428586],[116.85890280321378,-8.455042900225994],[116.85940513928873,-8.45498109915378],[116.85988750366595,-8.454829258270598],[116.87010373504872,-8.450553189974826],[116.88266834370468,-8.448308987864813],[116.89143489265153,-8.451980964641983],[116.89196001761442,-8.452141877346023],[116.89250701242652,-8.452196242241172],[116.89885505703262,-8.452196239846518],[116.89939515643546,-8.45214324981286],[116.91705527053813,-8.448643219454693],[116.91747469745093,-8.448525199612444],[116.91786998068389,-8.448343074132714],[116.93137903156683,-8.440775024954792],[116.9313923964233,-8.440767488401228],[116.93419734457258,-8.43917543717785],[116.93787211127892,-8.437854556776037],[116.94249183693954,-8.440912778633436],[116.94300573625333,-8.441180007597806],[116.94356491397225,-8.44133453927945],[116.94414443206189,-8.441369481941745],[116.94471844530993,-8.441283277249669],[116.9452613540353,-8.44107976976708],[116.95046937646636,-8.438475752145672],[116.95091151610855,-8.438199557021962],[116.95129278046633,-8.437845553407989],[116.95159937519888,-8.437426549528668],[116.95182020769647,-8.436957705334018],[116.95194728839616,-8.436455983979132],[116.95422618458356,-8.421563974090459],[116.95425338329271,-8.421014846274554],[116.9541683537107,-8.420471529930483],[116.95397457219997,-8.419956235187556],[116.95367996069083,-8.419490026604185],[116.95329656278624,-8.419091962097689],[116.95284005140205,-8.418778313911352],[116.95232908807485,-8.418561903459146],[116.95178456012749,-8.418451577232839],[116.95122872687196,-8.418451845190493],[116.9351158367708,-8.420078827680774],[116.93458849339049,-8.420184412717976],[116.93409204121782,-8.420389569887096],[116.92278008664356,-8.42641153005629],[116.92228614276107,-8.426747948385234],[116.92187770581916,-8.427182304364246],[116.9167611664671,-8.433980784373238],[116.90688477460692,-8.433980765122548],[116.88293104504838,-8.43163400441548],[116.88244335321944,-8.431629208153252],[116.88196247938298,-8.431709723575407],[116.85811862559228,-8.437894673746337],[116.8580779421439,-8.437905555737785],[116.83740706702051,-8.443602510625334],[116.83689602396686,-8.443799515870731],[116.83643469011537,-8.44409293724214],[116.83604142671663,-8.444471096571736],[116.8357318859453,-8.444918943071478],[116.83551838793078,-8.445418652330039],[116.83540943037795,-8.445950335705735],[116.83540935030034,-8.446492831886044]]},"properties":{"i":10,"t":0,"color":"#2f6f7e","alpha":1,"width":0.9}},{"type":"Feature","geometry":{"type":"LineString","coordinates":[[116.63366050163702,-8.272381747483891],[116.59158698019014,-8.267041651862359],[116.57423901009724,-8.261625538424802],[116.55603031029474,-8.24900752567003],[116.55565625004323,-8.248789705593524],[116.54027532684046,-8.241383748839498],[116.53989488628353,-8.241234116914505],[116.53949620350257,-8.241142080580998],[116.49798192911246,-8.234736643448693],[116.42568566192416,-8.215166287270305],[116.3951218258381,-8.198715091463177],[116.39466826009868,-8.19852099281728],[116.39418690158077,-8.198410442611387],[116.39369331982816,-8.198387016599652],[116.37611544015266,-8.199120007332011],[116.37566960083588,-8.199174977471019],[116.37523877229975,-8.199301126233514],[116.2853962486015,-8.23372488764976],[116.28481982823558,-8.234027926729992],[116.26813687311592,-8.24550185984816],[116.2677444805423,-8.24582951746094],[116.17909597226853,-8.335127586930462],[116.16647609714072,-8.344651950837948],[116.13711613959302,-8.360585652820971],[116.13679968907331,-8.360786376273625],[116.12117472519134,-8.372260311028308],[116.12086407431512,-8.372526239143523],[116.12059695088197,-8.37283499919823],[116.11498192947444,-8.380403968413754],[116.11462822122927,-8.381047482996655],[116.10818048022038,-8.397842437934006],[116.10401351080048,-8.403190668340965],[116.09749841726426,-8.405701471888687],[116.06930186834472,-8.403525782280422],[116.0688465785301,-8.403528046010072],[116.06839791084101,-8.403604616772718],[116.06796817214483,-8.40375339425415],[116.04892726733156,-8.412154338521455],[116.04850556723599,-8.412386240012049],[116.04813134616994,-8.412687500852252],[116.0478161309889,-8.413048841631523],[116.02570604159186,-8.443418719220999],[116.0254278935732,-8.4438963165633],[116.02525281520411,-8.444419580477522],[116.02518799883896,-8.444967016162424],[116.02523610750391,-8.445516135788141],[116.03588973724898,-8.500911215959515],[116.03607031282073,-8.501489554020155],[116.03637576251099,-8.502014065184484],[116.03679095486298,-8.502458765269216],[116.06044713370565,-8.522717343164057],[116.06988731870666,-8.577968697183033],[116.06793143910096,-8.638169070882228],[116.06065649876996,-8.672501367956249],[116.06060565271756,-8.672856944894766],[116.05752735814188,-8.713704929634197],[116.05754405783009,-8.714267612527921],[116.05767760294182,-8.714814844133532],[116.05792227173869,-8.715323176337982],[116.05826758087511,-8.715770827727052],[116.05869873453915,-8.716138616917913],[116.05919725840772,-8.716410784491902],[116.08797639047926,-8.728468073454279],[116.0853444318641,-8.735377317610924],[116.0758893063908,-8.740851452929597],[116.07540369765596,-8.741208904542217],[116.07500895245013,-8.74166268314199],[116.06548686421309,-8.755421740418157],[116.05986467664863,-8.74854148151505],[116.0557862831694,-8.738502734910188],[116.05566816331924,-8.738250178051754],[116.05298314053611,-8.733204195183676],[116.0526621233242,-8.732729618076297],[116.0522479456192,-8.732331733185033],[116.05175885870901,-8.732028073597471],[116.05121641464243,-8.731832020263012],[116.05064451655082,-8.731752212383078],[116.0412855837958,-8.731427213305833],[116.04073475168714,-8.731462845036594],[116.04020220399785,-8.73160644058834],[116.03970937692337,-8.731852219946424],[116.03222240266122,-8.736572191205918],[116.03174508524195,-8.736953310049795],[116.02603203297491,-8.742666335185813],[116.02248910259325,-8.74527675307481],[116.01452238214556,-8.744029681234796],[116.00352834863486,-8.740205751754834],[116.00313624990518,-8.74010078626719],[116.0027327892957,-8.74005402521752],[115.99375946299473,-8.739673718405529],[115.98432860213109,-8.734663629145645],[115.98386052519142,-8.734467650533102],[115.98336396236608,-8.734360126869781],[115.98285586345291,-8.73434472839905],[115.98235357200258,-8.734421980742253],[115.98187423334763,-8.734589246957256],[115.98143420939506,-8.734840817542041],[115.96681911181899,-8.745086052873825],[115.95372564857,-8.751054930856458],[115.94170012227355,-8.75215134232298],[115.91859975325816,-8.75102383346929],[115.91834973791505,-8.751022863353104],[115.89388895747275,-8.752026515675636],[115.89006356831808,-8.744829169927687],[115.88713236814098,-8.732233458821058],[115.88699557321497,-8.731808636094993],[115.88679039425435,-8.731411611708625],[115.88174436443647,-8.723354642190186],[115.88142631222132,-8.722941065025756],[115.88103450133451,-8.722594811269445],[115.88058322930353,-8.722328515877624],[115.88008896330669,-8.722151896069041],[115.87956973929789,-8.722071396758398],[115.87904450390182,-8.722089955392502],[115.8785324230886,-8.7222068947678],[115.87805218284645,-8.722417947739348],[115.86856371454839,-8.727713530343415],[115.84936184600011,-8.722182150983278],[115.84885720051507,-8.722086178518115],[115.84834330281271,-8.722084641891417],[115.84783808154867,-8.722177594717396],[115.8473591626994,-8.722361794097905],[115.84692325466996,-8.722630813751893],[115.84654556540379,-8.722975268199844],[115.84623927182545,-8.723383140184222],[115.8314681747484,-8.747464052931713],[115.83123232947575,-8.747952338143758],[115.83109895822567,-8.748477108385563],[115.82797380999213,-8.769415088545546],[115.82795606191665,-8.769561317882163],[115.82589790317418,-8.791535305450335],[115.82591796910718,-8.792198084581742],[115.82609974109567,-8.792836365846581],[115.83672360337523,-8.817907436394773],[115.83699119066607,-8.818393247177953],[115.83735271397347,-8.81881550917406],[115.83779321850899,-8.819156754750098],[115.83829448212752,-8.819402867624788],[115.83883576912933,-8.819543666844046],[115.86652713381297,-8.823832994417277],[115.92688686649562,-8.857284981535404],[115.92728554477759,-8.857466246265583],[115.92770831241735,-8.857582594769237],[115.94382242365104,-8.860674614592018],[115.94436241421654,-8.860724435302425],[115.9449018062546,-8.860668665268147],[115.9593059036176,-8.857739643186326],[115.95975435286263,-8.85760835162798],[115.96017382523006,-8.857403926684928],[115.96055220641142,-8.857132272153983],[115.96560243940915,-8.852813256998216],[115.96861011091748,-8.852261985223825],[115.97966758636619,-8.859972722758773],[115.98607268580807,-8.868564159063993],[115.9938297807038,-8.890636026244437],[115.99408794593776,-8.89117267783369],[115.99978391189637,-8.900286712640623],[116.00008341967158,-8.900680915806104],[116.00045002856,-8.901015234835846],[116.00785604738931,-8.906631266293266],[116.00855524940766,-8.907016478087298],[116.01832130733693,-8.910678501435168],[116.01880153111986,-8.910810857040515],[116.0192980410646,-8.910855467851585],[116.02995911877221,-8.91085546633976],[116.03043475846007,-8.910814554288285],[116.03089608546873,-8.91069306205609],[116.03132922131427,-8.910494644604924],[116.04166426361142,-8.904634607464486],[116.04211942612295,-8.90431151889851],[116.0424989083829,-8.903904040962079],[116.04278697775918,-8.903429067230928],[116.04297169163357,-8.902906289509101],[116.04304539248199,-8.902357381406445],[116.0430050252773,-8.901805099764562],[116.03961464808181,-8.88275608865871],[116.03894594721687,-8.871323956440296],[116.04192265187837,-8.867122401032052],[116.05037457811717,-8.865388681301],[116.0509522450775,-8.865202494115026],[116.06022257483134,-8.86104655429773],[116.06867843228768,-8.858546573838904],[116.07627486724594,-8.860428336181382],[116.08083880589508,-8.865805081033193],[116.07995168688223,-8.871421784924046],[116.07399928870856,-8.877166634903867],[116.06319657551124,-8.881441480122566],[116.06273759159738,-8.881674594366224],[116.06233072170366,-8.881988264005598],[116.06199026950188,-8.882371461978687],[116.06172820385483,-8.882810716913683],[116.06155373803547,-8.883290586697312],[116.06147300580149,-8.883794201329282],[116.06148884571671,-8.884303855981527],[116.0616007013076,-8.884801633415151],[116.0618046405724,-8.885270033874601],[116.06209349416422,-8.885692590314358],[116.06245710739736,-8.886054447327796],[116.07539613199958,-8.896715505250734],[116.07584951503532,-8.897018971527054],[116.07635473020896,-8.897227759857886],[116.07689178009686,-8.897333605969552],[116.09040087748612,-8.898635613112019],[116.09102675176892,-8.898625272327576],[116.09163407301261,-8.898475494552319],[116.09219143337725,-8.898194025620485],[116.1028524675507,-8.891194983242096],[116.10322251477231,-8.890903810217477],[116.1035366291824,-8.890554333284955],[116.10378553229621,-8.89015687567802],[116.1039618719831,-8.889723177899754],[116.10774904813616,-8.877450612079176],[116.15206134332811,-8.878378938437274],[116.16602645576161,-8.88104950465149],[116.17640917582997,-8.889627521023515],[116.1941749049313,-8.91583427034767],[116.19449915082784,-8.9162275359345],[116.19489167788917,-8.91655448013942],[116.20319270543739,-8.922250512874214],[116.2036321577625,-8.922496332670503],[116.20410966908486,-8.922658710549412],[116.20460916856787,-8.922732181616496],[116.2051138453096,-8.922714273176183],[116.20560671415697,-8.922605587955468],[116.21276875788412,-8.920327571301218],[116.21320097452504,-8.920148694220467],[116.21359621224039,-8.919899982956451],[116.22603481040191,-8.91051165574524],[116.23591990412235,-8.908505766928585],[116.24094198505776,-8.91018055716608],[116.24709695863497,-8.91896117456666],[116.24741563492853,-8.91933793497363],[116.24779768877335,-8.919651951947381],[116.2482306670529,-8.919892989941728],[116.2540896991296,-8.922497006032806],[116.25459771133319,-8.92266623367616],[116.25512928861669,-8.922734978940435],[116.25566426857871,-8.92270063437225],[116.2727543871489,-8.91993361148508],[116.27332478126525,-8.919777548118663],[116.31085751364897,-8.905055683537752],[116.32756693266968,-8.901698246259157],[116.33529972452301,-8.905157917551605],[116.34069234924702,-8.913357199926995],[116.34492147224273,-8.92245390876909],[116.34528038928072,-8.923026235268214],[116.34926738090917,-8.927909257471079],[116.34968673432351,-8.928322566782345],[116.35018588245022,-8.928637685855064],[116.35074171268158,-8.928840023298745],[116.35132848762997,-8.928920209995592],[116.35191903694525,-8.92887453295536],[116.36111509977745,-8.927165518941129],[116.36162563257126,-8.927019029700473],[116.36209813451445,-8.926778324510604],[116.362514982078,-8.926452381326545],[116.36286062767162,-8.92605335732268],[116.37147122305653,-8.91391057036673],[116.37812822296634,-8.914484590609264],[116.38589682534462,-8.924404667209881],[116.38544272972678,-8.937501786362409],[116.38545066485571,-8.937821168513612],[116.38642758072072,-8.949377178159994],[116.3865196858786,-8.949883029167841],[116.38670649808304,-8.950362731924859],[116.38698134458441,-8.950799151035545],[116.38733440787439,-8.95117669718093],[116.38775307634948,-8.951481884003345],[116.38822239480216,-8.951703809874296],[116.40213847982086,-8.956749841009696],[116.40265736869459,-8.956883052747889],[116.40319255085691,-8.956914400246962],[116.4037237300888,-8.956842694701187],[116.40423076199347,-8.9566706554801],[116.40469441799806,-8.956404806990847],[116.40509711461173,-8.95605523123097],[116.40542358027744,-8.955635185418782],[116.40566143452344,-8.955160599206344],[116.40580165745021,-8.954649470547054],[116.40583893175166,-8.954121183132981],[116.40475965052256,-8.915967200158669],[116.40473904703292,-8.915702540872385],[116.40048029977433,-8.882372796571351],[116.40045367900588,-8.856677265700615],[116.42413912895113,-8.839049144672773],[116.45521695762491,-8.836432582937547],[116.46813003587592,-8.840968009990826],[116.45775610572636,-8.863426808266443],[116.45764649142629,-8.863703101525058],[116.45045271611482,-8.885223357711185],[116.43066363281638,-8.908976747764676],[116.4303491941996,-8.90944569571477],[116.43013914961357,-8.909968527276595],[116.4300424868922,-8.910522871560188],[116.43006334256299,-8.911085009208634],[116.43020082476784,-8.911630887296505],[116.43044905133611,-8.912137148518738],[116.43079740139578,-8.912582130631668],[116.43123096976953,-8.912946793378111],[116.44505301771197,-8.922321847031137],[116.44553817495407,-8.922584306885662],[116.4460666482351,-8.922745654996186],[116.44661710009905,-8.922799376833549],[116.4756033115393,-8.922736368853558],[116.47615703722262,-8.922679533727422],[116.47668785722507,-8.922513801922426],[116.47717406095173,-8.922245951915786],[116.50959543942943,-8.899858034028822],[116.5231321250044,-8.904571719830145],[116.52357087697098,-8.904685347606124],[116.52402255659821,-8.904726254002947],[116.52447489989167,-8.9046933283415],[116.56579718617328,-8.898269271817986],[116.56632381165925,-8.898133560631024],[116.5668131080598,-8.89789813482575],[116.56724594609115,-8.89757219854661],[116.56760540387012,-8.89716849447294],[116.59111429870647,-8.864799363690919],[116.59138150559055,-8.86434403095909],[116.59155492072682,-8.863846363123],[116.59162804766459,-8.863325004848962],[116.59159814720336,-8.862799488264063],[116.5914663399522,-8.862289501201634],[116.59123756428468,-8.861814149625253],[116.59092039127383,-8.861391241862835],[116.59052670354889,-8.861036621463587],[116.59007125011034,-8.86076357366785],[116.5895710937839,-8.860582327721236],[116.5730926874835,-8.856344621449333],[116.5616915526579,-8.84674070122263],[116.56118705667124,-8.846403255645376],[116.5606197939045,-8.846183732682501],[116.54889185646437,-8.843071106812548],[116.54308177222745,-8.834522095718834],[116.54276017806251,-8.83413229562034],[116.54237144398054,-8.833807670660832],[116.54192886466058,-8.833559322879944],[116.54144757616898,-8.833395745655984],[116.54094403833146,-8.83332253325132],[116.54043547184594,-8.83334218950142],[116.53993926938158,-8.833454042188528],[116.53947240079722,-8.833654266027734],[116.5278294493062,-8.839970224631783],[116.5273878501016,-8.840268349438924],[116.52701295099426,-8.840645241600336],[116.52671891061183,-8.841086667451028],[116.51849231442492,-8.856519079585365],[116.51127756481057,-8.855549832145394],[116.50892360383085,-8.847406904485728],[116.51103338745847,-8.83333873886381],[116.51105934821972,-8.832797951588349],[116.51097637418343,-8.83226279498679],[116.50343942667855,-8.80330297514827],[116.5214482637476,-8.780396208002978],[116.55719682538525,-8.746946655575153],[116.55748143023597,-8.74663581618908],[116.55771430916302,-8.746285434376206],[116.58402310277731,-8.699137007142808],[116.60190126526312,-8.66776201526679],[116.62133607048551,-8.63627750248976],[116.62151121855084,-8.635943854287031],[116.63009602347532,-8.61639092703821],[116.67074884712883,-8.57573782561043],[116.67105683604055,-8.575370183586328],[116.6832637754374,-8.557873116097133],[116.68351002332416,-8.557440259928162],[116.68367254622135,-8.556970336771606],[116.68374592330387,-8.556479021472741],[116.68794690881909,-8.481259657070268],[116.69392119205833,-8.469084183527364],[116.70406729208042,-8.459409663395121],[116.7044420140806,-8.45896727534662],[116.73740083849586,-8.41038309329303],[116.73760944882967,-8.410017338709578],[116.74566635813471,-8.392927292338523],[116.74585563130546,-8.392380440472943],[116.74592378685546,-8.391806369332533],[116.74586774589255,-8.391231016820445],[116.73781049419334,-8.352413083662563],[116.73760771335299,-8.351807770797441],[116.7372680168772,-8.35126582269048],[116.70837795973557,-8.315376981929097],[116.70786297942091,-8.314885179609195],[116.66985908998278,-8.287053330859539],[116.66926618278029,-8.286722790157157],[116.6343533773656,-8.2725628728922],[116.63366050163702,-8.272381747483891]]},"properties":{"i":10,"t":0,"color":"#2f6f7e","alpha":1,"width":0.9}},{"type":"Feature","geometry":{"type":"LineString","coordinates":[[116.0267240154754,-8.355847455673693],[116.02680112914969,-8.356377576475726],[116.02698176071502,-8.356882463690447],[116.02725890435427,-8.357342534143122],[116.0315718904643,-8.363120558391223],[116.03195346475562,-8.363534577728025],[116.03241270101509,-8.363862444529477],[116.03293010525243,-8.36409024115987],[116.03348371416955,-8.36420829785183],[116.03405002752324,-8.364211603201401],[116.03460500574808,-8.364100016909243],[116.03512509047965,-8.363878275734882],[116.0396831088891,-8.361355259979456],[116.04003657476399,-8.361122414006536],[116.04034957127006,-8.36083848205476],[116.04449956749231,-8.356443461189619],[116.044839943042,-8.355999308156203],[116.04508164074052,-8.35549582552411],[116.04521450741736,-8.354954164289165],[116.04523296190882,-8.354397079214467],[116.04466290574474,-8.346341084324722],[116.0445764346495,-8.345828912116215],[116.0443931467598,-8.345342338342268],[116.04411972505704,-8.344899103383778],[116.04376613868835,-8.344515367442098],[116.04334527946585,-8.344205121362513],[116.04287249182636,-8.34397967655512],[116.04236501338944,-8.343847252606636],[116.03382007096435,-8.342463260934068],[116.03327905703578,-8.342429226221265],[116.03274181409722,-8.342500912227704],[116.03222924049321,-8.342675530431887],[116.03176127501025,-8.342946288321636],[116.0313561213092,-8.343302653601512],[116.03102953983424,-8.343730763869859],[116.0307942347376,-8.344213965833523],[116.0268881730129,-8.354793941771776],[116.02675341028473,-8.355312663120388],[116.0267240154754,-8.355847455673693]]},"properties":{"i":10,"t":0,"color":"#2f6f7e","alpha":1,"width":0.9}},{"type":"Feature","geometry":{"type":"LineString","coordinates":[[115.62115855933177,-8.286880173861968],[115.56726440095534,-8.219917824034065],[115.56697143616275,-8.219607054485776],[115.53718646093282,-8.192589192469224],[115.53686738280375,-8.192340078903344],[115.50398948491497,-8.170367204891583],[115.50352104836135,-8.170115820600333],[115.33897089811028,-8.101269261428255],[115.3384637226358,-8.101112176501053],[115.26982048923766,-8.08688225763481],[115.25348673988933,-8.077254618078026],[115.23780883094794,-8.065779231060107],[115.23722547829875,-8.065452855815611],[115.21655458489106,-8.056989910852923],[115.21603927345974,-8.056835457961967],[115.19366041619189,-8.052440489330102],[115.19309250549193,-8.052388710343429],[115.17282864331138,-8.052632710399642],[115.17223805172789,-8.05270360635973],[115.1716767333629,-8.052898756197381],[115.13473091131488,-8.070395649884407],[115.13434171636527,-8.070620506167893],[115.13399489169886,-8.070905340883666],[115.06146279000426,-8.141162577822234],[115.0214945072667,-8.170077013126102],[114.98410779131855,-8.17771406372584],[114.89291923222572,-8.177551550499775],[114.89243483625266,-8.177593217879757],[114.891965447147,-8.177718751418878],[114.8575759142388,-8.190238421906022],[114.69233248669397,-8.13246004828114],[114.69200717378821,-8.132368090786427],[114.67369628851539,-8.12838012145394],[114.6733762324327,-8.128329782584157],[114.63451810459445,-8.124524765403121],[114.61376564789819,-8.119336909900275],[114.59907044196146,-8.10843397471461],[114.59857272338317,-8.108140280639702],[114.5980238516163,-8.107956470133878],[114.59744824697272,-8.10789072122592],[114.5968715190788,-8.10794595917635],[114.5963193275253,-8.108119726338625],[114.59581624029654,-8.108404291500603],[114.56975886189093,-8.12700472167445],[114.55547232243391,-8.13102233515195],[114.54136252187767,-8.125731503583918],[114.52954387481675,-8.111891242083393],[114.52010307777195,-8.098173890863807],[114.51979736118717,-8.097804208083392],[114.5194310120197,-8.097493196454668],[114.50632904341595,-8.088215249895766],[114.50586823554843,-8.08795167302324],[114.50536473967013,-8.087781012878956],[114.50483745537461,-8.087709675456814],[114.48156261326311,-8.086814687944042],[114.48092952872575,-8.086863037820287],[114.45187671897403,-8.092478007471993],[114.45134588933988,-8.092637054796066],[114.45085815429262,-8.092898424771525],[114.45043339712828,-8.093251462273338],[114.45008893388194,-8.0936817751947],[114.44983880741829,-8.094171821136374],[114.44969321493053,-8.094701622523658],[114.44521704075613,-8.121394584998534],[114.44518056814505,-8.121897609696138],[114.44523855578906,-8.122398653295193],[114.46574591685383,-8.219078764991991],[114.46590988545941,-8.219592192715574],[114.4661728592018,-8.220063582261137],[114.5468204734305,-8.335786025408174],[114.54702059842408,-8.33603957568469],[114.57216655532946,-8.364278704627745],[114.57250969684488,-8.364602758069852],[114.60278374637872,-8.38861089090816],[114.60316459169013,-8.388864299539998],[114.60358274987952,-8.38905148916919],[114.63808794305511,-8.401176575732245],[114.63855147564938,-8.401295644043964],[114.63902886375264,-8.40133332572149],[114.7556195816241,-8.400440468574358],[114.79577192588087,-8.408054173399062],[114.92563376215995,-8.469823594470277],[114.95141533917447,-8.487251845883693],[115.0207631832309,-8.550916256752206],[115.0211820478586,-8.55123256036422],[115.05653614013734,-8.572964003046076],[115.07450812472828,-8.586916451872822],[115.08220669295488,-8.601459415118345],[115.08751661020383,-8.615777271797231],[115.08773709888948,-8.616234669966536],[115.08803958228292,-8.616643686707134],[115.10130356281503,-8.631455755689197],[115.10165537407498,-8.631784987225716],[115.13013942981355,-8.65408311147307],[115.13075279870492,-8.654446093839022],[115.13872784051674,-8.65786411657069],[115.13899416205558,-8.657962427458328],[115.14762159670794,-8.6606537647545],[115.15399290746805,-8.664014072930247],[115.169880644222,-8.697696350188025],[115.17007675773807,-8.69804334335831],[115.17453614301922,-8.704732974779194],[115.18342223952753,-8.722737110860246],[115.1792568855452,-8.74548878599761],[115.16834789240565,-8.76722780475364],[115.15746382398794,-8.779964227096293],[115.11371734716093,-8.800952506552003],[115.11328618807096,-8.801209978304462],[115.09261624567979,-8.81626589297862],[115.09221491622188,-8.816623293680783],[115.09189197554083,-8.817051284884606],[115.0916598693075,-8.81753337279042],[115.0915275427518,-8.818050978772344],[115.09150009588768,-8.818584155338801],[115.0922319845856,-8.833802158791823],[115.09230645961293,-8.83431420190514],[115.09247771199799,-8.83480304374611],[115.09273954538226,-8.835250995703916],[115.09308248566526,-8.835641848696964],[115.09349412379031,-8.835961459714229],[115.11196818788143,-8.847680530877211],[115.11235397411865,-8.84788440825848],[115.11276758289554,-8.84802530424536],[115.13384472002465,-8.8533963432097],[115.13440314120426,-8.853479506275708],[115.1572713063919,-8.85453751598228],[115.15755394574313,-8.854536228371678],[115.18107311583998,-8.85323322120149],[115.18157187390769,-8.85315985879803],[115.19573196832535,-8.84974283625515],[115.19609971460861,-8.849626536924381],[115.21424781841993,-8.842464490713242],[115.21467840769834,-8.842249562188288],[115.23046646871752,-8.832565504265297],[115.23096663303296,-8.83217239428048],[115.231361556495,-8.831675891039225],[115.23787151634133,-8.821177851621481],[115.23807720880636,-8.820774289176953],[115.2382124405101,-8.820342642035849],[115.23827347826087,-8.819894826986735],[115.24071413253756,-8.772368806487078],[115.24069774782045,-8.771904338577732],[115.24060158159136,-8.771449411203742],[115.23506746500411,-8.753220447221654],[115.2348732789494,-8.752747469323602],[115.23459308862937,-8.752318688075707],[115.23423676517898,-8.751949209068597],[115.23381686172725,-8.751652048685157],[115.2333481711533,-8.75143767556578],[115.23284720495712,-8.751313641828125],[115.23233161160178,-8.751284317029995],[115.2318195548137,-8.751350734244715],[115.23132907373683,-8.751510553670014],[115.21326317121118,-8.759322503916799],[115.21276580035455,-8.759601692535583],[115.21233757727644,-8.759976480553433],[115.21199700659109,-8.760430672613431],[115.21175880543052,-8.760944642087324],[115.21163326745211,-8.761496179153529],[115.21162581796385,-8.762061450510279],[115.2117367794018,-8.762616029257854],[115.21196135730698,-8.763135950449197],[115.22107628478169,-8.779331005557932],[115.22131890853584,-8.779691240253234],[115.22161627973502,-8.780008878598805],[115.22398013214662,-8.782161635450878],[115.22089467148159,-8.784978801142653],[115.20799575970436,-8.768424178736764],[115.20595018847254,-8.747512860507658],[115.2144136820465,-8.730584754648845],[115.2325877146043,-8.723376170770543],[115.25466280152312,-8.71723166578219],[115.255121126311,-8.717059193686962],[115.25554119149739,-8.716809029676625],[115.2559096501361,-8.716489122387783],[115.27080164391698,-8.701026046862612],[115.27123159018372,-8.700439762988639],[115.29304814032439,-8.660362728726485],[115.32440884626192,-8.625873639895262],[115.36526482593179,-8.59938553888219],[115.49973102704347,-8.550990335698014],[115.50015820287095,-8.550794044580481],[115.50054523751206,-8.55052854325925],[115.51771626670902,-8.536449467073101],[115.51809408517919,-8.536072352669978],[115.51839062016029,-8.535629835608207],[115.51859457218619,-8.535138778442967],[115.52523316655454,-8.513294260652076],[115.53439511632514,-8.509198574315963],[115.60504073284409,-8.503783352287234],[115.60558838842968,-8.503685455455466],[115.60610489532797,-8.503480502041963],[115.60656909534349,-8.503176887788163],[115.61723011418226,-8.494550840868152],[115.61751102459824,-8.494288907308245],[115.64164651072619,-8.46838273487082],[115.6598468805699,-8.457846003859425],[115.6601973808816,-8.457605106525506],[115.69242343721349,-8.431562964970096],[115.69264607377043,-8.43136191756512],[115.70290007106175,-8.421026866947752],[115.70330563614284,-8.420504095815465],[115.7035721813658,-8.419900173505946],[115.71683690867486,-8.37595508785353],[115.71693688645627,-8.375460088514018],[115.71694267167322,-8.374955336053924],[115.71685406536639,-8.374458221039829],[115.71667412068615,-8.373985870835224],[115.71640903765416,-8.373554559509087],[115.69329696184707,-8.342792688119987],[115.69299335991684,-8.342452114632328],[115.6926367126813,-8.342166274803594],[115.65421674790734,-8.316310020491713],[115.62115855933177,-8.286880173861968]]},"properties":{"i":10,"t":0,"color":"#2f6f7e","alpha":1,"width":0.9}},{"type":"Feature","geometry":{"type":"LineString","coordinates":[[115.54890687421677,-8.663761526732813],[115.53467002751616,-8.670826170597902],[115.51813526895901,-8.667514654181872],[115.51764443290602,-8.667461047957966],[115.51715181058051,-8.66749505859332],[115.51667327626686,-8.667615590127722],[115.51622425030497,-8.667818758544799],[115.51581920221186,-8.66809801692328],[115.50523921919726,-8.676886969362933],[115.50484581706164,-8.677288872934557],[115.469201719408,-8.722129676875918],[115.46896970541964,-8.722472034871608],[115.46879268576735,-8.722845112019643],[115.46569963895398,-8.730901091718467],[115.46556440875368,-8.731382786993526],[115.46552066604617,-8.731880810027604],[115.46556988922794,-8.73237833295995],[115.46571041543393,-8.732858544763246],[115.46593749667723,-8.733305219282405],[115.46624346023944,-8.733703263518919],[115.46661796789788,-8.734039227632978],[115.4729659836684,-8.738759254376065],[115.47338879349431,-8.739018036320786],[115.47385182674454,-8.739197364901177],[115.48718413150866,-8.743028537800205],[115.50324361313157,-8.762630441672739],[115.50381092938838,-8.763151638618483],[115.55923109950467,-8.801237860391428],[115.55960716093223,-8.801454782306683],[115.56001313852283,-8.801610367859068],[115.58808931588668,-8.809911423877093],[115.5886064473614,-8.810012229669217],[115.5891335412227,-8.81001375406282],[115.58965126009974,-8.809915941134225],[115.59014061058186,-8.809722379322396],[115.59058364006617,-8.809440169772602],[115.59096409540996,-8.809079665803635],[115.60897794637734,-8.78838744183054],[115.62618239304418,-8.770799136758272],[115.62653673467747,-8.770351387698824],[115.62678915678644,-8.76984062004668],[115.62692863124892,-8.769289149705857],[115.62694906482513,-8.768721070818653],[115.62684956529309,-8.768161203059494],[115.6183763775195,-8.738879261009702],[115.6181564690466,-8.738343064921557],[115.61782677831174,-8.737864983383863],[115.60015766370039,-8.717332383777334],[115.59173459135191,-8.694726149936253],[115.59143838148586,-8.694152059410605],[115.57537530354007,-8.670456152915621],[115.57505890902948,-8.670070748803946],[115.57467692673463,-8.66974861284028],[115.57424208128225,-8.66950047592278],[115.57376885816782,-8.669334603897424],[115.55082000706814,-8.663556643110585],[115.55033546263172,-8.663479299795142],[115.5498447276619,-8.66348831392651],[115.54936342423868,-8.663583398548967],[115.54890687421677,-8.663761526732813]]},"properties":{"i":10,"t":0,"color":"#2f6f7e","alpha":1,"width":0.9}},{"type":"Feature","geometry":{"type":"LineString","coordinates":[[113.49725577007204,-7.706425017727602],[113.49725090791486,-8.413799630900634],[113.49731101061651,-8.414365472192792],[113.49748885794371,-8.414906553239785],[113.49777666284237,-8.415399181313381],[113.49816182333713,-8.415821785238304],[113.49862747428998,-8.416155859976016],[113.52581956990024,-8.431650962376535],[113.52635500891068,-8.431884916455378],[113.52692839435196,-8.43200145400316],[113.54059948752835,-8.433303470238922],[113.54125979701882,-8.433287511367862],[113.57258562309882,-8.428766921430174],[113.57740598398334,-8.431016374649001],[113.58849793336368,-8.443838642298818],[113.588881587178,-8.444203704622655],[113.59522859617508,-8.449167732854335],[113.59577763495939,-8.44950183669334],[113.5963902505837,-8.449700316034443],[113.62711251454144,-8.455828746200092],[113.63864276664424,-8.460770041096039],[113.65617850112062,-8.486479558902914],[113.656494874751,-8.486862864925687],[113.65687625351113,-8.487183128928589],[113.67103628661731,-8.497030188352458],[113.67162619685912,-8.497342037115555],[113.67227480453684,-8.497503798951572],[113.68863191516613,-8.499537820970172],[113.68924945738938,-8.499545475840884],[113.68985315398734,-8.499416648078894],[113.69938195063376,-8.496240714021413],[113.70663554361396,-8.495204255102182],[113.71801651593799,-8.502721387015798],[113.71906762776308,-8.507546164536947],[113.7170071270564,-8.52434467786156],[113.71699466736993,-8.52487341822364],[113.71708596009341,-8.525394538566486],[113.71727755170029,-8.525888322982606],[113.71756219392107,-8.526336089706733],[113.71792911792147,-8.526720897932055],[113.72208012055036,-8.53030191725417],[113.72258866411377,-8.53064944406757],[113.72316287228271,-8.530875863373991],[113.72377372637263,-8.530969732572318],[113.74159585136891,-8.531701746203044],[113.74198406932868,-8.531690540534651],[113.75101713311571,-8.530795538493022],[113.75154252889726,-8.530691603287636],[113.75203757085401,-8.530488900349125],[113.75248346493152,-8.530195125203356],[113.75630847418569,-8.527103108844576],[113.75665138660456,-8.52677266489207],[113.75693113377308,-8.52638841630511],[113.76209704612192,-8.517804013133903],[113.77478555156642,-8.510585832760311],[113.79135416958022,-8.505693779094079],[113.8052779108945,-8.503925839302482],[113.81123849719029,-8.509125206443777],[113.81613709613612,-8.542156609263147],[113.8162349476247,-8.54257871479733],[113.820873853897,-8.557145739823698],[113.82109117736665,-8.557646406881052],[113.82140509268069,-8.55809418178564],[113.82180299670132,-8.558471086703806],[113.82226891406373,-8.558761989122019],[113.82278413856639,-8.558955209435565],[113.82332798423029,-8.559042989905395],[113.82387861586808,-8.559021806149593],[113.82441392580927,-8.55889250865903],[113.82491242157047,-8.558660288653053],[113.82535408882062,-8.55833446964572],[113.8257211949829,-8.557928133092938],[113.82599900120228,-8.55745759315431],[113.82818512189071,-8.552719897706469],[113.8300664485202,-8.551142052154455],[113.83345221674901,-8.549142355386305],[113.83391614650287,-8.5487978597855],[113.8373125122426,-8.54567045774849],[113.85206087481164,-8.557238316730812],[113.85267803201555,-8.557603634874406],[113.8785571597396,-8.568671714886326],[113.87885568725063,-8.568779591565308],[113.9048168410531,-8.57651065349961],[113.9051569131516,-8.57658902213315],[113.9224090281147,-8.579437049003872],[113.92292073926802,-8.579473545928986],[113.92343040640934,-8.57941544221451],[113.93433548070416,-8.577137430850016],[113.93496028298404,-8.576926852776914],[113.95518918168945,-8.56729376867978],[113.9639640758022,-8.56531288604082],[113.97103847249059,-8.56912202371543],[113.970427129566,-8.579233350349783],[113.96659990361096,-8.592788995010764],[113.966516359252,-8.593211816086368],[113.9652952856496,-8.60379080328929],[113.96528488781726,-8.604297613211772],[113.96536982100663,-8.604797521090587],[113.9655471339087,-8.6052731536652],[113.96581066469466,-8.605707981247882],[113.97777361350126,-8.621821045981802],[113.97816734519634,-8.622247689684764],[113.97864334356197,-8.622582502847262],[113.97918013607735,-8.622810381722784],[113.9797535075806,-8.622921046437225],[113.98033759268274,-8.622909504754697],[113.99523069778218,-8.621038497603632],[113.99569713623397,-8.620938629602179],[113.99613909449047,-8.620760558608184],[114.01338502124996,-8.612016355861272],[114.03177052893778,-8.606981527658734],[114.0394793780691,-8.610407690492178],[114.04831988350611,-8.628322375751468],[114.04863399049793,-8.628816166624581],[114.04904740603934,-8.629232363472289],[114.04954110561324,-8.629551813467819],[114.0580861426572,-8.63386484277318],[114.05884197117416,-8.634117844910799],[114.09440520737009,-8.640546902554426],[114.0948254013839,-8.64059024018379],[114.10394046615384,-8.640834245352341],[114.10445270841441,-8.640800576438146],[114.10494970432048,-8.640673398870376],[114.1488121850495,-8.625002087236178],[114.17356295837062,-8.622656432919516],[114.18435406822778,-8.636519460070142],[114.18455568692914,-8.636750403314815],[114.19505367781319,-8.647492455821558],[114.19546208200362,-8.647835972171372],[114.19593014871047,-8.648094628721868],[114.19644008982216,-8.648258595577184],[114.19697252574935,-8.648321641376315],[114.19750722195636,-8.64828137012423],[114.19802385799478,-8.64813931225727],[114.2218679990365,-8.639025258842235],[114.22234654954363,-8.63878701071478],[114.26249543618985,-8.613673466381872],[114.30196855698782,-8.614617465191465],[114.348095335199,-8.634807647840708],[114.3827283210034,-8.66611889366552],[114.38899613901329,-8.699524764167284],[114.36769557793134,-8.724582700399269],[114.36742419995996,-8.724964041406192],[114.36722271238195,-8.725385591140716],[114.3670970377413,-8.725834959022139],[114.36424893497988,-8.74097193496405],[114.3642033607291,-8.741534921009285],[114.36427643794208,-8.74209506389693],[114.36446501487295,-8.742628201280867],[114.36476095749595,-8.743111335625475],[114.36515150030262,-8.74352362625053],[114.36561979690947,-8.743847288350677],[114.36614564673329,-8.744068360203155],[114.38811877963484,-8.750741411198339],[114.388617593153,-8.750844102917183],[114.38912701699827,-8.750854134402255],[114.44517085600225,-8.746810585301787],[114.4669201584441,-8.750779459982434],[114.55445515704577,-8.780498952464137],[114.55497333022116,-8.7806209369877],[114.55550558112883,-8.780641971383492],[114.59733588261177,-8.778281965049493],[114.59791221128675,-8.778188051873654],[114.59845550174136,-8.777976036652998],[114.59894127358051,-8.777655472694432],[114.59934763831365,-8.777240804444265],[114.62693457062711,-8.742328649420694],[114.62723872512589,-8.741847542926141],[114.62743527073089,-8.741314539584886],[114.62751565457972,-8.740752834771564],[114.62841147668586,-8.716175822649273],[114.62837711148983,-8.715638549486107],[114.62823634079518,-8.715118498837755],[114.62799468183485,-8.714636051506202],[114.61790361796876,-8.698686109388893],[114.61750788007211,-8.69819670333942],[114.60564434211669,-8.686571328666515],[114.59991117460825,-8.674554029818518],[114.59966067515703,-8.674132111651645],[114.59135963882254,-8.662657157692934],[114.59099651082776,-8.662248653018795],[114.5905584183408,-8.661919746326253],[114.59006288149553,-8.661683591065556],[114.53723720730642,-8.642673124092774],[114.51228753245617,-8.62609410611775],[114.51186636172112,-8.625864324284587],[114.51141113828524,-8.62571059969987],[114.49871521914817,-8.622617623999135],[114.49814742683162,-8.622540098930331],[114.47858197349431,-8.621903864416277],[114.4627105013564,-8.616000360642701],[114.4474966958691,-8.601098206165224],[114.43538403016899,-8.581464817323528],[114.42887586557968,-8.562020698859818],[114.43016815350776,-8.496893294863746],[114.43014520708284,-8.496485390325672],[114.42591398381771,-8.464665410324669],[114.4257769903222,-8.46410456905826],[114.42552344588033,-8.463584939160771],[114.42516476496365,-8.463129913243128],[114.40758675145482,-8.44514500054428],[114.40717482665912,-8.444799085478634],[114.40670245353867,-8.444539543609409],[114.40618787968619,-8.444376400866078],[114.40565098278341,-8.444315959325195],[114.40511250277697,-8.444360553781967],[114.40459324075671,-8.444508461566999],[114.40411325547376,-8.444753969090437],[114.40369108852714,-8.445087592543384],[114.40334304814107,-8.445496444233095],[114.4030825791945,-8.445964730404238],[114.40291974383608,-8.446474361320156],[114.40286083274968,-8.447005650041579],[114.4023736485604,-8.491570543384926],[114.39856476420064,-8.51582524732213],[114.38872688493878,-8.524745181031847],[114.37925958959875,-8.51792876219233],[114.37612430560928,-8.498202780472127],[114.37434026871948,-8.453113641279653],[114.3742554872068,-8.45254175744832],[114.3740504193918,-8.452000515884599],[114.3627476683879,-8.429717411432842],[114.36068883225029,-8.41896443962759],[114.36138146498837,-8.409491862740829],[114.3662259652904,-8.386723056171077],[114.36627539674781,-8.386388882712962],[114.36870388141435,-8.357564040482526],[114.40746996831423,-8.159016101838453],[114.44942678824638,-8.015008565299695],[114.44953416881545,-8.014282660505888],[114.45002184338108,-7.966594643489556],[114.44993603824918,-7.965892094733401],[114.44814599458101,-7.958974104712222],[114.4480349325229,-7.958637673703724],[114.44516896313334,-7.951554052242382],[114.4430288759305,-7.943449549034685],[114.44317916992489,-7.933026117752926],[114.44706117778598,-7.921913889229981],[114.45961919910489,-7.904075368347452],[114.45993954526948,-7.903470171323378],[114.46278850540986,-7.895902151501648],[114.46293232283296,-7.895347520678951],[114.46919804986149,-7.853111467153503],[114.46922532376867,-7.852816987918627],[114.47003917800164,-7.8310879763079395],[114.47001406350498,-7.830606678165106],[114.46990357812676,-7.830137325748574],[114.46282345276008,-7.808816366064667],[114.4625748786407,-7.808275544528783],[114.46221366613977,-7.8078011191565935],[114.44797165200652,-7.792827188759287],[114.44765692662,-7.792543858162635],[114.44730180893785,-7.792312086232486],[114.4083222862593,-7.770961615241505],[114.39071314888467,-7.756006450342051],[114.39016345880933,-7.755643337648875],[114.3823504911355,-7.751736362927971],[114.38186311945894,-7.751547972706792],[114.38134853123056,-7.751454627705451],[114.36987460585485,-7.750478637765043],[114.36949739875519,-7.750472331754945],[114.34755357906461,-7.751601454977451],[114.33502685600767,-7.750505697297504],[114.32638246749336,-7.747775503781259],[114.31178330464859,-7.73851373671537],[114.27552488267372,-7.703550341600417],[114.27504855859756,-7.7031827862590365],[114.27450266665242,-7.702927321013634],[114.25944774623342,-7.697800358090186],[114.25882397122182,-7.697665722091232],[114.25818569423794,-7.697677545846831],[114.23645683570874,-7.700607533307645],[114.2361178710692,-7.7006750123576415],[114.19565062873369,-7.7113958454387435],[114.17277575657224,-7.710769186950575],[114.14184336572565,-7.6985070757999186],[114.11895039368603,-7.678714506328748],[114.07947642156043,-7.629108424113758],[114.07913283465538,-7.628749304311443],[114.07872927394206,-7.628457838240123],[114.04699137594193,-7.609658954131918],[114.04653101040778,-7.609441008443682],[114.04603790081929,-7.6093113022056675],[114.04552909708666,-7.609274320151985],[114.04502219172632,-7.609331340961353],[114.01556237720474,-7.615435311533481],[114.01512557754226,-7.615564122882674],[114.0147163258524,-7.61576282089613],[114.01434591403871,-7.61602592319132],[113.9436374142059,-7.675637122810968],[113.9298339635502,-7.681189961304137],[113.90946711512764,-7.683391110652618],[113.88666956003335,-7.680373048758096],[113.87045176733031,-7.675394652519307],[113.86982072096481,-7.675278778581226],[113.85492781753047,-7.674302791730455],[113.85442732301293,-7.674315340850441],[113.85393747017567,-7.674417792622435],[113.85347456560918,-7.674606736537489],[113.835896647493,-7.683720686857063],[113.8354450733713,-7.684014254444165],[113.8350602852238,-7.684389788207315],[113.81460420047637,-7.708727528183403],[113.80256053059061,-7.719303662785244],[113.78576269153587,-7.723559865631324],[113.76371986138663,-7.720187127334038],[113.72393776332265,-7.705713613087315],[113.72318689191916,-7.705553810778961],[113.70015704122982,-7.703925832846466],[113.69969438416122,-7.703931862291464],[113.69923933498825,-7.704014823562451],[113.69020639059158,-7.706456811508588],[113.68980081117209,-7.706601210868372],[113.67024890355626,-7.71533493716491],[113.6589051913123,-7.717390208332815],[113.52899035080762,-7.69768439996198],[113.52858743486502,-7.6976530505011675],[113.5281842492425,-7.697680675708269],[113.50417740653721,-7.701098665227394],[113.50366559740544,-7.701222128456467],[113.50318704004584,-7.701440213762485],[113.49861905978233,-7.704075199717389],[113.498157640676,-7.7044096470365],[113.49777619301345,-7.704831575885836],[113.49749127458237,-7.705322671542853],[113.49731525325116,-7.705861616895081],[113.49725577007204,-7.706425017727602]]},"properties":{"i":10,"t":0,"color":"#2f6f7e","alpha":1,"width":0.9}}]}